ky,energy,edge_weight,ZA_expect,ZB_expect
-3.141592653589793116e+00,-8.872575802893820640e-01,4.315166383321084043e-01,3.760880495917716992e-15,1.000000000000000222e+00
-3.141592653589793116e+00,-8.872575802893813979e-01,4.315166383321078492e-01,2.359223927328438913e-16,-9.999999999999988898e-01
-3.141592653589793116e+00,-8.865195041006971310e-01,4.328194703932664589e-01,4.829470157119430951e-15,1.000000000000001110e+00
-3.141592653589793116e+00,-8.865195041006969090e-01,4.328194703932650711e-01,1.720845688165838180e-15,-9.999999999999993339e-01
-3.141592653589793116e+00,-7.748968435168608337e-01,1.000000000000000000e+00,2.775557561562767105e-16,1.000000000000000000e+00
-3.141592653589793116e+00,-7.748968435168601676e-01,1.000000000000000000e+00,1.110223024625156540e-16,-1.000000000000000000e+00
-3.141592653589793116e+00,-7.414624922443979749e-01,9.999999999999990008e-01,1.011421550792984680e-02,-9.999999999999990008e-01
-3.141592653589793116e+00,-7.413851080893506529e-01,1.000000000000001998e+00,-5.551115209106204115e-17,1.000000000000001998e+00
-3.141592653589793116e+00,-7.413851080893499867e-01,9.999999999999991118e-01,5.828670879282060990e-16,-9.999999999999991118e-01
-3.141592653589793116e+00,-7.358737840843405653e-01,9.999999999999993339e-01,-1.665334536937735304e-16,9.999999999999993339e-01
-3.141592653589793116e+00,-7.358737840843394551e-01,9.999999999999986677e-01,3.885780586177256767e-16,-9.999999999999986677e-01
-3.141592653589793116e+00,-6.871703107777256125e-01,1.000000000000000666e+00,4.777446740944162051e-02,1.000000000000000666e+00
-3.141592653589793116e+00,-3.055326423716111517e-01,9.999999999999998890e-01,-3.330669073875471100e-16,9.999999999999998890e-01
-3.141592653589793116e+00,-3.055326423716110407e-01,9.999999999999997780e-01,2.775557561562891351e-17,-9.999999999999997780e-01
-3.141592653589793116e+00,-2.529265820740485560e-01,9.999999999999993339e-01,-1.999600119960004418e-02,-9.999999999999993339e-01
-3.141592653589793116e+00,-1.441234776010709984e-01,1.000000000000000666e+00,-9.950371902099908183e-02,1.000000000000000666e+00
-3.141592653589793116e+00,1.944673576283889871e-01,1.000000000000000222e+00,1.665334536937734811e-16,1.000000000000000222e+00
-3.141592653589793116e+00,1.944673576283894312e-01,9.999999999999995559e-01,-3.330669073875469621e-16,-9.999999999999995559e-01
-3.141592653589793116e+00,2.471734079279510055e-01,1.000000000000000000e+00,1.999600119959918376e-02,-1.000000000000000000e+00
-3.141592653589793116e+00,3.583703034549738375e-01,1.000000000000000666e+00,9.950371902099905408e-02,1.000000000000000666e+00
-3.141592653589793116e+00,7.260713706696756420e-01,9.999999999999984457e-01,1.942448867796344421e-16,9.999999999999984457e-01
-3.141592653589793116e+00,7.260713706696757530e-01,1.000000000000000444e+00,-5.551115123125782702e-17,-1.000000000000000444e+00
-3.141592653589793116e+00,7.586185382715961989e-01,9.999999999999990008e-01,8.049116807325736988e-16,9.999999999999990008e-01
-3.141592653589793116e+00,7.586185382715967540e-01,1.000000000000000222e+00,4.718447854656910366e-16,-1.000000000000000222e+00
-3.141592653589793116e+00,7.586524221030676030e-01,9.999999999999988898e-01,-9.884839705344539151e-03,-9.999999999999988898e-01
-3.141592653589793116e+00,7.641612879602733832e-01,9.999999999999993339e-01,1.110223024623474171e-16,-9.999999999999993339e-01
-3.141592653589793116e+00,7.641612879602743824e-01,1.000000000000000888e+00,-2.636779683484765519e-16,1.000000000000000888e+00
-3.141592653589793116e+00,8.143053756559467393e-01,1.000000000000000444e+00,-5.210695329888065386e-02,1.000000000000000444e+00
-3.141592653589793116e+00,8.784788902960929402e-01,4.444803817470729390e-01,1.582067810090845704e-15,-1.000000000000000222e+00
-3.141592653589793116e+00,8.784788902960930512e-01,4.444803817470729390e-01,-8.049116928532394779e-16,1.000000000000000000e+00
-3.141592653589793116e+00,8.791545112818511809e-01,4.431660226824574722e-01,-2.942091015256664832e-15,1.000000000000000222e+00
-3.141592653589793116e+00,8.791545112818512919e-01,4.431660226824578053e-01,-8.326672685125638900e-17,-1.000000000000000888e+00
-3.106686068549906476e+00,-8.879450967284719942e-01,4.315916616933689887e-01,-1.230309171796110284e-03,9.999999997059720869e-01
-3.106686068549906476e+00,-8.879450967284718832e-01,4.315916616933690997e-01,1.230309171801950013e-03,-9.999999997059717538e-01
-3.106686068549906476e+00,-8.872073642406558269e-01,4.328784135624533236e-01,-1.979283328425512131e-03,-1.000000000000000666e+00
-3.106686068549906476e+00,-8.872073642405122751e-01,4.328784135616882689e-01,1.979283329223654932e-03,9.999999999999995559e-01
-3.106686068549906476e+00,-7.757049991053179827e-01,9.999999999971614928e-01,4.342065890273777429e-03,-9.999999999999998890e-01
-3.106686068549906476e+00,-7.757049991053172056e-01,9.999999999971619369e-01,-4.342065890273319462e-03,1.000000000000000222e+00
-3.106686068549906476e+00,-7.421963240618767443e-01,9.999995422405313361e-01,-2.666352846572403088e-04,9.999999999999932276e-01
-3.106686068549906476e+00,-7.421963240618754121e-01,9.999995422405301149e-01,2.666352846548985947e-04,-9.999999999999924505e-01
-3.106686068549906476e+00,-7.421616497956783354e-01,9.999999999982642773e-01,8.516958742920599859e-03,-9.999999999999996669e-01
-3.106686068549906476e+00,-7.366848674180049850e-01,9.999995485218053926e-01,8.275264678644328291e-04,-1.000000000000000222e+00
-3.106686068549906476e+00,-7.366848317727262563e-01,9.999995485218493574e-01,-8.271927324315260510e-04,9.999999999999984457e-01
-3.106686068549906476e+00,-6.886259407831154533e-01,9.999999999991137090e-01,4.176850044490539038e-02,9.999999999999991118e-01
-3.106686068549906476e+00,-3.079565507819514436e-01,1.000000000000000444e+00,-1.382574194007435420e-01,1.000000000000000444e+00
-3.106686068549906476e+00,-3.079565507819513881e-01,1.000000000000001554e+00,1.382574194007435420e-01,-1.000000000000001554e+00
-3.106686068549906476e+00,-2.560402455354094386e-01,9.999999999999998890e-01,-1.576034945980112068e-01,-9.999999999999998890e-01
-3.106686068549906476e+00,-1.430723189405184170e-01,9.999999999999998890e-01,3.956706669222725958e-02,9.999999999999998890e-01
-3.106686068549906476e+00,1.968913483045596768e-01,9.999999999999998890e-01,1.382574271098874485e-01,9.999999999999998890e-01
-3.106686068549906476e+00,1.968913483045598711e-01,1.000000000000000444e+00,-1.382574271098865326e-01,-1.000000000000000444e+00
-3.106686068549906476e+00,2.502871017118394881e-01,1.000000000000000666e+00,1.576034983416841340e-01,-1.000000000000000666e+00
-3.106686068549906476e+00,3.573190301678573211e-01,9.999999999999997780e-01,-3.956707333087176870e-02,9.999999999999997780e-01
-3.106686068549906476e+00,7.268794773089923833e-01,9.999999999985558219e-01,4.342203740971550818e-03,-9.999999999999994449e-01
-3.106686068549906476e+00,7.268794773089929384e-01,9.999999999985572652e-01,-4.342203740971273263e-03,1.000000000000000888e+00
-3.106686068549906476e+00,7.593435454838443066e-01,9.999999999976244558e-01,-1.149140163517524925e-02,-9.999999999999986677e-01
-3.106686068549906476e+00,7.594296888530603917e-01,9.999995068904722340e-01,-2.664595686443496300e-04,9.999999999999927836e-01
-3.106686068549906476e+00,7.594296888530607248e-01,9.999995068904733442e-01,2.664595686438869467e-04,-9.999999999999938938e-01
-3.106686068549906476e+00,7.649723347707159116e-01,9.999994987545504088e-01,8.277074583390202833e-04,-9.999999999999991118e-01
-3.106686068549906476e+00,7.649723662209264585e-01,9.999994987544259528e-01,-8.272471193111236194e-04,9.999999999999985567e-01
-3.106686068549906476e+00,8.156095007649117878e-01,9.999999999913989912e-01,-5.819545027427792255e-02,1.000000000000000000e+00
-3.106686068549906476e+00,8.791664927557506504e-01,4.444024062138054454e-01,-8.470147962510910303e-03,-9.999999964077191938e-01
-3.106686068549906476e+00,8.791664927557507614e-01,4.444024062138051123e-01,8.470147962506915235e-03,9.999999964077186387e-01
-3.106686068549906476e+00,8.798425047542111077e-01,4.431032102387933436e-01,7.757088699600241111e-03,-1.000000000000000222e+00
-3.106686068549906476e+00,8.798425047547226985e-01,4.431032102450042642e-01,-7.757088702893278828e-03,1.000000000000000888e+00
-3.071779483510019837e+00,-8.899886858924986877e-01,4.317824127414909841e-01,2.426376865669348324e-03,-9.949732329807893239e-01
-3.071779483510019837e+00,-8.899886858924985766e-01,4.317824127414900959e-01,-2.426376865672242276e-03,9.949732329807883247e-01
-3.071779483510019837e+00,-8.892516138425916594e-01,4.330190288158628498e-01,-3.936187758615123690e-03,-1.000000000000000444e+00
-3.071779483510019837e+00,-8.892516138063182307e-01,4.330190286209695261e-01,3.936187932051470571e-03,1.000000000000000222e+00
-3.071779483510019837e+00,-7.781236105874442810e-01,9.999999992757350187e-01,-8.676586134503259246e-03,1.000000000000001110e+00
-3.071779483510019837e+00,-7.781236105874442810e-01,9.999999992757331313e-01,8.676586134504116199e-03,-9.999999999999992228e-01
-3.071779483510019837e+00,-7.446170330581730612e-01,9.999926886472400023e-01,-5.349470123820063627e-04,9.999999823740280958e-01
-3.071779483510019837e+00,-7.446170330581723951e-01,9.999926886472407794e-01,5.349470123814098347e-04,-9.999999823740284288e-01
-3.071779483510019837e+00,-7.444782183467205661e-01,9.999999995546933196e-01,6.921482830904881860e-03,-9.999999999999991118e-01
-3.071779483510019837e+00,-7.391050191997672325e-01,9.999927911437862527e-01,1.664505603855698668e-03,-1.000000000000000444e+00
-3.071779483510019837e+00,-7.391044454808657349e-01,9.999927911536852232e-01,-1.658792101788786246e-03,1.000000000000000888e+00
-3.071779483510019837e+00,-6.916788608527053572e-01,9.999999997726518597e-01,3.582353641982773118e-02,1.000000000000000000e+00
-3.071779483510019837e+00,-3.150776896450836473e-01,9.999999999999993339e-01,-2.687621521289462745e-01,1.000000000000000000e+00
-3.071779483510019837e+00,-3.150776896450835363e-01,9.999999999999995559e-01,2.687621521289481619e-01,-1.000000000000000000e+00
-3.071779483510019837e+00,-2.638103184300763515e-01,9.999999999999993339e-01,-2.864939649012626099e-01,-9.999999999999997780e-01
-3.071779483510019837e+00,-1.468483187961936165e-01,9.999999999999994449e-01,1.762269346589005747e-01,9.999999999999998890e-01
-3.071779483510019837e+00,2.040137204640763979e-01,9.999999999999991118e-01,2.687623985519806413e-01,9.999999999999995559e-01
-3.071779483510019837e+00,2.040137204640768975e-01,1.000000000000001332e+00,-2.687623985519816405e-01,-1.000000000000001554e+00
-3.071779483510019837e+00,2.580576298240633282e-01,1.000000000000000222e+00,2.864940703376698816e-01,-1.000000000000000444e+00
-3.071779483510019837e+00,3.610933241488394896e-01,9.999999999999992228e-01,-1.762268705397442570e-01,9.999999999999998890e-01
-3.071779483510019837e+00,7.292973504805430052e-01,9.999999996330311003e-01,-8.680977174216340450e-03,9.999999999999977796e-01
-3.071779483510019837e+00,7.292973504805435603e-01,9.999999996330336538e-01,8.680977174215995240e-03,-1.000000000000000000e+00
-3.071779483510019837e+00,7.616516928966570177e-01,9.999999994037026552e-01,-1.312063908239481831e-02,-9.999999999999990008e-01
-3.071779483510019837e+00,7.618494221001045341e-01,9.999921024901274880e-01,5.293486461216684444e-04,-9.999999979713878329e-01
-3.071779483510019837e+00,7.618494221001047562e-01,9.999921024901267108e-01,-5.293486461210062137e-04,9.999999979713872778e-01
-3.071779483510019837e+00,7.673919395789192688e-01,9.999919680620183993e-01,1.669641089266411240e-03,-9.999999999999995559e-01
-3.071779483510019837e+00,7.673924332976168605e-01,9.999919680345059625e-01,-1.662329424938199362e-03,9.999999999999993339e-01
-3.071779483510019837e+00,8.185120668367851238e-01,9.999999977704948639e-01,-6.431375118430357474e-02,9.999999999999997780e-01
-3.071779483510019837e+00,8.812111088609584364e-01,4.441377087569480242e-01,1.689140363602453787e-02,9.993375271594624465e-01
-3.071779483510019837e+00,8.812111088609591025e-01,4.441377087569479132e-01,-1.689140363601548608e-02,-9.993375271594616693e-01
-3.071779483510019837e+00,8.818886190312483775e-01,4.428856728236436613e-01,1.547739797455875525e-02,-9.999999999999981126e-01
-3.071779483510019837e+00,8.818886191642710815e-01,4.428856744470806572e-01,-1.547739891686500391e-02,9.999999999999998890e-01
-3.036872898470133197e+00,-8.933320020435004949e-01,4.319856467735019856e-01,3.518260108087192025e-03,-9.735683927527385428e-01
-3.036872898470133197e+00,-8.933320020435002728e-01,4.319856467735019856e-01,-3.518260108084809816e-03,9.735683927527380987e-01
-3.036872898470133197e+00,-8.925948037315198924e-01,4.331324279485785356e-01,-5.860952218302835880e-03,-9.999999999999983347e-01
-3.036872898470133197e+00,-8.925948028144711222e-01,4.331324229868341869e-01,5.860955887422056136e-03,9.999999999999988898e-01
-3.036872898470133197e+00,-7.821353247256307428e-01,9.999999815234567047e-01,-1.298810924770916683e-02,9.999999999976477705e-01
-3.036872898470133197e+00,-7.821353247256304098e-01,9.999999815234561495e-01,1.298810924770985031e-02,-9.999999999976469933e-01
-3.036872898470133197e+00,-7.486088696557149369e-01,9.999630911088505103e-01,-8.144678846869305181e-04,9.999939281738488006e-01
-3.036872898470133197e+00,-7.486088696557149369e-01,9.999630911088516205e-01,8.144678846864597576e-04,-9.999939281738501329e-01
-3.036872898470133197e+00,-7.483951153137206047e-01,9.999999886008117400e-01,5.306087221842218336e-03,-9.999999999999982236e-01
-3.036872898470133197e+00,-7.430954142200524304e-01,9.999636271223736328e-01,2.532052188549959847e-03,-9.999999999999997780e-01
-3.036872898470133197e+00,-7.430925061968861600e-01,9.999636273326296676e-01,-2.501589654601547690e-03,9.999999999999992228e-01
-3.036872898470133197e+00,-6.963054776589289174e-01,9.999999941878253695e-01,2.995384544526520990e-02,1.000000000000000222e+00
-3.036872898470133197e+00,-3.264834008715896130e-01,9.999999999999227285e-01,-3.857676963013091931e-01,9.999999999847138943e-01
-3.036872898470133197e+00,-3.264834008715895575e-01,9.999999999999223954e-01,3.857676963013092486e-01,-9.999999999847137833e-01
-3.036872898470133197e+00,-2.757972959619599540e-01,9.999999999999349409e-01,-4.013057094852652829e-01,-1.000000000000000222e+00
-3.036872898470133197e+00,-1.552072415038491804e-01,9.999999999999534817e-01,3.031637641162308050e-01,9.999999999999992228e-01
-3.036872898470133197e+00,2.154247700375995223e-01,9.999999999999474865e-01,3.857695637654890430e-01,9.999999999187079158e-01
-3.036872898470133197e+00,2.154247700375997443e-01,9.999999999999458211e-01,-3.857695637654882104e-01,-9.999999999187063615e-01
-3.036872898470133197e+00,2.700465806431360805e-01,9.999999999999374944e-01,4.013064740479067027e-01,-9.999999999999991118e-01
-3.036872898470133197e+00,3.694449215507281670e-01,9.999999999999102940e-01,-3.031626098227195865e-01,1.000000000000000222e+00
-3.036872898470133197e+00,7.333058336637019448e-01,9.999999907007239841e-01,1.302120165400058593e-02,-9.999999999583337740e-01
-3.036872898470133197e+00,7.333058336637026109e-01,9.999999907007262046e-01,-1.302120165400126074e-02,9.999999999583361054e-01
-3.036872898470133197e+00,7.655587661121768805e-01,9.999999850377008226e-01,-1.480981776711649128e-02,-9.999999999999992228e-01
-3.036872898470133197e+00,7.658370717260974958e-01,9.999599520762710858e-01,-7.722671743195047784e-04,9.999996663933821139e-01
-3.036872898470133197e+00,7.658370717260974958e-01,9.999599520762714189e-01,7.722671743197725763e-04,-9.999996663933823360e-01
-3.036872898470133197e+00,7.713799716050659949e-01,9.999592355606022887e-01,2.569929136320180715e-03,-9.999999999999991118e-01
-3.036872898470133197e+00,7.713824130680974056e-01,9.999592349566944760e-01,-2.532830599713547723e-03,1.000000000000000000e+00
-3.036872898470133197e+00,8.229920906361049004e-01,9.999999419597208616e-01,-7.042388778332565880e-02,9.999999999999998890e-01
-3.036872898470133197e+00,8.845586985008634384e-01,4.435947254712606647e-01,2.464394870096374424e-02,9.762260831143000361e-01
-3.036872898470133197e+00,8.845586985008638825e-01,4.435947254712606647e-01,-2.464394870096387954e-02,-9.762260831142997031e-01
-3.036872898470133197e+00,8.852397788327043271e-01,4.424267830940689650e-01,2.310807883623221259e-02,-9.999999999999994449e-01
-3.036872898470133197e+00,8.852397822987003728e-01,4.424268257775792468e-01,-2.310810564615304805e-02,1.000000000000000222e+00
-3.001966313430246558e+00,-8.978829246140603848e-01,4.320283635714662895e-01,1.028658814095517997e-03,-2.158351732488937857e-01
-3.001966313430246558e+00,-8.978829246140602738e-01,4.320283635714660120e-01,-1.028658814098466160e-03,2.158351732488944241e-01
-3.001966313430246558e+00,-8.971430381695282286e-01,4.330368492863753138e-01,-7.768434064093296051e-03,-1.000000000000000444e+00
-3.001966313430246558e+00,-8.971430291377417987e-01,4.330368001574510517e-01,7.768463039306941140e-03,9.999999999999994449e-01
-3.001966313430246558e+00,-7.877118974729743206e-01,9.999998163477482604e-01,1.724602796829216578e-02,-9.999999998027944148e-01
-3.001966313430246558e+00,-7.877118974729739875e-01,9.999998163477482604e-01,-1.724602796829240517e-02,9.999999998027939707e-01
-3.001966313430246558e+00,-7.541093604096535952e-01,9.998837922665172462e-01,-1.129728561513467216e-03,9.999939995054147879e-01
-3.001966313430246558e+00,-7.541093604096534841e-01,9.998837922665172462e-01,1.129728561512262667e-03,-9.999939995054148989e-01
-3.001966313430246558e+00,-7.538839013728153571e-01,9.999998866296686550e-01,3.643571036075499321e-03,-1.000000000000001998e+00
-3.001966313430246558e+00,-7.485928661420067076e-01,9.998855644201374293e-01,3.455168414260921354e-03,-1.000000000000001998e+00
-3.001966313430246558e+00,-7.485837075208754410e-01,9.998855661577631393e-01,-3.355747538982631600e-03,9.999999999999998890e-01
-3.001966313430246558e+00,-7.024701808006172943e-01,9.999999423638542551e-01,2.416803039563607258e-02,9.999999999999998890e-01
-3.001966313430246558e+00,-3.415943486648807537e-01,9.999999999975387466e-01,4.864502178425383905e-01,-9.999999999999998890e-01
-3.001966313430246558e+00,-3.415943486648800320e-01,9.999999999975377474e-01,-4.864502178425371137e-01,9.999999999999988898e-01
-3.001966313430246558e+00,-2.914102614408612957e-01,9.999999999979417575e-01,-4.996211902349309564e-01,-1.000000000000001110e+00
-3.001966313430246558e+00,-1.676725569442069630e-01,9.999999999986119992e-01,4.154876549580696632e-01,9.999999999999994449e-01
-3.001966313430246558e+00,2.305500645236547852e-01,9.999999999983575361e-01,-4.864580618101840281e-01,-9.999999999999997780e-01
-3.001966313430246558e+00,2.305500645236548962e-01,9.999999999983592014e-01,4.864580618101841392e-01,1.000000000000001554e+00
-3.001966313430246558e+00,2.856648566304241799e-01,9.999999999980664356e-01,4.996243336152628722e-01,-1.000000000000000666e+00
-3.001966313430246558e+00,3.818907081068019238e-01,9.999999999971468378e-01,-4.154814920504658615e-01,1.000000000000000222e+00
-3.001966313430246558e+00,7.388735912354449376e-01,9.999999084782663639e-01,1.738402128459133611e-02,-9.999999968364233771e-01
-3.001966313430246558e+00,7.388735912354450486e-01,9.999999084782659198e-01,-1.738402128459103774e-02,9.999999968364227110e-01
-3.001966313430246558e+00,7.710346106458989546e-01,9.999998538501750911e-01,-1.663134806070625665e-02,-1.000000000000001554e+00
-3.001966313430246558e+00,7.713264526277717748e-01,9.998731232920781142e-01,9.536408672890277693e-04,-9.999731499668846890e-01
-3.001966313430246558e+00,7.713264526277721078e-01,9.998731232920786693e-01,-9.536408672888419371e-04,9.999731499668849111e-01
-3.001966313430246558e+00,7.768710934403889601e-01,9.998706978822220481e-01,3.616382970280461896e-03,-1.000000000000000444e+00
-3.001966313430246558e+00,7.768785968741903636e-01,9.998706928222335089e-01,-3.495621561144870992e-03,1.000000000000001554e+00
-3.001966313430246558e+00,8.290181754754960552e-01,9.999994078675090714e-01,-7.646059970922182425e-02,1.000000000000000888e+00
-3.001966313430246558e+00,8.891209950077777480e-01,4.426236513363750458e-01,-2.341555949414795851e-03,-7.008404867169565344e-02
-3.001966313430246558e+00,8.891209950077777480e-01,4.426236513363748792e-01,2.341555949413294015e-03,7.008404867169351626e-02
-3.001966313430246558e+00,8.898092636461042426e-01,4.415843488158850416e-01,3.056482208448433810e-02,-1.000000000000000222e+00
-3.001966313430246558e+00,8.898092989268097108e-01,4.415847893375047239e-01,-3.056511789784456534e-02,9.999999999999988898e-01
-2.967059728390360362e+00,-9.035162655471308257e-01,4.316665452578046236e-01,-5.881083232445923244e-03,9.905739675803019173e-01
-2.967059728390360362e+00,-9.035162655471307147e-01,4.316665452578051232e-01,5.881083232443897954e-03,-9.905739675803021393e-01
-2.967059728390360362e+00,-9.027688978169905454e-01,4.324791220439671569e-01,-9.707816069431711437e-03,-9.999999999999997780e-01
-2.967059728390360362e+00,-9.027688447495414437e-01,4.324788321203297259e-01,9.707943729515550527e-03,1.000000000000001332e+00
-2.967059728390360362e+00,-7.948151055749423932e-01,9.999989092592883599e-01,2.139909271657433609e-02,-9.999999999806161721e-01
-2.967059728390360362e+00,-7.948151055749417271e-01,9.999989092592896922e-01,-2.139909271657437079e-02,9.999999999806173934e-01
-2.967059728390360362e+00,-7.610340102867539924e-01,9.997175883656410633e-01,-1.525423354240764253e-03,9.999993836625553634e-01
-2.967059728390360362e+00,-7.610340102867527712e-01,9.997175883656386208e-01,1.525423354238771489e-03,-9.999993836625533650e-01
-2.967059728390360362e+00,-7.609056486324888846e-01,9.999993287355939398e-01,1.912682312064794546e-03,-9.999999999999986677e-01
-2.967059728390360362e+00,-7.555119792471142182e-01,9.997221709676660240e-01,4.450921873995390861e-03,-9.999999999999998890e-01
-2.967059728390360362e+00,-7.554898039743728200e-01,9.997221797250249731e-01,-4.204866340200091868e-03,1.000000000000000000e+00
-2.967059728390360362e+00,-7.101262394578123915e-01,9.999996603144922780e-01,1.846059725440968302e-02,9.999999999999995559e-01
-2.967059728390360362e+00,-3.597701539839113782e-01,9.999999999637327885e-01,5.705844421999102245e-01,-9.999999999999986677e-01
-2.967059728390360362e+00,-3.597701539839112117e-01,9.999999999637346759e-01,-5.705844421999097804e-01,1.000000000000000888e+00
-2.967059728390360362e+00,-3.100105592019393730e-01,9.999999999700390774e-01,-5.815112866106456613e-01,-9.999999999999995559e-01
-2.967059728390360362e+00,-1.836392516398981656e-01,9.999999999807043238e-01,5.112368204929967908e-01,9.999999999999992228e-01
-2.967059728390360362e+00,2.487560410539143285e-01,9.999999999766390202e-01,-5.706082626031796501e-01,-9.999999999999990008e-01
-2.967059728390360362e+00,2.487560410539149114e-01,9.999999999766393532e-01,5.706082626031786509e-01,9.999999999999994449e-01
-2.967059728390360362e+00,3.042763363572624224e-01,9.999999999720204924e-01,5.815207186566889730e-01,-1.000000000000000444e+00
-2.967059728390360362e+00,3.978166578350172400e-01,9.999999999580513332e-01,-5.112159157707975021e-01,1.000000000000000000e+00
-2.967059728390360362e+00,7.459579261065286682e-01,9.999994638911278155e-01,2.181465564101932320e-02,-9.999999989265804246e-01
-2.967059728390360362e+00,7.459579261065293343e-01,9.999994638911289258e-01,-2.181465564101977075e-02,9.999999989265820899e-01
-2.967059728390360362e+00,7.780378485140794220e-01,9.999991484681844955e-01,-1.871142266243034508e-02,-1.000000000000000666e+00
-2.967059728390360362e+00,7.782281216111699429e-01,9.996892348189576616e-01,9.949503943976719441e-04,-9.999998038999244887e-01
-2.967059728390360362e+00,7.782281216111704980e-01,9.996892348189597710e-01,-9.949503944008527764e-04,9.999998038999264871e-01
-2.967059728390360362e+00,7.837769646850327732e-01,9.996827963909197257e-01,4.962816076631204089e-03,-9.999999999999997780e-01
-2.967059728390360362e+00,7.837946950215469721e-01,9.996827724404638849e-01,-4.643192422638894347e-03,9.999999999999982236e-01
-2.967059728390360362e+00,8.365493855200529794e-01,9.999963628366537183e-01,-8.232649709019070061e-02,1.000000000000000888e+00
-2.967059728390360362e+00,8.947782777946995392e-01,4.410216679592652289e-01,3.875550613731335026e-02,9.389881232816212897e-01
-2.967059728390360362e+00,8.947782777946995392e-01,4.410216679592649514e-01,-3.875550613731610500e-02,-9.389881232816215118e-01
-2.967059728390360362e+00,8.954792970368385951e-01,4.401636657623378412e-01,3.771865313778720308e-02,-9.999999999999993339e-01
-2.967059728390360362e+00,8.954795122147239939e-01,4.401664082901175501e-01,-3.772059590942913876e-02,9.999999999999980016e-01
-2.932153143350473723e+00,-9.100776096514024971e-01,4.305837341607159918e-01,7.210290819834941529e-03,-9.999927192240977147e-01
-2.932153143350473723e+00,-9.100776096514021640e-01,4.305837341607157698e-01,-7.210290819837017993e-03,9.999927192240979368e-01
-2.932153143350473723e+00,-9.093158004658699056e-01,4.311404257074420987e-01,-1.176650691218940684e-02,-9.999999999999987788e-01
-2.932153143350473723e+00,-9.093155755122617201e-01,4.311391914503319711e-01,1.176686640222796877e-02,9.999999999999983347e-01
-2.932153143350473723e+00,-8.033978186451666836e-01,9.999953102552477935e-01,-2.537348828901601211e-02,9.999999998614258478e-01
-2.932153143350473723e+00,-8.033978186451660175e-01,9.999953102552467943e-01,2.537348828901486719e-02,-9.999999998614255148e-01
-2.932153143350473723e+00,-7.694120092150256163e-01,9.999971347609638572e-01,1.075789791058430115e-04,-9.999999999999997780e-01
-2.932153143350473723e+00,-7.692790139911328540e-01,9.994173897637392834e-01,2.067507487586575828e-03,-9.999034207350061543e-01
-2.932153143350473723e+00,-7.692790139911327429e-01,9.994173897637386172e-01,-2.067507487585963036e-03,9.999034207350050441e-01
-2.932153143350473723e+00,-7.637479257269216282e-01,9.994275784822561626e-01,5.518788518638476082e-03,-9.999999999999980016e-01
-2.932153143350473723e+00,-7.637025448969212427e-01,9.994276108556394700e-01,-5.006207271225728873e-03,1.000000000000001332e+00
-2.932153143350473723e+00,-7.192168867812536170e-01,9.999985602527872164e-01,1.280340985605742631e-02,1.000000000000000888e+00
-2.932153143350473723e+00,-3.803897362213810029e-01,9.999999996723960560e-01,-6.395956012985632988e-01,9.999995041121343409e-01
-2.932153143350473723e+00,-3.803897362213803923e-01,9.999999996723982765e-01,6.395956012985650752e-01,-9.999995041121365613e-01
-2.932153143350473723e+00,-3.309873199327991733e-01,9.999999997333164359e-01,-6.485580390261544981e-01,-9.999999999999993339e-01
-2.932153143350473723e+00,-2.024739973849205288e-01,9.999999998364372811e-01,5.907883920177101622e-01,1.000000000000000222e+00
-2.932153143350473723e+00,2.694302848197743239e-01,9.999999997971165122e-01,-6.396530333996873763e-01,-9.999972839727397922e-01
-2.932153143350473723e+00,2.694302848197744349e-01,9.999999997971164012e-01,6.396530333996867101e-01,9.999972839727396812e-01
-2.932153143350473723e+00,3.252733769447923029e-01,9.999999997524779971e-01,6.485811750526733199e-01,-1.000000000000000000e+00
-2.932153143350473723e+00,4.165781538559164554e-01,9.999999996210091613e-01,-5.907335382926414136e-01,9.999999999999993339e-01
-2.932153143350473723e+00,7.545057888604955743e-01,9.999977378288990026e-01,2.639135242056561692e-02,-9.999999964312299428e-01
-2.932153143350473723e+00,7.545057888604966845e-01,9.999977378288980034e-01,-2.639135242056604366e-02,9.999999964312290546e-01
-2.932153143350473723e+00,7.864323138841851080e-01,9.993528630363579524e-01,-7.678402489209883077e-04,9.999971883892091462e-01
-2.932153143350473723e+00,7.864323138841856631e-01,9.993528630363566201e-01,7.678402489193010723e-04,-9.999971883892078139e-01
-2.932153143350473723e+00,7.865168534260873479e-01,9.999964202721872697e-01,-2.128019690292847280e-02,-1.000000000000000222e+00
-2.932153143350473723e+00,7.919891363391008410e-01,9.993381435723180939e-01,6.882517479086990020e-03,-9.999999999999987788e-01
-2.932153143350473723e+00,7.920245325336175979e-01,9.993380746310204232e-01,-6.106297566174414757e-03,1.000000000000000222e+00
-2.932153143350473723e+00,8.455361463019203105e-01,9.999836598505299490e-01,-8.788925295242590308e-02,9.999999999999993339e-01
-2.932153143350473723e+00,9.013833879720495323e-01,4.385421049544314109e-01,-4.862138185781803013e-02,-9.994497889368350041e-01
-2.932153143350473723e+00,9.013833879720506426e-01,4.385421049544319105e-01,4.862138185781609417e-02,9.994497889368356702e-01
-2.932153143350473723e+00,9.021046388536183569e-01,4.379212602494174655e-01,4.438788366058327856e-02,-1.000000000000001110e+00
-2.932153143350473723e+00,9.021055918035083554e-01,4.379337758061618291e-01,-4.439709139420551509e-02,1.000000000000001776e+00
-2.897246558310587083e+00,-9.173883425097786315e-01,4.283901948779001989e-01,-8.717862472511829844e-03,9.998911418915948923e-01
-2.897246558310587083e+00,-9.173883425097784095e-01,4.283901948779142432e-01,8.717862472495953655e-03,-9.998911418915942262e-01
-2.897246558310587083e+00,-9.166040014310863349e-01,4.286495875287731350e-01,-1.406296388770224282e-02,-1.000000000000001110e+00
-2.897246558310587083e+00,-9.166032398802637093e-01,4.286453861607857907e-01,1.406356754086235915e-02,9.999999999999991118e-01
-2.897246558310587083e+00,-8.134050414623421599e-01,9.999838016097641891e-01,2.907671928759897328e-02,-9.999999995415150833e-01
-2.897246558310587083e+00,-8.134050414623414937e-01,9.999838016097645221e-01,-2.907671928759933411e-02,9.999999995415147502e-01
-2.897246558310587083e+00,-7.793463494881303077e-01,9.999902196296411860e-01,-1.764636050745877968e-03,-1.000000000000001776e+00
-2.897246558310587083e+00,-7.787244300681426257e-01,9.989264241167606917e-01,-2.839154896815615243e-03,9.999707950184091310e-01
-2.897246558310587083e+00,-7.787244300681426257e-01,9.989264241167598035e-01,2.839154896814213153e-03,-9.999707950184083538e-01
-2.897246558310587083e+00,-7.731796627531750676e-01,9.989469089385846212e-01,6.643123310737394926e-03,-1.000000000000002442e+00
-2.897246558310587083e+00,-7.730971063563679690e-01,9.989469988250976318e-01,-5.680037865779702030e-03,1.000000000000000666e+00
-2.897246558310587083e+00,-7.296764922831187050e-01,9.999951388402145147e-01,7.136068595893913825e-03,1.000000000000000222e+00
-2.897246558310587083e+00,-4.028958882971739874e-01,9.999999978900424580e-01,-6.956311160591024390e-01,9.999999999999996669e-01
-2.897246558310587083e+00,-4.028958882971732103e-01,9.999999978900420139e-01,6.956311160591011067e-01,-9.999999999999993339e-01
-2.897246558310587083e+00,-3.537974617427981361e-01,9.999999983098903922e-01,-7.029578800781347558e-01,-9.999999999999997780e-01
-2.897246558310587083e+00,-2.235839406960722087e-01,9.999999990152527163e-01,6.558687992574924186e-01,1.000000000000000000e+00
-2.897246558310587083e+00,2.920260025802154935e-01,9.999999987472332208e-01,-6.957570565292798825e-01,-1.000000000000001110e+00
-2.897246558310587083e+00,2.920260025802155490e-01,9.999999987472313334e-01,6.957570565292788833e-01,9.999999999999992228e-01
-2.897246558310587083e+00,3.481167749901816211e-01,9.999999984415037790e-01,7.030071685996953645e-01,-9.999999999999987788e-01
-2.897246558310587083e+00,4.375689654937708895e-01,9.999999975539709540e-01,-6.557472057004573029e-01,9.999999999999997780e-01
-2.897246558310587083e+00,7.644548525871412981e-01,9.999923818688941646e-01,3.123825741786570576e-02,-9.999999928672799188e-01
-2.897246558310587083e+00,7.644548525871416311e-01,9.999923818688932764e-01,-3.123825741786514024e-02,9.999999928672790306e-01
-2.897246558310587083e+00,7.958123804700661941e-01,9.987945547346048780e-01,7.830919165036206910e-05,-9.999988205557404086e-01
-2.897246558310587083e+00,7.958123804700668602e-01,9.987945547346047670e-01,-7.830919165141753992e-05,9.999988205557399645e-01
-2.897246558310587083e+00,7.964106309742237100e-01,9.999879823853625727e-01,-2.481418638629447407e-02,-1.000000000000000444e+00
-2.897246558310587083e+00,8.013825496059931996e-01,9.987640532488538669e-01,9.913422294915182412e-03,-1.000000000000001554e+00
-2.897246558310587083e+00,8.014452363751201069e-01,9.987639885072036039e-01,-8.051375796820475425e-03,9.999999999999985567e-01
-2.897246558310587083e+00,8.559208479417897975e-01,9.999401950020647689e-01,-9.298064944980144464e-02,1.000000000000000222e+00
-2.897246558310587083e+00,9.087670801232586859e-01,4.349087489249052751e-01,-5.527016902984021457e-02,-9.997233666788912787e-01
-2.897246558310587083e+00,9.087670801232607953e-01,4.349087489249462979e-01,5.527016903001014808e-02,9.997233666788926110e-01
-2.897246558310587083e+00,9.095171530851300368e-01,4.345687252810553902e-01,5.033972529229208820e-02,-1.000000000000000888e+00
-2.897246558310587083e+00,9.095205554635765743e-01,4.346153783148165584e-01,-5.037469837801002853e-02,9.999999999999998890e-01
-2.862339973270700444e+00,-9.252519408764765529e-01,4.246246240448631748e-01,1.065034927180379121e-02,-9.999980452640105932e-01
-2.862339973270700444e+00,-9.252519408764338094e-01,4.246246240424439988e-01,-1.065034927466630352e-02,9.999980452640117035e-01
-2.862339973270700444e+00,-9.244383509631023399e-01,4.246067076092600590e-01,-1.672321587452736333e-02,-1.000000000000000444e+00
-2.862339973270700444e+00,-9.244361625537641514e-01,4.245945317050189849e-01,1.672321647029633221e-02,1.000000000000000444e+00
-2.862339973270700444e+00,-8.247746972229225149e-01,9.999520817195480804e-01,-3.240899423305419746e-02,9.999999998323706452e-01
-2.862339973270700444e+00,-8.247746972229210716e-01,9.999520817195463041e-01,3.240899423305598770e-02,-9.999999998323690908e-01
-2.862339973270700444e+00,-7.906447915089417355e-01,9.999715472818359041e-01,-3.704473618168964595e-03,-9.999999999999992228e-01
-2.862339973270700444e+00,-7.892376567157870504e-01,9.981780812994052177e-01,-3.925893187704422929e-03,9.999994246891078520e-01
-2.862339973270700444e+00,-7.892376567157854961e-01,9.981780812994051066e-01,3.925893187705344935e-03,-9.999994246891075189e-01
-2.862339973270700444e+00,-7.836734071556594738e-01,9.982164758331242282e-01,7.813908942184531400e-03,-9.999999999999998890e-01
-2.862339973270700444e+00,-7.835358374500341894e-01,9.982166316584436538e-01,-6.095673573313691029e-03,9.999999999999992228e-01
-2.862339973270700444e+00,-7.414317098991197730e-01,9.999860945479046581e-01,1.352936201916179419e-03,9.999999999999998890e-01
-2.862339973270700444e+00,-4.268109611221766464e-01,9.999999893995108469e-01,7.409318313744452933e-01,-9.999999999999988898e-01
-2.862339973270700444e+00,-4.268109611221758137e-01,9.999999893995115130e-01,-7.409318313744452933e-01,9.999999999999995559e-01
-2.862339973270700444e+00,-3.779783393983231488e-01,9.999999916530003530e-01,-7.469422460077006498e-01,-9.999999999999992228e-01
-2.862339973270700444e+00,-2.464505970603954321e-01,9.999999953863294433e-01,7.087075206139603623e-01,1.000000000000000222e+00
-2.862339973270700444e+00,3.160775539761665476e-01,9.999999939768371426e-01,7.411740587940813807e-01,1.000000000000001554e+00
-2.862339973270700444e+00,3.160775539761667141e-01,9.999999939768358104e-01,-7.411740587940802705e-01,-1.000000000000000444e+00
-2.862339973270700444e+00,3.723483522680488544e-01,9.999999923541025293e-01,7.470367813640184096e-01,-1.000000000000000666e+00
-2.862339973270700444e+00,4.602553770400368283e-01,9.999999876663226983e-01,-7.084686548399471429e-01,1.000000000000000222e+00
-2.862339973270700444e+00,7.757344998694813976e-01,9.999782201852659425e-01,3.654724478635495294e-02,-9.999999938553453260e-01
-2.862339973270700444e+00,7.757344998694817306e-01,9.999782201852639441e-01,-3.654724478635289903e-02,9.999999938553431056e-01
-2.862339973270700444e+00,8.062285637153492335e-01,9.979291743734448605e-01,1.357969352972906215e-03,9.999998977078959905e-01
-2.862339973270700444e+00,8.062285637153494555e-01,9.979291743734436393e-01,-1.357969352973270941e-03,-9.999998977078944362e-01
-2.862339973270700444e+00,8.076490630856167918e-01,9.999657247931882376e-01,-3.050313397761284656e-02,-9.999999999999998890e-01
-2.862339973270700444e+00,8.118198295012291066e-01,9.978699798014840638e-01,1.532712998854516596e-02,-1.000000000000000000e+00
-2.862339973270700444e+00,8.119207570922003514e-01,9.978705231396969300e-01,-1.067164870113922887e-02,9.999999999999997780e-01
-2.862339973270700444e+00,8.676376528540444832e-01,9.998088212411572195e-01,-9.739482854106112919e-02,1.000000000000000222e+00
-2.862339973270700444e+00,9.167447406949975619e-01,4.298357062066762158e-01,-6.087264853840121392e-02,-9.999934922026922912e-01
-2.862339973270700444e+00,9.167447406951071409e-01,4.298357062135925721e-01,6.087264856981848549e-02,9.999934922026928463e-01
-2.862339973270700444e+00,9.175313203786897853e-01,4.297761061598106003e-01,5.530650382634665074e-02,-1.000000000000000444e+00
-2.862339973270700444e+00,9.175417733439390489e-01,4.299284684138723889e-01,-5.542014388902365835e-02,1.000000000000000666e+00
-2.827433388230813804e+00,-9.334616253452734380e-01,4.187629864891366238e-01,1.324591966253422723e-02,-9.999998201866650005e-01
-2.827433388230813804e+00,-9.334616253416617715e-01,4.187629862877270681e-01,-1.324591994359482564e-02,9.999998201866656666e-01
-2.827433388230813804e+00,-9.326176911737195097e-01,4.186175847216035972e-01,-1.983992501082738197e-02,-1.000000000000000444e+00
-2.827433388230813804e+00,-9.326121363890691462e-01,4.185862443578826086e-01,1.983568531295683973e-02,9.999999999999994449e-01
-2.827433388230813804e+00,-8.374378828868866975e-01,9.998731926635252565e-01,3.528154329902927211e-02,-9.999999999999996669e-01
-2.827433388230813804e+00,-8.374378828868865865e-01,9.998731926635275880e-01,-3.528154329903001457e-02,1.000000000000001776e+00
-2.827433388230813804e+00,-8.032369862580096553e-01,9.999263916331571078e-01,-5.748280095465053974e-03,-9.999999999999998890e-01
-2.827433388230813804e+00,-8.006770564575296234e-01,9.970951655089892451e-01,5.395372280018091021e-03,-9.999989493806549223e-01
-2.827433388230813804e+00,-8.006770564575290683e-01,9.970951655089894672e-01,-5.395372280019360839e-03,9.999989493806549223e-01
-2.827433388230813804e+00,-7.950862060652391650e-01,9.971636271238364380e-01,9.055269157602930177e-03,-1.000000000000000666e+00
-2.827433388230813804e+00,-7.948721675186907198e-01,9.971635586958226272e-01,-6.049698478887195578e-03,1.000000000000000000e+00
-2.827433388230813804e+00,-7.544024770457615769e-01,9.999649175224781805e-01,-4.717467297713441067e-03,1.000000000000000666e+00
-2.827433388230813804e+00,-4.517353388175499029e-01,9.999999559846534103e-01,-7.775163471796766590e-01,1.000000000000000000e+00
-2.827433388230813804e+00,-4.517353388175492923e-01,9.999999559846524111e-01,7.775163471796755488e-01,-9.999999999999988898e-01
-2.827433388230813804e+00,-4.031446656653304150e-01,9.999999659523347573e-01,-7.824937194169419019e-01,-1.000000000000000666e+00
-2.827433388230813804e+00,-2.706384420184296813e-01,9.999999821566522007e-01,7.515142619426671278e-01,1.000000000000000444e+00
-2.827433388230813804e+00,3.411987087639302141e-01,9.999999760903686141e-01,-7.779450346902097024e-01,-9.999999999999988898e-01
-2.827433388230813804e+00,3.411987087639303806e-01,9.999999760903689472e-01,7.779450346902099245e-01,9.999999999999993339e-01
-2.827433388230813804e+00,3.975877838526971075e-01,9.999999690182225232e-01,7.826607465018253773e-01,-1.000000000000000222e+00
-2.827433388230813804e+00,4.841850701461624662e-01,9.999999485370072438e-01,-7.510861756067498396e-01,9.999999999999998890e-01
-2.827433388230813804e+00,7.882665333653098294e-01,9.999449592942628584e-01,4.261796880070510551e-02,-9.999999896012263800e-01
-2.827433388230813804e+00,7.882665333653099404e-01,9.999449592942636356e-01,-4.261796880070712473e-02,9.999999896012268241e-01
-2.827433388230813804e+00,8.175319906778187873e-01,9.966531087651935295e-01,-3.957936596804781382e-03,-9.999997433036840189e-01
-2.827433388230813804e+00,8.175319906778191204e-01,9.966531087651929743e-01,3.957936596805429301e-03,9.999997433036842409e-01
-2.827433388230813804e+00,8.201501793462124823e-01,9.999116453627521217e-01,-4.230953083479453702e-02,-1.000000000000000222e+00
-2.827433388230813804e+00,8.231583483338505980e-01,9.965447022794934329e-01,2.718994084991781246e-02,-1.000000000000000000e+00
-2.827433388230813804e+00,8.233055683708414563e-01,9.965469712380042866e-01,-1.417216298571017177e-02,9.999999999999998890e-01
-2.827433388230813804e+00,8.806105908801066251e-01,9.994377035883299509e-01,-1.008763705360951751e-01,9.999999999999998890e-01
-2.827433388230813804e+00,9.251243447821515531e-01,4.230514188191250025e-01,-6.504365043870748153e-02,-9.999999999999902300e-01
-2.827433388230813804e+00,9.251243447919261786e-01,4.230514194396736150e-01,6.504365325446580248e-02,9.999999999999896749e-01
-2.827433388230813804e+00,9.259506629447626924e-01,4.231751009218289172e-01,5.901896363861500183e-02,-9.999999999999997780e-01
-2.827433388230813804e+00,9.259795933913907984e-01,4.236345838213575465e-01,-5.934976091423227462e-02,1.000000000000000444e+00
-2.792526803190927165e+00,-9.418095219922415495e-01,4.102441921170292272e-01,1.678256539042432063e-02,-9.999999999999994449e-01
-2.792526803190927165e+00,-9.418095218147011227e-01,4.102441821780052345e-01,-1.678258178757687305e-02,9.999999999999994449e-01
-2.792526803190927165e+00,-9.409453798669399349e-01,4.103346992226845624e-01,-2.342145118287551619e-02,-1.000000000000000444e+00
-2.792526803190927165e+00,-9.409325739767601116e-01,4.102607874088790574e-01,2.340256510683029131e-02,1.000000000000000000e+00
-2.792526803190927165e+00,-8.513182570752206857e-01,9.996899307550672908e-01,-3.763740068062098459e-02,9.999999996086966769e-01
-2.792526803190927165e+00,-8.513182570752201306e-01,9.996899307550678460e-01,3.763740068062271238e-02,-9.999999996086966769e-01
-2.792526803190927165e+00,-8.170464293770021147e-01,9.998254747375100449e-01,-7.983484003608716517e-03,-9.999999999999991118e-01
-2.792526803190927165e+00,-8.128955786368821101e-01,9.955883069277744468e-01,-7.271318365682833545e-03,9.999958170028282467e-01
-2.792526803190927165e+00,-8.128955786368817771e-01,9.955883069277751130e-01,7.271318365680787439e-03,-9.999958170028293569e-01
-2.792526803190927165e+00,-8.072694626018526165e-01,9.957061155984660017e-01,1.044091484283592337e-02,-1.000000000000000000e+00
-2.792526803190927165e+00,-8.069545717856649869e-01,9.957042785074209368e-01,-5.228141531944930330e-03,9.999999999999996669e-01
-2.792526803190927165e+00,-7.685027192426833187e-01,9.999197254286731340e-01,-1.134858221908450863e-02,9.999999999999996669e-01
-2.792526803190927165e+00,-4.773381723485957129e-01,9.999998428995080513e-01,8.070670993877896437e-01,-9.999999999999985567e-01
-2.792526803190927165e+00,-4.773381723485954908e-01,9.999998428995078292e-01,-8.070670993877894217e-01,9.999999999999985567e-01
-2.792526803190927165e+00,-4.289786561327542658e-01,9.999998806633608739e-01,-8.112536472479660032e-01,-1.000000000000000222e+00
-2.792526803190927165e+00,-2.957896209528849130e-01,9.999999406911964650e-01,7.862340860494596573e-01,1.000000000000000000e+00
-2.792526803190927165e+00,3.670730868349920684e-01,9.999999184375583106e-01,8.077762341439501670e-01,1.000000000000000222e+00
-2.792526803190927165e+00,3.670730868349926235e-01,9.999999184375569783e-01,-8.077762341439492788e-01,-9.999999999999991118e-01
-2.792526803190927165e+00,4.235226146369420186e-01,9.999998921050765599e-01,8.115296960273357119e-01,-1.000000000000000444e+00
-2.792526803190927165e+00,5.089821876450895122e-01,9.999998152218527725e-01,-7.855208828126298837e-01,1.000000000000000666e+00
-2.792526803190927165e+00,8.019653537512165808e-01,9.998735535801143159e-01,4.993465163547683439e-02,-1.000000000000001332e+00
-2.792526803190927165e+00,8.019653537512168029e-01,9.998735535801130947e-01,-4.993465163547539110e-02,1.000000000000000000e+00
-2.792526803190927165e+00,8.295688446647598857e-01,9.948394588277433837e-01,8.350084921982168368e-03,9.999999195500588467e-01
-2.792526803190927165e+00,8.295688446647602188e-01,9.948394588277433837e-01,-8.350084921986756711e-03,-9.999999195500590687e-01
-2.792526803190927165e+00,8.337889701877290172e-01,9.996783391670214236e-01,-8.274038214979465011e-02,-9.999999999999998890e-01
-2.792526803190927165e+00,8.352851542951301722e-01,9.947610067445571413e-01,6.813569042754898109e-02,-1.000000000000000222e+00
-2.792526803190927165e+00,8.354483816245602545e-01,9.946568994688147480e-01,-1.875131332714405352e-02,1.000000000000000666e+00
-2.792526803190927165e+00,8.947477852999830006e-01,9.984066567343393706e-01,-1.030702819336185988e-01,9.999999999999987788e-01
-2.792526803190927165e+00,9.337152606125193044e-01,4.143226822077318849e-01,-6.739581458813927173e-02,-9.999999999999997780e-01
-2.792526803190927165e+00,9.337152611291517079e-01,4.143227155457921973e-01,6.739595918484068970e-02,9.999999999999988898e-01
-2.792526803190927165e+00,9.345750668365360170e-01,4.143649672916093762e-01,6.125155227789779583e-02,-9.999999999999988898e-01
-2.792526803190927165e+00,9.346499226318332187e-01,4.157054437822667592e-01,-6.214733302752180333e-02,1.000000000000000222e+00
-2.757620218151040525e+00,-9.492398917292935723e-01,3.994906858985098896e-01,-2.734290197307872802e-02,-1.000000000000001332e+00
-2.757620218151040525e+00,-9.492125180479654700e-01,3.993271746329076777e-01,2.728579822956323647e-02,1.000000000000000222e+00
-2.757620218151040525e+00,-8.663300297435549968e-01,9.992807272362420612e-01,-3.946596217601269774e-02,1.000000000000000000e+00
-2.757620218151040525e+00,-8.663300297435549968e-01,9.992807272362425053e-01,3.946596217601119894e-02,-1.000000000000000000e+00
-2.757620218151040525e+00,-8.319900888378696235e-01,9.996120896326724514e-01,-1.054315620586023655e-02,-1.000000000000001776e+00
-2.757620218151040525e+00,-8.257442206192443512e-01,9.935532834589042572e-01,-9.510322545927256399e-03,9.999994631270661127e-01
-2.757620218151040525e+00,-8.257442206192440182e-01,9.935532834589047013e-01,9.510322545927485383e-03,-9.999994631270658907e-01
-2.757620218151040525e+00,-8.200722953621891742e-01,9.937508634294128784e-01,1.208840774852584093e-02,-1.000000000000000000e+00
-2.757620218151040525e+00,-8.196305668623988794e-01,9.937418972233948988e-01,-3.136661573714340148e-03,9.999999999999995559e-01
-2.757620218151040525e+00,-7.836405667766926930e-01,9.998299933707945897e-01,-1.898290278047551002e-02,1.000000000000000222e+00
-2.757620218151040525e+00,-5.033460714816000436e-01,9.999995043651790372e-01,-8.309284773936835844e-01,1.000000000000001110e+00
-2.757620218151040525e+00,-5.033460714815992665e-01,9.999995043651772608e-01,8.309284773936823632e-01,-9.999999999999992228e-01
-2.757620218151040525e+00,-4.552186231869212452e-01,9.999996303378636542e-01,-8.345288192910386149e-01,-1.000000000000000222e+00
-2.757620218151040525e+00,-3.216130430739725932e-01,9.999998256354171167e-01,8.144751700258271443e-01,1.000000000000002665e+00
-2.757620218151040525e+00,3.934424759136634364e-01,9.999997539878757724e-01,-8.320368757636353862e-01,-9.999999999999998890e-01
-2.757620218151040525e+00,3.934424759136646577e-01,9.999997539878752173e-01,8.320368757636347201e-01,9.999999999999993339e-01
-2.757620218151040525e+00,4.498966868018319243e-01,9.999996677997158301e-01,8.349601486922842986e-01,-1.000000000000000666e+00
-2.757620218151040525e+00,5.343368433246634686e-01,9.999994130248112123e-01,-8.133563635562757188e-01,9.999999999999995559e-01
-2.757620218151040525e+00,8.167371848233606624e-01,9.997305202590588413e-01,5.932055863903315518e-02,-9.999999978825357960e-01
-2.757620218151040525e+00,8.167371848233613285e-01,9.997305202590601736e-01,-5.932055863903228782e-02,9.999999978825370173e-01
-2.757620218151040525e+00,8.421848320400380228e-01,9.923295061057177957e-01,-1.553156661153157550e-02,-9.999999957561314101e-01
-2.757620218151040525e+00,8.421848320400384669e-01,9.923295061057219035e-01,1.553156661152411619e-02,9.999999957561320763e-01
-2.757620218151040525e+00,8.476286151153658022e-01,9.940107862734033350e-01,-1.020702909694607419e-01,-1.000000000000000444e+00
-2.757620218151040525e+00,8.481956954016893757e-01,9.920307780758598204e-01,-2.458395481502060123e-02,1.000000000000000222e+00
-2.757620218151040525e+00,8.488884062495450911e-01,9.975260953949551812e-01,8.859005957641767626e-02,-1.000000000000000444e+00
-2.757620218151040525e+00,9.099253825344887359e-01,9.954289641159989044e-01,-1.033463161584046025e-01,1.000000000000001110e+00
-2.757620218151040525e+00,9.423371526089879824e-01,4.034694982007803188e-01,-6.751577083898825660e-02,-1.000000000000000000e+00
-2.757620218151040525e+00,9.423371705455305669e-01,4.034706865881048654e-01,6.752049010466136536e-02,9.999999999999995559e-01
-2.757620218151040525e+00,9.432091119831510495e-01,4.029324099699863604e-01,6.185433126170652302e-02,-9.999999999999996669e-01
-2.757620218151040525e+00,9.433967942547367702e-01,4.069081235569443900e-01,-6.419915973786284591e-02,1.000000000000000888e+00
-2.722713633111153886e+00,-8.823734741042339458e-01,9.983789602319647072e-01,-4.079995359669058574e-02,9.999999999999984457e-01
-2.722713633111153886e+00,-8.823734741042337237e-01,9.983789602319929068e-01,4.079995359668953103e-02,-9.999999999999994449e-01
-2.722713633111153886e+00,-8.479769855374428289e-01,9.991769497431640668e-01,-1.359119948423015596e-02,-1.000000000000000222e+00
-2.722713633111153886e+00,-8.390751623432873840e-01,9.908669654301379692e-01,1.198941582130645146e-02,-9.999999354397482998e-01
-2.722713633111153886e+00,-8.390751623432872730e-01,9.908669654301046625e-01,-1.198941582129528852e-02,9.999999354397490769e-01
-2.722713633111153886e+00,-8.333446354452608285e-01,9.911919310089584156e-01,1.414272197761389654e-02,-1.000000000000000888e+00
-2.722713633111153886e+00,-8.327508313771642134e-01,9.911606940993435977e-01,1.035120843087034698e-03,1.000000000000000666e+00
-2.722713633111153886e+00,-7.997177697426747223e-01,9.996616223381497024e-01,-2.836318769394157585e-02,9.999999999999991118e-01
-2.722713633111153886e+00,-5.295325145745274353e-01,9.999985892364045004e-01,8.501519217589703636e-01,-1.000000000000000444e+00
-2.722713633111153886e+00,-5.295325145745274353e-01,9.999985892364053885e-01,-8.501519217589703636e-01,1.000000000000001332e+00
-2.722713633111153886e+00,-4.816484777241752946e-01,9.999989668515427699e-01,-8.533389885576182499e-01,-9.999999999999998890e-01
-2.722713633111153886e+00,-3.478724933470124792e-01,9.999995368675981267e-01,8.375226292553364926e-01,9.999999999999978906e-01
-2.722713633111153886e+00,4.200957909060758499e-01,9.999993299601114272e-01,8.518015256108469879e-01,1.000000000000002220e+00
-2.722713633111153886e+00,4.200957909060766271e-01,9.999993299601104280e-01,-8.518015256108464328e-01,-1.000000000000001332e+00
-2.722713633111153886e+00,4.764994375524292392e-01,9.999990766709647705e-01,8.539809950986624321e-01,-9.999999999999998890e-01
-2.722713633111153886e+00,5.599937006462649691e-01,9.999983162802924541e-01,-8.358551443204669251e-01,1.000000000000000666e+00
-2.722713633111153886e+00,8.324774864713551104e-01,9.994591800305971940e-01,-7.227019912440924010e-02,1.000000000000000666e+00
-2.722713633111153886e+00,8.324774864713554434e-01,9.994591800305967499e-01,7.227019912440546534e-02,-1.000000000000000666e+00
-2.722713633111153886e+00,8.552304380458106703e-01,9.889167669025732410e-01,-2.720486642104408270e-02,-9.999999999999988898e-01
-2.722713633111153886e+00,8.552304380458121136e-01,9.889167669027004726e-01,2.720486642085625378e-02,1.000000000000000666e+00
-2.722713633111153886e+00,8.607978821824906479e-01,9.894360279438173533e-01,-3.895120062484003221e-02,-1.000000000000001554e+00
-2.722713633111153886e+00,8.613949787563811578e-01,9.884551960145158134e-01,-3.181300453414234730e-02,1.000000000000000222e+00
-2.722713633111153886e+00,8.645808029834514130e-01,9.979363032681315415e-01,2.738308523729440780e-02,-1.000000000000000222e+00
-2.722713633111153886e+00,9.259372956309970260e-01,9.858367531765281910e-01,-1.001754142660489511e-01,9.999999999999996669e-01
-2.687807048071267246e+00,-8.993253183677473173e-01,9.963629751323361816e-01,4.168202696083531111e-02,-9.999999999999996669e-01
-2.687807048071267246e+00,-8.993253183677263340e-01,9.963629751301595894e-01,-4.168202696064611523e-02,1.000000000000001110e+00
-2.687807048071267246e+00,-8.649050522686783093e-01,9.983061849113505914e-01,-1.731330311284237297e-02,-9.999999999999997780e-01
-2.687807048071267246e+00,-8.527444216102366692e-01,9.873814305555335125e-01,1.450978721441835775e-02,-9.999999366781204824e-01
-2.687807048071267246e+00,-8.527444216102219032e-01,9.873814305546130266e-01,-1.450978721418223934e-02,9.999999366781200383e-01
-2.687807048071267246e+00,-8.469399878556646000e-01,9.879074244932779525e-01,1.676246162034846984e-02,-1.000000000000000888e+00
-2.687807048071267246e+00,-8.461738204091683313e-01,9.878160068697279250e-01,8.694174610176250498e-03,1.000000000000000222e+00
-2.687807048071267246e+00,-8.166276863456639612e-01,9.993594979907021170e-01,-4.080564328134206331e-02,1.000000000000001110e+00
-2.687807048071267246e+00,-5.557089856499324299e-01,9.999963206177029384e-01,8.655547594463545158e-01,-1.000000000000000222e+00
-2.687807048071267246e+00,-5.557089856499324299e-01,9.999963206177027164e-01,-8.655547594463534056e-01,1.000000000000000000e+00
-2.687807048071267246e+00,-5.080889952730650583e-01,9.999973536986794809e-01,-8.684748971479044899e-01,-9.999999999999985567e-01
-2.687807048071267246e+00,-3.743758563940153827e-01,9.999988705950226819e-01,8.563857986171902192e-01,1.000000000000002442e+00
-2.687807048071267246e+00,4.468597016325510096e-01,9.999983256464949344e-01,8.679054083514058382e-01,1.000000000000000000e+00
-2.687807048071267246e+00,4.468597016325512872e-01,9.999983256464948234e-01,-8.679054083514065043e-01,-1.000000000000000000e+00
-2.687807048071267246e+00,5.031569297870681634e-01,9.999976463973936358e-01,8.693901789203422048e-01,-1.000000000000000666e+00
-2.687807048071267246e+00,5.857416917129737444e-01,9.999955709521699543e-01,-8.540092447536895559e-01,1.000000000000000000e+00
-2.687807048071267246e+00,8.490643897844484256e-01,9.989666009825336479e-01,-9.172787997593326303e-02,9.999999981396353599e-01
-2.687807048071267246e+00,8.490643897844484256e-01,9.989666009825254323e-01,9.172787997593490061e-02,-9.999999981396355819e-01
-2.687807048071267246e+00,8.685685950282564516e-01,9.843150807708721528e-01,-4.656527932578258255e-02,-9.999999954564086080e-01
-2.687807048071267246e+00,8.685685950283120738e-01,9.843150807744440733e-01,4.656527932153280147e-02,9.999999954564090521e-01
-2.687807048071267246e+00,8.741414303846379852e-01,9.847925253874365570e-01,-2.231129363255817538e-02,-9.999999999999997780e-01
-2.687807048071267246e+00,8.748972769414385953e-01,9.836567919230549961e-01,-4.055661167857673582e-02,9.999999999999995559e-01
-2.687807048071267246e+00,8.812468266674335915e-01,9.965271379763227522e-01,1.365515187267840082e-02,-1.000000000000000444e+00
-2.687807048071267246e+00,9.423006076376707618e-01,9.484488292217707617e-01,-8.876871268435240769e-02,1.000000000000000666e+00
-2.652900463031381051e+00,-9.170166990806505325e-01,9.916397653907063070e-01,4.208188440426485766e-02,-1.000000000000000444e+00
-2.652900463031381051e+00,-9.170166990792368855e-01,9.916397652279231867e-01,-4.208188439153764254e-02,1.000000000000000222e+00
-2.652900463031381051e+00,-8.826548509581865209e-01,9.965658461105609822e-01,-2.192293907356543392e-02,-9.999999999999997780e-01
-2.652900463031381051e+00,-8.666139126048224561e-01,9.829153831656675111e-01,1.681495134928256280e-02,-1.000000000000000000e+00
-2.652900463031381051e+00,-8.666139126045120378e-01,9.829153831469931157e-01,-1.681495134401580702e-02,1.000000000000000222e+00
-2.652900463031381051e+00,-8.607177934659161478e-01,9.837549623517954922e-01,2.011408687773710499e-02,-1.000000000000000444e+00
-2.652900463031381051e+00,-8.597720071671540731e-01,9.835150078308459998e-01,2.247227253988646686e-02,9.999999999999992228e-01
-2.652900463031381051e+00,-8.342503473851833329e-01,9.988363048154504931e-01,-5.881577788964321984e-02,9.999999999999992228e-01
-2.652900463031381051e+00,-5.817179690207034959e-01,9.999911013437087215e-01,-8.777773535350954504e-01,1.000000000000000000e+00
-2.652900463031381051e+00,-5.817179690207031628e-01,9.999911013437077223e-01,8.777773535350947842e-01,-9.999999999999993339e-01
-2.652900463031381051e+00,-5.343909175620306096e-01,9.999937122408776302e-01,-8.805532735694984181e-01,-9.999999999999998890e-01
-2.652900463031381051e+00,-4.009661315631614653e-01,9.999974395170935226e-01,8.718523101783497431e-01,1.000000000000000000e+00
-2.652900463031381051e+00,4.735910911356178143e-01,9.999961133512954570e-01,8.809975230431719151e-01,9.999999999999997780e-01
-2.652900463031381051e+00,4.735910911356180364e-01,9.999961133512964562e-01,-8.809975230431732474e-01,-1.000000000000000666e+00
-2.652900463031381051e+00,5.297246988154833414e-01,9.999944299385234991e-01,8.818081559371131473e-01,-9.999999999999986677e-01
-2.652900463031381051e+00,6.114055203715403897e-01,9.999891870006846206e-01,-8.685978737855406528e-01,9.999999999999982236e-01
-2.652900463031381051e+00,8.663414440828245411e-01,9.981038487461394437e-01,1.240881665848348192e-01,-9.999999999999998890e-01
-2.652900463031381051e+00,8.663414440828295371e-01,9.981038487464927167e-01,-1.240881665847385629e-01,1.000000000000000222e+00
-2.652900463031381051e+00,8.820905184945317945e-01,9.780914621611656035e-01,-8.031963293542881965e-02,-9.999999999999998890e-01
-2.652900463031381051e+00,8.820905184957463785e-01,9.780914622398485525e-01,8.031963286704224547e-02,1.000000000000000000e+00
-2.652900463031381051e+00,8.875886131353150077e-01,9.788911136550803027e-01,-1.352741441661975581e-02,-1.000000000000000000e+00
-2.652900463031381051e+00,8.885590307289571443e-01,9.772772834637292183e-01,-5.093700689460298192e-02,9.999999999999995559e-01
-2.652900463031381051e+00,8.986649517183243896e-01,9.933237721255833153e-01,9.046014636109515547e-03,-9.999999999999991118e-01
-2.617993877991494411e+00,-9.351757537075249260e-01,9.795495569554691917e-01,4.172025307157198326e-02,-1.000000000000000666e+00
-2.617993877991494411e+00,-9.351757536117362157e-01,9.795495443978964323e-01,-4.172025219122697803e-02,1.000000000000000222e+00
-2.617993877991494411e+00,-9.010768690948809390e-01,9.930227943105738309e-01,-2.769082780086544113e-02,-1.000000000000000666e+00
-2.617993877991494411e+00,-8.805528285061566818e-01,9.772412213895438349e-01,1.861759044480554640e-02,-9.999999999999991118e-01
-2.617993877991494411e+00,-8.805528285014622147e-01,9.772412210971467283e-01,-1.861759034956846082e-02,9.999999999999997780e-01
-2.617993877991494411e+00,-8.745453224720188823e-01,9.785650999127001315e-01,2.437363460097296056e-02,-9.999999999999990008e-01
-2.617993877991494411e+00,-8.734434384359671677e-01,9.779792410297074579e-01,4.777088412623402974e-02,1.000000000000000222e+00
-2.617993877991494411e+00,-8.524403180942010660e-01,9.979551411922135129e-01,-8.761204397621488726e-02,1.000000000000000444e+00
-2.617993877991494411e+00,-6.074275569053092516e-01,9.999798526632830420e-01,-8.873325395952744721e-01,9.999999999999984457e-01
-2.617993877991494411e+00,-6.074275569053091406e-01,9.999798526632848183e-01,8.873325395952764705e-01,-1.000000000000000222e+00
-2.617993877991494411e+00,-5.604296365714452888e-01,9.999860074669602028e-01,-8.900638345110304384e-01,-9.999999999999997780e-01
-2.617993877991494411e+00,-4.275142516898416400e-01,9.999945496336195561e-01,8.845375639937433920e-01,1.000000000000000888e+00
-2.617993877991494411e+00,5.001711455526027805e-01,9.999915364673912510e-01,-8.915860524837593282e-01,-1.000000000000000222e+00
-2.617993877991494411e+00,5.001711455526031136e-01,9.999915364673909179e-01,8.915860524837586620e-01,9.999999999999997780e-01
-2.617993877991494411e+00,5.560821800033413087e-01,9.999876414713269046e-01,8.917233660592719380e-01,-9.999999999999996669e-01
-2.617993877991494411e+00,6.368389159236416130e-01,9.999752653069731156e-01,-8.802404219826986953e-01,1.000000000000000000e+00
-2.617993877991494411e+00,8.840635986183527084e-01,9.965992053253560634e-01,1.843732888069742615e-01,-9.999999999999994449e-01
-2.617993877991494411e+00,8.840635986185028106e-01,9.965992053374461701e-01,-1.843732887946965826e-01,9.999999999999993339e-01
-2.617993877991494411e+00,8.957638973472624722e-01,9.695525446766966038e-01,-1.438999883909260757e-01,-1.000000000000000888e+00
-2.617993877991494411e+00,8.957638973689187045e-01,9.695525460972852505e-01,1.438999876774617048e-01,1.000000000000001554e+00
-2.617993877991494411e+00,9.010066669105157855e-01,9.712722729847738101e-01,-6.635421280180512325e-03,-9.999999999999991118e-01
-2.617993877991494411e+00,9.022428981266449322e-01,9.688324106201794406e-01,-6.313735228895010765e-02,9.999999999999992228e-01
-2.617993877991494411e+00,9.166306517756113159e-01,9.863081409619182116e-01,7.939797883818407523e-03,-9.999999999999992228e-01
-2.583087292951607772e+00,-9.199641299629103264e-01,9.855020297716634570e-01,-3.501696508600146002e-02,-1.000000000000000666e+00
-2.583087292951607772e+00,-8.944382820538426815e-01,9.700647464411743526e-01,1.962691931690353081e-02,-9.999999999998830935e-01
-2.583087292951607772e+00,-8.944382819984119104e-01,9.700647428310629206e-01,-1.962691786893221504e-02,9.999999999998844258e-01
-2.583087292951607772e+00,-8.882990165726959431e-01,9.721316604147971496e-01,2.973477533671437661e-02,-1.000000000000001110e+00
-2.583087292951607772e+00,-8.871424153880816954e-01,9.707812927389959379e-01,9.685757632471833634e-02,1.000000000000000000e+00
-2.583087292951607772e+00,-8.709924854426566165e-01,9.964884492781150849e-01,-1.391846389293902309e-01,1.000000000000000222e+00
-2.583087292951607772e+00,-6.327273072900881923e-01,9.999569691715582964e-01,8.946455691674151112e-01,-1.000000000000000222e+00
-2.583087292951607772e+00,-6.327273072900879702e-01,9.999569691715572972e-01,-8.946455691674143340e-01,9.999999999999992228e-01
-2.583087292951607772e+00,-5.861011139465469588e-01,9.999706098185949799e-01,-8.974071410325571430e-01,-9.999999999999993339e-01
-2.583087292951607772e+00,-4.539134609855315361e-01,9.999890192190782345e-01,8.949258997333514598e-01,9.999999999999994449e-01
-2.583087292951607772e+00,5.265007672172968833e-01,9.999825729554701059e-01,9.000749759310464615e-01,1.000000000000000222e+00
-2.583087292951607772e+00,5.265007672172974384e-01,9.999825729554689957e-01,-9.000749759310457954e-01,-9.999999999999991118e-01
-2.583087292951607772e+00,5.821283919575043209e-01,9.999740894446548234e-01,8.995288377655433765e-01,-1.000000000000002220e+00
-2.583087292951607772e+00,6.619193408749036722e-01,9.999465758205393628e-01,-8.894405030725387462e-01,1.000000000000000222e+00
-2.583087292951607772e+00,9.016875309909222480e-01,9.932268346066702724e-01,2.981865767112136800e-01,-1.000000000000001110e+00
-2.583087292951607772e+00,9.016875309973709784e-01,9.932268351366547732e-01,-2.981865759577463360e-01,1.000000000000000444e+00
-2.583087292951607772e+00,9.098282326314918178e-01,9.581704698558711764e-01,-2.634844044234814775e-01,-9.999999999999996669e-01
-2.583087292951607772e+00,9.098282329849064487e-01,9.581704929355958633e-01,2.634844058888414775e-01,1.000000000000000444e+00
-2.583087292951607772e+00,9.142637426241295717e-01,9.613975210671459326e-01,2.746491522266707413e-04,-1.000000000000000888e+00
-2.583087292951607772e+00,9.158173137193766911e-01,9.576404131005135101e-01,-7.749843927470786986e-02,1.000000000000000444e+00
-2.583087292951607772e+00,9.348310503850266739e-01,9.698586794635419839e-01,8.917368159880527390e-03,-9.999999999999996669e-01
-2.548180707911721132e+00,-9.389875434231647056e-01,9.684055636509670828e-01,-4.458411359618774661e-02,-9.999999999999994449e-01
-2.548180707911721132e+00,-9.081551072575316796e-01,9.609922388696776618e-01,1.956987028734044273e-02,-9.999999999999968914e-01
-2.548180707911721132e+00,-9.081551067524900045e-01,9.609922037528232375e-01,-1.956985052645516740e-02,9.999999999999981126e-01
-2.548180707911721132e+00,-9.018651783450051251e-01,9.641969948585246142e-01,3.642387803963770959e-02,-9.999999999999988898e-01
-2.548180707911721132e+00,-9.009898388371491151e-01,9.614255861534851677e-01,1.976943203838666674e-01,1.000000000000000222e+00
-2.548180707911721132e+00,-8.895231818097136811e-01,9.938254552269677466e-01,-2.410558007385351087e-01,9.999999999999998890e-01
-2.548180707911721132e+00,-6.575249911586059648e-01,9.999127523735881207e-01,8.877963379025398671e-01,-9.863477911512231744e-01
-2.548180707911721132e+00,-6.575249911586057427e-01,9.999127523735875656e-01,-8.877963379025385349e-01,9.863477911512226193e-01
-2.548180707911721132e+00,-6.113186983510209282e-01,9.999413619184589486e-01,-9.029236297738019168e-01,-1.000000000000001554e+00
-2.548180707911721132e+00,-4.800749466993931014e-01,9.999789239290589604e-01,9.034032045930414645e-01,1.000000000000000222e+00
-2.548180707911721132e+00,5.524970048534171285e-01,9.999658473403353343e-01,9.067925438444289776e-01,9.999999999999981126e-01
-2.548180707911721132e+00,5.524970048534181277e-01,9.999658473403376657e-01,-9.067925438444311981e-01,-1.000000000000000444e+00
-2.548180707911721132e+00,6.077785600514935549e-01,9.999483331463312474e-01,9.055505343929188822e-01,-9.999999999999995559e-01
-2.548180707911721132e+00,6.865437968335901253e-01,9.998903500642084552e-01,-8.966202075322451392e-01,1.000000000000000000e+00
-2.548180707911721132e+00,9.178471931258965766e-01,9.810259711288299433e-01,3.770570287153356404e-01,-9.999999999999800160e-01
-2.548180707911721132e+00,9.178471935271481641e-01,9.810260049152539352e-01,-3.770570645905982343e-01,9.999999999999806821e-01
-2.548180707911721132e+00,9.252868995790740625e-01,9.473734645214831884e-01,-3.514435786406897022e-01,-1.000000000000000222e+00
-2.548180707911721132e+00,9.252869080442067684e-01,9.473739554753335401e-01,3.514448756506532434e-01,1.000000000000000444e+00
-2.548180707911721132e+00,9.272333586466324773e-01,9.485077622100381856e-01,8.325690655117365044e-03,-1.000000000000000222e+00
-2.548180707911721132e+00,9.291543483064119702e-01,9.426908622439598151e-01,-9.468460748988330455e-02,1.000000000000000222e+00
-2.513274122871834493e+00,-9.215946491467214008e-01,9.494758500694332470e-01,1.820156177321969118e-02,-1.000000000000000222e+00
-2.513274122871834493e+00,-9.215946461657757993e-01,9.494756076136463552e-01,-1.820126949888562981e-02,1.000000000000000444e+00
-2.513274122871834493e+00,-9.156725532569326420e-01,9.514271662767805893e-01,3.593448233528474534e-01,1.000000000000000666e+00
-2.513274122871834493e+00,-9.151398770092058488e-01,9.544281651447654724e-01,4.472508626118681940e-02,-1.000000000000000888e+00
-2.513274122871834493e+00,-9.070530579407208860e-01,9.864329878495490256e-01,-4.015645102381814047e-01,9.999999999999997780e-01
-2.513274122871834493e+00,-6.817439227524708656e-01,9.998311705556609530e-01,-9.039814541728348196e-01,1.000000000000002220e+00
-2.513274122871834493e+00,-6.817439227524699774e-01,9.998311705556586215e-01,9.039814541728330433e-01,-9.999999999999995559e-01
-2.513274122871834493e+00,-6.360105555673782884e-01,9.998882759496952044e-01,-9.069146224634118125e-01,-9.999999999999998890e-01
-2.513274122871834493e+00,-5.059244404551286323e-01,9.999612510854977154e-01,9.102819773653193502e-01,9.999999999999994449e-01
-2.513274122871834493e+00,5.780902387709631052e-01,9.999359500470917927e-01,-9.120127965226346722e-01,-9.999999999999996669e-01
-2.513274122871834493e+00,5.780902387709641044e-01,9.999359500470925699e-01,9.120127965226352273e-01,1.000000000000000444e+00
-2.513274122871834493e+00,6.329614133541789922e-01,9.999014763519025184e-01,9.100684847154335566e-01,-1.000000000000000888e+00
-2.513274122871834493e+00,7.106254042435903306e-01,9.997849923893452617e-01,-9.021451220047342900e-01,9.999999999999992228e-01
-2.513274122871834493e+00,9.317001531664297342e-01,9.606655469450812168e-01,3.014508687517110097e-01,-1.000000000000000444e+00
-2.513274122871834493e+00,9.317001614449211822e-01,9.606662354243181712e-01,-3.014518592191269830e-01,9.999999999999998890e-01
-2.513274122871834493e+00,9.397927832179019392e-01,9.314486535641605114e-01,1.866594300345626387e-02,-1.000000000000000666e+00
-2.513274122871834493e+00,9.421248816362836065e-01,9.223959036270034106e-01,-1.158242813000404381e-01,9.999999999999998890e-01
-2.513274122871834493e+00,9.424871934178437050e-01,9.286088493681895484e-01,-2.893900448371012346e-01,-1.000000000000000444e+00
-2.513274122871834493e+00,9.424873012362028346e-01,9.286059575505851704e-01,2.892282301178221160e-01,9.999999999999993339e-01
-2.478367537831947853e+00,-9.346522948538852349e-01,9.347243333908339391e-01,-1.528645791311050370e-02,9.999999999999986677e-01
-2.478367537831947853e+00,-9.346522608154737011e-01,9.347230310214026394e-01,1.530004064186125078e-02,-1.000000000000000000e+00
-2.478367537831947853e+00,-9.323516899824096926e-01,9.421707460474599838e-01,3.921447404951804994e-01,9.999999999999998890e-01
-2.478367537831947853e+00,-9.280278744804971724e-01,9.423750451119887739e-01,5.502117252262435365e-02,-1.000000000000000000e+00
-2.478367537831947853e+00,-9.220623226133310979e-01,9.689229847672049534e-01,-4.298430515352687498e-01,1.000000000000000666e+00
-2.478367537831947853e+00,-7.053206418119857268e-01,9.996867837964705794e-01,-2.674034639159280080e-01,2.949369873827225041e-01
-2.478367537831947853e+00,-7.053206418119857268e-01,9.996867837964721337e-01,2.674034639159299509e-01,-2.949369873827245581e-01
-2.478367537831947853e+00,-6.601174927804727144e-01,9.997957891038162792e-01,-9.096562806015917602e-01,-1.000000000000001332e+00
-2.478367537831947853e+00,-5.313995534838990009e-01,9.999314459203583194e-01,9.158201864836631456e-01,9.999999999999987788e-01
-2.478367537831947853e+00,6.032219133453502469e-01,9.998845193379469753e-01,9.159713407810347041e-01,1.000000000000001332e+00
-2.478367537831947853e+00,6.032219133453514681e-01,9.998845193379468643e-01,-9.159713407810344821e-01,-1.000000000000001332e+00
-2.478367537831947853e+00,6.576169462714873681e-01,9.998194979746204414e-01,9.133317835999527068e-01,-1.000000000000001110e+00
-2.478367537831947853e+00,7.340904984654591514e-01,9.995953474084956492e-01,-9.063412121838946289e-01,1.000000000000000666e+00
-2.478367537831947853e+00,9.442043894960866490e-01,9.400644088467452475e-01,2.341641278288445482e-01,-9.999999999999993339e-01
-2.478367537831947853e+00,9.442044730532533903e-01,9.400714445233799843e-01,-2.341721887040474348e-01,1.000000000000000222e+00
-2.443460952792061214e+00,-9.472231684360364889e-01,9.155553597838983482e-01,1.063256189674868964e-02,-9.999999999999997780e-01
-2.443460952792061214e+00,-9.472224040613921314e-01,9.155094981038766067e-01,-1.055729748490770448e-02,1.000000000000000222e+00
-2.443460952792061214e+00,-9.404401936715572896e-01,9.273872884764932101e-01,6.785993119297197007e-02,-1.000000000000000666e+00
-2.443460952792061214e+00,-9.349677076812776821e-01,9.500699443440274727e-01,-3.697216400398776748e-01,1.000000000000000222e+00
-2.443460952792061214e+00,-7.282027961979364861e-01,9.994406670295268302e-01,5.347730077677784744e-01,-5.887160632234840207e-01
-2.443460952792061214e+00,-7.282027961979360420e-01,9.994406670295189477e-01,-5.347730077677804728e-01,5.887160632234844648e-01
-2.443460952792061214e+00,-6.835910262766220491e-01,9.996405097242107018e-01,-9.114075850381433419e-01,-1.000000000000000444e+00
-2.443460952792061214e+00,-5.564476613932367588e-01,9.998828328325725101e-01,9.202351942618042235e-01,1.000000000000001110e+00
-2.443460952792061214e+00,6.278426607947270588e-01,9.997990377090147929e-01,9.188764771633208817e-01,1.000000000000000444e+00
-2.443460952792061214e+00,6.278426607947273919e-01,9.997990377090141267e-01,-9.188764771633195494e-01,-9.999999999999998890e-01
-2.443460952792061214e+00,6.816944925038181946e-01,9.996810028241536195e-01,9.155684945973491251e-01,-1.000000000000000222e+00
-2.443460952792061214e+00,7.568760599420873980e-01,9.992660783756496246e-01,-9.095049018020677778e-01,1.000000000000001332e+00
-2.408554367752174574e+00,-9.467492080405552901e-01,9.311478103395651740e-01,-3.344745235450275467e-01,1.000000000000000222e+00
-2.408554367752174574e+00,-7.503471462578434892e-01,9.990351563968585813e-01,9.094362693238042805e-01,-9.999999999942033035e-01
-2.408554367752174574e+00,-7.503471462578383822e-01,9.990351563967004855e-01,-9.094362693238206008e-01,9.999999999942043027e-01
-2.408554367752174574e+00,-7.063916034297008650e-01,9.993883935618994574e-01,-9.124135369448682642e-01,-9.999999999999997780e-01
-2.408554367752174574e+00,-5.810241995525814440e-01,9.998058953207545896e-01,9.237138349025898476e-01,1.000000000000000444e+00
-2.408554367752174574e+00,6.519107047366351493e-01,9.996612904332045080e-01,9.209166287423053987e-01,1.000000000000000000e+00
-2.408554367752174574e+00,6.519107047366351493e-01,9.996612904332027316e-01,-9.209166287423034003e-01,-9.999999999999998890e-01
-2.408554367752174574e+00,7.051510082500095367e-01,9.994542519248282852e-01,9.169914336994259285e-01,-9.999999999999998890e-01
-2.408554367752174574e+00,7.789273661813548300e-01,9.987126012635718642e-01,-9.119077980271614869e-01,1.000000000000000000e+00
-2.373647782712287935e+00,-7.717176710510962323e-01,9.983872308789321082e-01,9.100995318791544886e-01,-9.999999999999988898e-01
-2.373647782712287935e+00,-7.717176710510503801e-01,9.983872308773825699e-01,-9.100995318793193567e-01,9.999999999999995559e-01
-2.373647782712287935e+00,-7.284869405213320048e-01,9.989912963993307082e-01,-9.129048582100187659e-01,-1.000000000000000666e+00
-2.373647782712287935e+00,-6.050912671603686510e-01,9.996873989410236527e-01,9.264195376659113412e-01,1.000000000000000000e+00
-2.373647782712287935e+00,6.753904680060324184e-01,9.994454279112763295e-01,-9.222648997189835107e-01,-1.000000000000000444e+00
-2.373647782712287935e+00,6.753904680060339727e-01,9.994454279112923167e-01,9.222648997190081577e-01,1.000000000000000444e+00
-2.373647782712287935e+00,7.279495017617544361e-01,9.990932967215795379e-01,9.178007705272768213e-01,-9.999999999999997780e-01
-2.373647782712287935e+00,8.001958106998191544e-01,9.978088682545497301e-01,-9.137975467049870293e-01,1.000000000000000222e+00
-2.338741197672401739e+00,-7.922837964191115079e-01,9.973803224962182190e-01,9.105979198279140485e-01,-9.999999999999983347e-01
-2.338741197672401739e+00,-7.922837964187455784e-01,9.973803224830103398e-01,-9.105979198294340549e-01,1.000000000000000000e+00
-2.338741197672401739e+00,-7.498504747418515137e-01,9.983828563551133684e-01,-9.130954608011850882e-01,-1.000000000000000222e+00
-2.338741197672401739e+00,-6.286164667742621948e-01,9.995093421846765747e-01,9.284972144912116976e-01,9.999999999999996669e-01
-2.338741197672401739e+00,6.982513369099262457e-01,9.991155646898163267e-01,-9.230814867178758210e-01,-9.999999999999986677e-01
-2.338741197672401739e+00,6.982513369099313527e-01,9.991155646899487763e-01,9.230814867180900940e-01,9.999999999999995559e-01
-2.338741197672401739e+00,7.500575765133331574e-01,9.985329899793320418e-01,9.181843269948142261e-01,-9.999999999999995559e-01
-2.338741197672401739e+00,8.206368753504000857e-01,9.963710910926550923e-01,-9.153962359610300359e-01,1.000000000000000222e+00
-2.303834612632514656e+00,-8.120187849682558578e-01,9.958543311600712711e-01,9.111388883055432375e-01,-1.000000000000000444e+00
-2.303834612632514656e+00,-8.120187849656336221e-01,9.958543310606768895e-01,-9.111388883177466980e-01,9.999999999999997780e-01
-2.303834612632514656e+00,-7.704599508776612815e-01,9.974736690198868772e-01,-9.131788304069341500e-01,-9.999999999999997780e-01
-2.303834612632514656e+00,-6.515719276417224481e-01,9.992477204595644480e-01,9.300764891675755708e-01,1.000000000000001998e+00
-2.303834612632514656e+00,7.204665542064325745e-01,9.986228359272988353e-01,-9.235145660614816343e-01,-9.999999999999997780e-01
-2.303834612632514656e+00,7.204665542064692119e-01,9.986228359282580680e-01,9.235145660630592612e-01,9.999999999999995559e-01
-2.303834612632514656e+00,7.714460755172989348e-01,9.976825736957151136e-01,9.183163621889434136e-01,-1.000000000000000000e+00
-2.303834612632514656e+00,8.402082671938877478e-01,9.941362381004309468e-01,-9.168975995790208389e-01,1.000000000000001110e+00
-2.268928027592628460e+00,-8.308983310914357379e-01,9.935936205039742619e-01,9.118957121856283710e-01,-9.999999999999997780e-01
-2.268928027592628460e+00,-8.308983310746805850e-01,9.935936198378609863e-01,-9.118957122720365849e-01,1.000000000000000222e+00
-2.268928027592628460e+00,-7.902961721284975649e-01,9.961457358025886943e-01,-9.133242462892291469e-01,-9.999999999999976685e-01
-2.268928027592628460e+00,-6.739334768691644939e-01,9.988710884321577721e-01,9.312737284951592143e-01,1.000000000000000444e+00
-2.268928027592628460e+00,7.420122266664932464e-01,9.979018168502630237e-01,-9.237001771499431246e-01,-9.999999999999993339e-01
-2.268928027592628460e+00,7.420122266667171784e-01,9.979018168565829683e-01,9.237001771604430589e-01,9.999999999999994449e-01
-2.268928027592628460e+00,7.920878257193667560e-01,9.964174474545947069e-01,9.183554992466597122e-01,-1.000000000000000888e+00
-2.268928027592628460e+00,8.588682416651532980e-01,9.907338533300539263e-01,-9.184640180799132914e-01,9.999999999999990008e-01
-2.234021442552741821e+00,-8.488993955269819036e-01,9.903128173106052756e-01,9.130035683679458280e-01,-1.000000000000000000e+00
-2.234021442552741821e+00,-8.488993954309376200e-01,9.903128133038053837e-01,-9.130035689120841180e-01,9.999999999999987788e-01
-2.234021442552741821e+00,-8.093419432585484685e-01,9.942461955858605815e-01,-9.136734846390004439e-01,-9.999999999999993339e-01
-2.234021442552741821e+00,-6.956799335568820686e-01,9.983389060536486115e-01,9.321932388167787353e-01,9.999999999999998890e-01
-2.234021442552741821e+00,7.628664413423786872e-01,9.968661930503714963e-01,-9.237615131922465306e-01,-1.000000000000000222e+00
-2.234021442552741821e+00,7.628664413436642144e-01,9.968661930882538602e-01,9.237615132556579178e-01,1.000000000000000666e+00
-2.234021442552741821e+00,8.119564857702885607e-01,9.945685983494731985e-01,9.184422849885949258e-01,-9.999999999999997780e-01
-2.234021442552741821e+00,8.765741350718267988e-01,9.856495213985115855e-01,-9.202239884959638738e-01,1.000000000000001332e+00
-2.199114857512855181e+00,-8.659992999700192318e-01,9.856403789727604670e-01,9.145573125479192766e-01,-9.999999999999983347e-01
-2.199114857512855181e+00,-8.659992994725680404e-01,9.856403571953638032e-01,-9.145573156204107601e-01,1.000000000000000666e+00
-2.199114857512855181e+00,-8.275812265372850529e-01,9.915803948662478273e-01,-9.143383829173159505e-01,-9.999999999999995559e-01
-2.199114857512855181e+00,-7.167925085946178498e-01,9.975996539975063859e-01,9.329279092713292920e-01,1.000000000000002442e+00
-2.199114857512855181e+00,7.830084889488982958e-01,9.954035503907543436e-01,-9.238079201027875609e-01,-9.999999999999991118e-01
-2.199114857512855181e+00,7.830084889556490069e-01,9.954035505987220978e-01,9.238079204529193733e-01,1.000000000000000444e+00
-2.199114857512855181e+00,8.310255001681912113e-01,9.919090307123267225e-01,9.186966944201740981e-01,-9.999999999999998890e-01
-2.199114857512855181e+00,8.932811288400969163e-01,9.781783917359053726e-01,-9.222702996387228680e-01,1.000000000000000666e+00
-2.164208272472968542e+00,-8.821750889754889080e-01,9.791002224275389132e-01,9.166110371546353219e-01,-9.999999999999996669e-01
-2.164208272472968542e+00,-8.821750866337958463e-01,9.791001148765483553e-01,-9.166110528212543240e-01,1.000000000000000222e+00
-2.164208272472968542e+00,-8.449985199294920424e-01,9.879044089690843800e-01,-9.153994195054389049e-01,-9.999999999999995559e-01
-2.164208272472968542e+00,-7.372542977803518971e-01,9.965887053812989560e-01,9.335595135227168218e-01,1.000000000000001332e+00
-2.164208272472968542e+00,8.024181943136620143e-01,9.933691336844900910e-01,-9.239337996703441691e-01,-9.999999999999997780e-01
-2.164208272472968542e+00,8.024181943463145616e-01,9.933691347364832502e-01,9.239338014498784668e-01,1.000000000000000666e+00
-2.164208272472968542e+00,8.492671604583841294e-01,9.881363899457789035e-01,9.192157164679954917e-01,-1.000000000000000444e+00
-2.164208272472968542e+00,9.089412771566216520e-01,9.673682717242551021e-01,-9.246584711816576707e-01,9.999999999999988898e-01
-2.129301687433081902e+00,-8.974031593127431705e-01,9.700924098438528098e-01,9.191791783444808184e-01,-9.999999999999996669e-01
-2.129301687433081902e+00,-8.974031492438324653e-01,9.700919250245785275e-01,-9.191792509405443123e-01,9.999999999999991118e-01
-2.129301687433081902e+00,-8.615784548912694962e-01,9.829171840035068053e-01,-9.169052985872224726e-01,-1.000000000000000444e+00
-2.129301687433081902e+00,-7.570498590380472237e-01,9.952259428740689584e-01,9.341588233509329209e-01,9.999999999999990008e-01
-2.129301687433081902e+00,8.210753536963398824e-01,9.905784029257553858e-01,-9.242175204177234260e-01,-1.000000000000000000e+00
-2.129301687433081902e+00,8.210753538425955567e-01,9.905784078551255201e-01,9.242175287938115824e-01,9.999999999999998890e-01
-2.129301687433081902e+00,8.666517728038345414e-01,9.828508871069878694e-01,9.200709885226754370e-01,-9.999999999999997780e-01
-2.129301687433081902e+00,9.235028709754857790e-01,9.519557451319080599e-01,-9.274037987384139425e-01,1.000000000000000666e+00
-2.094395102393195707e+00,-9.116591620641579796e-01,9.578753641628324766e-01,9.222385497125945575e-01,-1.000000000000000222e+00
-2.094395102393195707e+00,-9.116591223586003601e-01,9.578733627676007112e-01,-9.222388572073992874e-01,9.999999999999998890e-01
-2.094395102393195707e+00,-8.773055987540173684e-01,9.762525028334393395e-01,-9.188733961030627340e-01,-9.999999999999996669e-01
-2.094395102393195707e+00,-7.761648663438877049e-01,9.934131137318331639e-01,9.347856397683614871e-01,9.999999999999990008e-01
-2.094395102393195707e+00,8.389592775739704855e-01,9.867981920353443570e-01,-9.247203595926960507e-01,-1.000000000000000444e+00
-2.094395102393195707e+00,8.389592781834600554e-01,9.867982135305761737e-01,9.247203963060441900e-01,9.999999999999997780e-01
-2.094395102393195707e+00,8.831469345091467193e-01,9.755277532978740007e-01,9.213062683033721445e-01,-9.999999999999995559e-01
-2.094395102393195707e+00,9.369103332741951506e-01,9.303103725268033752e-01,-9.304731882903243267e-01,9.999999999999995559e-01
-2.059488517353308623e+00,-9.249182097711085015e-01,9.415552314470323481e-01,9.257301103604612669e-01,-9.999999999999996669e-01
-2.059488517353308623e+00,-9.249180657478941470e-01,9.415476507476197021e-01,-9.257313078086422120e-01,1.000000000000000444e+00
-2.059488517353308623e+00,-8.921644339611644048e-01,9.674709661658618121e-01,-9.212907322296871593e-01,-1.000000000000000666e+00
-2.059488517353308623e+00,-7.945858339370123202e-01,9.910309197252148428e-01,9.354888095397188019e-01,1.000000000000001110e+00
-2.059488517353308623e+00,8.560484354562325482e-01,9.817362418107486999e-01,-9.254854205432023750e-01,-1.000000000000000444e+00
-2.059488517353308623e+00,8.560484378288222285e-01,9.817363293873697661e-01,9.254855711359588621e-01,9.999999999999993339e-01
-2.059488517353308623e+00,8.987169360965406861e-01,9.654841830428169125e-01,9.229342993521223448e-01,-1.000000000000000000e+00
-2.059488517353308623e+00,9.491051505539415123e-01,9.004325984047422127e-01,-9.337649379604747724e-01,9.999999999999986677e-01
-2.024581932313422428e+00,-9.371554888654803905e-01,9.200946485505036021e-01,9.295584507120474571e-01,-1.000000000000001332e+00
-2.024581932313422428e+00,-9.371550074410550657e-01,9.200682941483433464e-01,-9.295627655017442148e-01,9.999999999999995559e-01
-2.024581932313422428e+00,-9.061394735004378864e-01,9.560521452132406672e-01,-9.241146991914099829e-01,-9.999999999999993339e-01
-2.024581932313422428e+00,-8.122999047551273666e-01,9.879358436849341452e-01,9.363062657476839412e-01,1.000000000000000222e+00
-2.024581932313422428e+00,8.723201962315986213e-01,9.750288291476734148e-01,-9.265363516376698971e-01,-9.999999999999998890e-01
-2.024581932313422428e+00,8.723202048890968952e-01,9.750291636197478962e-01,9.265369322774054117e-01,1.000000000000000222e+00
-2.024581932313422428e+00,9.133223427009905526e-01,9.518430598275370302e-01,9.249322851618622110e-01,-1.000000000000000666e+00
-1.989675347273535566e+00,-9.483475204734077568e-01,8.923662910365378620e-01,9.335860108767022325e-01,-1.000000000000000000e+00
-1.989675347273535566e+00,-9.483460366285054732e-01,8.922823265807134918e-01,-9.336005149296414674e-01,9.999999999999988898e-01
-1.989675347273535566e+00,-9.192154612148351056e-01,9.413871931316178943e-01,-9.272716915574628072e-01,-1.000000000000000000e+00
-1.989675347273535566e+00,-8.292946969467870355e-01,9.839567187862864328e-01,9.372651077840340461e-01,1.000000000000000222e+00
-1.989675347273535566e+00,8.877506531071613916e-01,9.662261565959011644e-01,-9.278754320958327861e-01,-9.999999999999986677e-01
-1.989675347273535566e+00,8.877506828052835752e-01,9.662273571371740033e-01,9.278775448083221855e-01,1.000000000000000444e+00
-1.989675347273535566e+00,9.269198957332376310e-01,9.335020437748901001e-01,9.272347427687678278e-01,-9.999999999999990008e-01
-1.954768762233648927e+00,-9.313776056297488060e-01,9.227730957100773734e-01,-9.306492444222401739e-01,-9.999999999999998890e-01
-1.954768762233648927e+00,-8.455582018550095169e-01,9.788910513236033228e-01,9.383817144653510134e-01,9.999999999999988898e-01
-1.954768762233648927e+00,9.023145167518596965e-01,9.547751780526192444e-01,-9.294799349952882483e-01,-1.000000000000000666e+00
-1.954768762233648927e+00,9.023146127398787852e-01,9.547792351322936799e-01,9.294872143560808375e-01,9.999999999999995559e-01
-1.954768762233648927e+00,9.394630670239030312e-01,9.091316880981595849e-01,9.297222738397177277e-01,-1.000000000000000222e+00
-1.919862177193762509e+00,-9.426118255612685459e-01,8.994127696152003359e-01,-9.340717364041845050e-01,-9.999999999999992228e-01
-1.919862177193762509e+00,-8.610787261573817908e-01,9.725011182502111273e-01,9.396618565979193427e-01,1.000000000000002665e+00
-1.919862177193762509e+00,9.159850570183871721e-01,9.399999199893531721e-01,-9.312940527907918042e-01,-9.999999999999997780e-01
-1.919862177193762509e+00,9.159853497994282501e-01,9.400128390661556255e-01,9.313178711064394877e-01,9.999999999999998890e-01
-1.884955592153875870e+00,-8.758448702038598155e-01,9.645098964534219999e-01,9.411007302643108474e-01,9.999999999999993339e-01
-1.884955592153875870e+00,9.287340834193326122e-01,9.210809959199199870e-01,-9.332098584412327202e-01,-1.000000000000000222e+00
-1.884955592153875870e+00,9.287349268347973030e-01,9.211197458337192501e-01,9.332840305716929574e-01,9.999999999999986677e-01
-1.850049007113989230e+00,-8.898455348324517677e-01,9.545969914667816747e-01,9.426827498755785406e-01,1.000000000000001554e+00
-1.850049007113989230e+00,9.405320041734976932e-01,8.970410240551989212e-01,-9.350225227204180811e-01,-1.000000000000000222e+00
-1.850049007113989230e+00,9.405342982482061132e-01,8.971502859864799451e-01,9.352426196274132852e-01,1.000000000000000000e+00
-1.815142422074102591e+00,-9.030699518431587469e-01,9.423950284222644136e-01,9.443807902124251585e-01,9.999999999999996669e-01
-1.780235837034216173e+00,-9.155077422067905424e-01,9.274876545855644805e-01,9.461543063074695503e-01,1.000000000000000000e+00
-1.745329251994329534e+00,-9.271490263012590605e-01,9.094117086775999059e-01,9.479453412593308315e-01,1.000000000000000666e+00
-1.710422666954442894e+00,-9.379846486895103697e-01,8.876686128112740715e-01,9.496708378492622060e-01,9.999999999999986677e-01
-1.675516081914556255e+00,-9.480066405655395156e-01,8.617537071560984474e-01,9.512090139133881905e-01,1.000000000000001554e+00
1.745329251994329312e+00,-9.495315020937611372e-01,8.638893978436645860e-01,-9.284830784758627553e-01,9.999999999999985567e-01
1.780235837034216395e+00,-9.393855493084191099e-01,8.909494317524330187e-01,-9.264055205527106374e-01,9.999999999999995559e-01
1.815142422074102591e+00,-9.283884405185771627e-01,9.133489294388889013e-01,-9.241159977463568875e-01,1.000000000000000000e+00
1.850049007113989674e+00,-9.165521287575397746e-01,9.317121184373095000e-01,-9.218273133416040599e-01,1.000000000000000888e+00
1.850049007113989674e+00,9.405317626542907261e-01,8.970277167268402296e-01,9.349541236990667192e-01,-1.000000000000000666e+00
1.850049007113989674e+00,9.405341839482818100e-01,8.971470799378202798e-01,-9.352625580653595172e-01,9.999999999999993339e-01
1.884955592153875870e+00,-9.487530122923181208e-01,8.817248534824739803e-01,9.402357135922936315e-01,-1.000000000000000444e+00
1.884955592153875870e+00,-9.038894823053298389e-01,9.466376881975923085e-01,-9.196838928429186266e-01,1.000000000000000222e+00
1.884955592153875870e+00,9.287339975495138011e-01,9.210764567429797767e-01,9.331867607888646443e-01,-1.000000000000000222e+00
1.884955592153875870e+00,9.287348800393062653e-01,9.211183348879188326e-01,-9.332906598855565949e-01,1.000000000000000444e+00
1.919862177193762953e+00,-9.381130623349136499e-01,9.082479232831818239e-01,9.371191932709228567e-01,-1.000000000000000000e+00
1.919862177193762953e+00,-8.904137482424304695e-01,9.586695749064542138e-01,-9.177867805048427474e-01,1.000000000000001110e+00
1.919862177193762953e+00,9.159850280454912008e-01,9.399984559525952355e-01,9.312866083790056759e-01,-1.000000000000000222e+00
1.919862177193762953e+00,9.159853320881315986e-01,9.400122889317954478e-01,-9.313199731250457747e-01,1.000000000000000666e+00
1.919862177193762953e+00,9.463002809800524773e-01,8.899449683220224117e-01,-9.357320105989894721e-01,-1.000000000000000222e+00
1.954768762233649149e+00,-9.265445653934913928e-01,9.296006027817856898e-01,9.338965333529282153e-01,-9.999999999999992228e-01
1.954768762233649149e+00,-8.761382531271777463e-01,9.682881567173033943e-01,-9.162068289866922566e-01,1.000000000000000000e+00
1.954768762233649149e+00,9.023145074814410416e-01,9.547747310994406655e-01,9.294776485475687577e-01,-1.000000000000001554e+00
1.954768762233649149e+00,9.023146065009277628e-01,9.547790402150213573e-01,-9.294878492261187120e-01,9.999999999999988898e-01
1.954768762233649149e+00,9.344573321720326398e-01,9.185166028369099456e-01,-9.333590587971198893e-01,-1.000000000000000666e+00
1.989675347273535344e+00,-9.483473662812033078e-01,8.923559315197167052e-01,-9.335962296218894840e-01,-9.999999999999994449e-01
1.989675347273535344e+00,-9.483457674314524910e-01,8.922726165705997525e-01,9.336057403892240592e-01,1.000000000000001776e+00
1.989675347273535344e+00,-9.140601939716643809e-01,9.465986992130753785e-01,9.307704843924611282e-01,-1.000000000000000888e+00
1.989675347273535344e+00,-8.610762092705138704e-01,9.759108415987245433e-01,-9.149911303512932026e-01,1.000000000000000666e+00
1.989675347273535344e+00,8.877506502994753079e-01,9.662260275427722034e-01,9.278747645490479368e-01,-1.000000000000000444e+00
1.989675347273535344e+00,8.877506807520451071e-01,9.662272935425699760e-01,-9.278777270667006860e-01,9.999999999999997780e-01
1.989675347273535344e+00,9.215407914437254711e-01,9.403194205888314450e-01,-9.310198171925080368e-01,-1.000000000000001110e+00
2.024581932313422428e+00,-9.371554403621024099e-01,9.200915231210509138e-01,-9.295614649826691167e-01,-1.000000000000000444e+00
2.024581932313422428e+00,-9.371549146503166394e-01,9.200647980141268834e-01,9.295643537301684356e-01,9.999999999999998890e-01
2.024581932313422428e+00,-9.006736125078417254e-01,9.599795578526703066e-01,9.278659903983684787e-01,-1.000000000000001110e+00
2.024581932313422428e+00,-8.452405738972837979e-01,9.818963893019826417e-01,-9.141659149231105008e-01,9.999999999999991118e-01
2.024581932313422428e+00,8.723201954288971605e-01,9.750287939761286271e-01,9.265361669514796672e-01,-1.000000000000000888e+00
2.024581932313422428e+00,8.723202042566966519e-01,9.750291443774663502e-01,-9.265369818688238279e-01,1.000000000000000888e+00
2.024581932313422428e+00,9.075964534546144824e-01,9.567280722048986386e-01,-9.288650408774238310e-01,-1.000000000000000444e+00
2.059488517353308623e+00,-9.249181956049693509e-01,9.415543607586063235e-01,-9.257309439299825637e-01,-9.999999999999988898e-01
2.059488517353308623e+00,-9.249180366945901621e-01,9.415465406584527797e-01,9.257317542617441442e-01,1.000000000000001332e+00
2.059488517353308623e+00,-8.863992167822510870e-01,9.703908339708757769e-01,9.252651633414893384e-01,-1.000000000000000888e+00
2.059488517353308623e+00,-8.286439506765836960e-01,9.865504348930874690e-01,-9.137377486759755696e-01,9.999999999999998890e-01
2.059488517353308623e+00,8.560484352403417985e-01,9.817362327899112895e-01,9.254853722997754550e-01,-9.999999999999994449e-01
2.059488517353308623e+00,8.560484376464905232e-01,9.817363239692509236e-01,-9.254855838812754421e-01,9.999999999999993339e-01
2.059488517353308623e+00,8.926682284913988186e-01,9.689439865866538160e-01,-9.269840526825025018e-01,-9.999999999999992228e-01
2.094395102393195707e+00,-9.116591582338087196e-01,9.578751403190733926e-01,-9.222387648438677976e-01,-1.000000000000000888e+00
2.094395102393195707e+00,-9.116591140505977409e-01,9.578730466016551759e-01,9.222389728952929966e-01,1.000000000000001110e+00
2.094395102393195707e+00,-8.712519346404486997e-01,9.783921537878801367e-01,9.230204684033391782e-01,-1.000000000000000444e+00
2.094395102393195707e+00,-8.112985413547042501e-01,9.901312037004559308e-01,-9.136939918259223692e-01,9.999999999999993339e-01
2.094395102393195707e+00,8.389592775195645613e-01,9.867981898660501683e-01,9.247203477430507856e-01,-1.000000000000000222e+00
2.094395102393195707e+00,8.389592781343008232e-01,9.867982121094416303e-01,-9.247203993878457817e-01,9.999999999999996669e-01
2.094395102393195707e+00,8.767968594351591705e-01,9.779509917265021279e-01,-9.254208439680240428e-01,-9.999999999999993339e-01
2.129301687433081902e+00,-8.974031583580922566e-01,9.700923568785364548e-01,-9.191792299118317633e-01,-9.999999999999995559e-01
2.129301687433081902e+00,-8.974031470680229328e-01,9.700918434760814613e-01,9.191792784329050336e-01,1.000000000000000888e+00
2.129301687433081902e+00,-8.552470442036105291e-01,9.844610301417502374e-01,9.211584369856109511e-01,-9.999999999999997780e-01
2.129301687433081902e+00,-7.932161609032607474e-01,9.928550479564424158e-01,-9.140030065088058375e-01,9.999999999999995559e-01
2.129301687433081902e+00,8.210753536835512234e-01,9.905784024387995768e-01,9.242175176935109038e-01,-9.999999999999998890e-01
2.129301687433081902e+00,8.210753538302268950e-01,9.905784075081545126e-01,-9.242175294917873707e-01,9.999999999999993339e-01
2.129301687433081902e+00,8.600196515896061378e-01,9.845285936249601466e-01,-9.241837972869524354e-01,-1.000000000000001776e+00
2.129301687433081902e+00,9.493831434938242442e-01,9.074922978695961762e-01,9.106297885821912352e-01,9.999999999999997780e-01
2.164208272472968986e+00,-8.821750887573603928e-01,9.791002109420386956e-01,-9.166110485752411163e-01,-1.000000000000000888e+00
2.164208272472968986e+00,-8.821750861116479658e-01,9.791000957387492321e-01,9.166110587745044391e-01,1.000000000000000444e+00
2.164208272472968986e+00,-8.384000337819782489e-01,9.889999838235304930e-01,9.196797400283340806e-01,-1.000000000000000222e+00
2.164208272472968986e+00,-7.744083298357298251e-01,9.949016702048077976e-01,-9.146143678262885768e-01,1.000000000000000444e+00
2.164208272472968986e+00,8.024181943108729120e-01,9.933691335829701874e-01,9.239337990871251405e-01,-9.999999999999996669e-01
2.164208272472968986e+00,8.024181943434188780e-01,9.933691346577973036e-01,-9.239338015972164975e-01,1.000000000000000000e+00
2.164208272472968986e+00,8.423706836197486503e-01,9.892833894061503486e-01,-9.232513708706532318e-01,-9.999999999999995559e-01
2.164208272472968986e+00,9.369378912395220915e-01,9.373652100009386423e-01,9.063280804987325912e-01,1.000000000000000222e+00
2.199114857512855181e+00,-8.659992999246137746e-01,9.856403767027697160e-01,-9.145573148714682965e-01,-1.000000000000000888e+00
2.199114857512855181e+00,-8.659992993579225251e-01,9.856403531044765076e-01,9.145573167863083608e-01,9.999999999999986677e-01
2.199114857512855181e+00,-8.207265477444135593e-01,9.923440067353186400e-01,9.185582222225172622e-01,-1.000000000000000444e+00
2.199114857512855181e+00,-7.548864557120512631e-01,9.964189755718023678e-01,-9.154592283319893387e-01,9.999999999999996669e-01
2.199114857512855181e+00,7.830084889483378552e-01,9.954035503712123090e-01,9.238079199871694902e-01,-1.000000000000000000e+00
2.199114857512855181e+00,7.830084889550210647e-01,9.954035505822013130e-01,-9.238079204817495338e-01,9.999999999999988898e-01
2.199114857512855181e+00,8.238812580959939957e-01,9.926822496904799120e-01,-9.225755680083582710e-01,-1.000000000000000000e+00
2.199114857512855181e+00,9.232263069708125380e-01,9.583421881598662706e-01,9.026602077813904446e-01,1.000000000000001554e+00
2.234021442552742265e+00,-8.488993955184342965e-01,9.903128169043964313e-01,-9.130035687994544347e-01,-1.000000000000000000e+00
2.234021442552742265e+00,-8.488993954079835369e-01,9.903128125086789746e-01,9.130035691168316703e-01,9.999999999999986677e-01
2.234021442552742265e+00,-8.022424606584523943e-01,9.947681291379703028e-01,9.177400123034638035e-01,-9.999999999999991118e-01
2.234021442552742265e+00,-7.346621137046592809e-01,9.975275221517279078e-01,-9.164509401799066923e-01,1.000000000000000222e+00
2.234021442552742265e+00,7.628664413422749924e-01,9.968661930469192578e-01,9.237615131711535144e-01,-9.999999999999992228e-01
2.234021442552742265e+00,7.628664413435382041e-01,9.968661930850555297e-01,-9.237615132608556490e-01,9.999999999999991118e-01
2.234021442552742265e+00,8.045804917801058220e-01,9.950816391133913141e-01,-9.220843286040605324e-01,-9.999999999999986677e-01
2.234021442552742265e+00,9.083159154087863119e-01,9.727850939769258076e-01,8.998247334585741664e-01,9.999999999999994449e-01
2.268928027592628460e+00,-8.308983310899920038e-01,9.935936204386603965e-01,-9.118957122582573849e-01,-1.000000000000000000e+00
2.268928027592628460e+00,-8.308983310705110314e-01,9.935936196979090473e-01,9.118957123039655999e-01,9.999999999999992228e-01
2.268928027592628460e+00,-7.829641125286848080e-01,9.964949406650869257e-01,9.171431803400753591e-01,-9.999999999999997780e-01
2.268928027592628460e+00,-7.137474337115295997e-01,9.983245545647818631e-01,-9.174860091467786916e-01,9.999999999999993339e-01
2.268928027592628460e+00,7.420122266664762600e-01,9.979018168497083563e-01,9.237001771464270483e-01,-9.999999999999997780e-01
2.268928027592628460e+00,7.420122266666951960e-01,9.979018168560140900e-01,-9.237001771612989298e-01,9.999999999999977796e-01
2.268928027592628460e+00,7.844960095117113896e-01,9.967517999729219591e-01,-9.216834742274275794e-01,-1.000000000000000666e+00
2.268928027592628460e+00,8.922682273557615007e-01,9.825539906939454449e-01,8.978965811597539037e-01,1.000000000000000222e+00
2.303834612632514656e+00,-8.120187849680388092e-01,9.958543311507180862e-01,-9.111388883165357777e-01,-1.000000000000001332e+00
2.303834612632514656e+00,-8.120187849649515011e-01,9.958543310385048475e-01,9.111388883221192003e-01,9.999999999999993339e-01
2.303834612632514656e+00,-7.629087271151016036e-01,9.977018929807678349e-01,9.166581371290012381e-01,-9.999999999999997780e-01
2.303834612632514656e+00,-6.921555987656394793e-01,9.988876199256470079e-01,-9.184454157481364289e-01,9.999999999999985567e-01
2.303834612632514656e+00,7.204665542064295769e-01,9.986228359272172339e-01,9.235145660609491713e-01,-9.999999999999991118e-01
2.303834612632514656e+00,7.204665542064641048e-01,9.986228359281674738e-01,-9.235145660631890463e-01,1.000000000000000888e+00
2.303834612632514656e+00,7.636547324951452609e-01,9.978960947816331029e-01,-9.212585239712975937e-01,-1.000000000000000444e+00
2.303834612632514656e+00,8.751377075519319870e-01,9.890447154241860384e-01,8.968543631899520419e-01,9.999999999999990008e-01
2.338741197672401739e+00,-7.922837964190823090e-01,9.973803224950387181e-01,-9.105979198293980836e-01,-1.000000000000000444e+00
2.338741197672401739e+00,-7.922837964186457693e-01,9.973803224798739597e-01,9.105979198299539723e-01,1.000000000000000444e+00
2.338741197672401739e+00,-7.420950249643336605e-01,9.985282110209598994e-01,9.161488303868504657e-01,-1.000000000000000000e+00
2.338741197672401739e+00,-6.699014563405243372e-01,9.992777782140284115e-01,-9.191962772182443731e-01,9.999999999999987788e-01
2.338741197672401739e+00,6.982513369099269118e-01,9.991155646898074449e-01,9.230814867178049887e-01,-1.000000000000000222e+00
2.338741197672401739e+00,6.982513369099322409e-01,9.991155646899370080e-01,-9.230814867181088568e-01,1.000000000000001332e+00
2.338741197672401739e+00,7.420837618944230440e-01,9.986662599757820669e-01,-9.206765001117772629e-01,-9.999999999999998890e-01
2.338741197672401739e+00,8.569721171209410127e-01,9.932758794176912431e-01,8.965925685156247438e-01,1.000000000000002220e+00
2.373647782712287935e+00,-9.487833121891097177e-01,9.419501806883000539e-01,5.674453327751273202e-01,9.999999999999996669e-01
2.373647782712287935e+00,-7.717176710510927906e-01,9.983872308788017680e-01,-9.100995318793309030e-01,-9.999999999999990008e-01
2.373647782712287935e+00,-7.717176710510387228e-01,9.983872308769899950e-01,9.100995318793715372e-01,9.999999999999998890e-01
2.373647782712287935e+00,-7.205440331680482702e-01,9.990812727470159693e-01,9.154546749305115805e-01,-1.000000000000000444e+00
2.373647782712287935e+00,-6.470022408037106043e-01,9.995424287680929609e-01,-9.195937354033508759e-01,9.999999999999994449e-01
2.373647782712287935e+00,6.753904680060329735e-01,9.994454279112741091e-01,9.222648997189738518e-01,-9.999999999999994449e-01
2.373647782712287935e+00,6.753904680060333066e-01,9.994454279112920947e-01,-9.222648997190133757e-01,1.000000000000001998e+00
2.373647782712287935e+00,7.198113611764285213e-01,9.991743636166493525e-01,-9.197876929741145569e-01,-1.000000000000001110e+00
2.373647782712287935e+00,8.378137162119541070e-01,9.959764881958192984e-01,8.969293319736697523e-01,1.000000000000001332e+00
2.408554367752175018e+00,-9.364070411401316241e-01,9.609527685880291381e-01,5.642197420558543453e-01,9.999999999999995559e-01
2.408554367752175018e+00,-7.503471462578419349e-01,9.990351563968462578e-01,-9.094362693290943822e-01,-9.999999999999995559e-01
2.408554367752175018e+00,-7.503471462578371609e-01,9.990351563966554105e-01,9.094362693290949373e-01,9.999999999999982236e-01
2.408554367752175018e+00,-6.982800851374135753e-01,9.994423662922455875e-01,9.143930087356442193e-01,-9.999999999999968914e-01
2.408554367752175018e+00,-6.234784023403243669e-01,9.997177803847507871e-01,-9.194828427372754298e-01,9.999999999999978906e-01
2.408554367752175018e+00,6.519107047366347052e-01,9.996612904332030647e-01,9.209166287423026231e-01,-1.000000000000000444e+00
2.408554367752175018e+00,6.519107047366352603e-01,9.996612904332040639e-01,-9.209166287423059538e-01,9.999999999999995559e-01
2.408554367752175018e+00,6.968680402593692147e-01,9.995021618766177784e-01,-9.184272148751317921e-01,-1.000000000000000000e+00
2.408554367752175018e+00,8.177011077893586721e-01,9.976597745369902848e-01,8.976149561118870190e-01,9.999999999999992228e-01
2.443460952792061214e+00,-9.472723860522074268e-01,9.126322889995532872e-01,-1.854166988951311545e-01,9.999999999999997780e-01
2.443460952792061214e+00,-9.472231992642448084e-01,9.155572887001606208e-01,-1.063176076585818815e-02,-1.000000000000000000e+00
2.443460952792061214e+00,-9.471562884747333211e-01,9.074692740428690341e-01,-2.544587393880390902e-01,9.999999999999996669e-01
2.443460952792061214e+00,-9.406590957166964806e-01,9.260408348644131316e-01,-4.551055167506967009e-02,-9.999999999999996669e-01
2.443460952792061214e+00,-9.225292558641282614e-01,9.757408321345938385e-01,5.373536815521707810e-01,1.000000000000001776e+00
2.443460952792061214e+00,-7.282027961979358199e-01,9.994406670295287176e-01,-9.083716942249854265e-01,-1.000000000000000000e+00
2.443460952792061214e+00,-7.282027961979348207e-01,9.994406670295108430e-01,9.083716942249853155e-01,9.999999999999995559e-01
2.443460952792061214e+00,-6.753319967152324743e-01,9.996717810015779415e-01,9.127616796396162968e-01,-9.999999999999991118e-01
2.443460952792061214e+00,-5.993545361960973539e-01,9.998309944134020633e-01,-9.187000918304646380e-01,1.000000000000000666e+00
2.443460952792061214e+00,6.278426607947268367e-01,9.997990377090142378e-01,-9.188764771633198825e-01,1.000000000000000000e+00
2.443460952792061214e+00,6.278426607947276139e-01,9.997990377090129055e-01,9.188764771633187722e-01,-9.999999999999990008e-01
2.443460952792061214e+00,6.732877441356490689e-01,9.997084190337509613e-01,-9.164160289383589397e-01,-9.999999999999993339e-01
2.443460952792061214e+00,7.966715963333278472e-01,9.986811941597097952e-01,8.983431928448653014e-01,9.999999999999997780e-01
2.478367537831948297e+00,-9.346523497917156309e-01,9.347279626311144618e-01,1.528333934973700667e-02,1.000000000000000000e+00
2.478367537831948297e+00,-9.346522650869862892e-01,9.347232863500776201e-01,-1.529985269724114597e-02,-1.000000000000001998e+00
2.478367537831948297e+00,-9.316164448144739207e-01,9.310654087427474579e-01,-3.667993722172969151e-01,1.000000000000000000e+00
2.478367537831948297e+00,-9.282072276258426236e-01,9.413846713650229070e-01,-3.417802860215525540e-02,-1.000000000000000888e+00
2.478367537831948297e+00,-9.070367868221218544e-01,9.859740000727149623e-01,4.745323682248833164e-01,1.000000000000000222e+00
2.478367537831948297e+00,-7.053206418119870591e-01,9.996867837964735770e-01,-9.066460815541402818e-01,-1.000000000000000888e+00
2.478367537831948297e+00,-7.053206418119852827e-01,9.996867837964719117e-01,9.066460815541402818e-01,1.000000000000000666e+00
2.478367537831948297e+00,-6.517344015431644211e-01,9.998132261059107240e-01,9.103411504962710676e-01,-9.999999999999993339e-01
2.478367537831948297e+00,-5.746604074456088673e-01,9.999020291849798348e-01,-9.170741094083199041e-01,1.000000000000000666e+00
2.478367537831948297e+00,6.032219133453504689e-01,9.998845193379453100e-01,-9.159713407810329278e-01,9.999999999999995559e-01
2.478367537831948297e+00,6.032219133453509130e-01,9.998845193379461982e-01,9.159713407810335939e-01,-1.000000000000000444e+00
2.478367537831948297e+00,6.491091505775632431e-01,9.998346327480986950e-01,-9.135609914237421414e-01,-9.999999999999991118e-01
2.478367537831948297e+00,7.747639412254220259e-01,9.992824873927678153e-01,8.987655054864679416e-01,1.000000000000000444e+00
2.478367537831948297e+00,9.442043950008165432e-01,9.400648570565917073e-01,-2.341665360578539801e-01,-1.000000000000000000e+00
2.478367537831948297e+00,9.442044767378025005e-01,9.400717556862192570e-01,2.341692703347756366e-01,9.999999999999991118e-01
2.513274122871834493e+00,-9.215946516495757690e-01,9.494759561910209866e-01,1.820091104365328602e-02,9.999999999999994449e-01
2.513274122871834493e+00,-9.215946496554957568e-01,9.494758791488944194e-01,-1.820152849480908414e-02,-1.000000000000000888e+00
2.513274122871834493e+00,-9.166814184495356566e-01,9.483854827665099130e-01,-2.719507211221724452e-01,1.000000000000000444e+00
2.513274122871834493e+00,-9.152825879784013408e-01,9.537086105856028562e-01,-2.523700583817941115e-02,-9.999999999999982236e-01
2.513274122871834493e+00,-8.901786453462735560e-01,9.920792042656380039e-01,3.922225809356979509e-01,9.999999999999991118e-01
2.513274122871834493e+00,-6.817439227524711987e-01,9.998311705556581774e-01,-4.694798104610200529e-01,-5.193467280704410216e-01
2.513274122871834493e+00,-6.817439227524708656e-01,9.998311705556582885e-01,4.694798104610203304e-01,5.193467280704407996e-01
2.513274122871834493e+00,-6.275292313246656484e-01,9.998975958688889332e-01,9.068952936844260071e-01,-9.999999999999983347e-01
2.513274122871834493e+00,-5.494320722028713799e-01,9.999452114643082590e-01,-9.144249288365647876e-01,1.000000000000000666e+00
2.513274122871834493e+00,5.780902387709633272e-01,9.999359500470927919e-01,-9.120127965226358935e-01,1.000000000000000666e+00
2.513274122871834493e+00,5.780902387709634382e-01,9.999359500470930140e-01,9.120127965226356714e-01,-1.000000000000000888e+00
2.513274122871834493e+00,6.243770879336089097e-01,9.999095032810925154e-01,-9.096533055526263567e-01,-9.999999999999995559e-01
2.513274122871834493e+00,7.520213579002410498e-01,9.996245799884858618e-01,8.985072046719954075e-01,1.000000000000000444e+00
2.513274122871834493e+00,9.317001535819140479e-01,9.606655804848537317e-01,-3.014511246596487393e-01,-1.000000000000000222e+00
2.513274122871834493e+00,9.317001620891888214e-01,9.606662889394111948e-01,3.014515795926719366e-01,1.000000000000000000e+00
2.513274122871834493e+00,9.399562697868173444e-01,9.292117184242263406e-01,-4.851144611070365431e-02,-9.999999999999995559e-01
2.513274122871834493e+00,9.422168108607810177e-01,9.256947758255312797e-01,6.914680657406589714e-02,9.999999999999994449e-01
2.513274122871834493e+00,9.424871909167220618e-01,9.286086353482764233e-01,2.893902752032951886e-01,-9.999999999999996669e-01
2.513274122871834493e+00,9.424874166478853788e-01,9.286091363454749281e-01,-2.890299814067250894e-01,1.000000000000000222e+00
2.548180707911721576e+00,-9.412010889751194487e-01,9.664158865467140647e-01,4.192935719414806611e-02,-1.000000000000000000e+00
2.548180707911721576e+00,-9.081551073085284420e-01,9.609922416540522816e-01,-1.956986552410993480e-02,-9.999999999999041878e-01
2.548180707911721576e+00,-9.081551071848315004e-01,9.609922304010198868e-01,1.956982753619379914e-02,9.999999999999061862e-01
2.548180707911721576e+00,-9.022581106734519629e-01,9.609488847717312376e-01,-1.893316349814971322e-01,9.999999999999996669e-01
2.548180707911721576e+00,-9.019750326596753798e-01,9.636835183904384206e-01,-1.820696119529344528e-02,-1.000000000000000444e+00
2.548180707911721576e+00,-8.724959073779311458e-01,9.954658221523648987e-01,3.167085222585740434e-01,9.999999999999998890e-01
2.548180707911721576e+00,-6.575249911586057427e-01,9.999127523735880096e-01,-9.000844791940387779e-01,-1.000000000000000000e+00
2.548180707911721576e+00,-6.575249911586052987e-01,9.999127523735892309e-01,9.000844791940399992e-01,1.000000000000001110e+00
2.548180707911721576e+00,-6.027673382805025515e-01,9.999461154850214362e-01,9.021698653570948689e-01,-9.999999999999993339e-01
2.548180707911721576e+00,-5.237131076903639437e-01,9.999705577364489395e-01,-9.105611784441361989e-01,9.999999999999996669e-01
2.548180707911721576e+00,5.524970048534173506e-01,9.999658473403379988e-01,8.103347138370589064e-01,-8.936274557370862404e-01
2.548180707911721576e+00,5.524970048534173506e-01,9.999658473403372216e-01,-8.103347138370585734e-01,8.936274557370861293e-01
2.548180707911721576e+00,5.991440968216119600e-01,9.999524044673135936e-01,-9.044646604986577021e-01,-9.999999999999988898e-01
2.548180707911721576e+00,7.284945941978544504e-01,9.998118975955561094e-01,8.971831743021458916e-01,1.000000000000001110e+00
2.548180707911721576e+00,9.178471931239642334e-01,9.810259708958934954e-01,-3.770570389476781137e-01,-1.000000000000000222e+00
2.548180707911721576e+00,9.178471936016847632e-01,9.810260112582642744e-01,3.770570526881864004e-01,1.000000000000000000e+00
2.548180707911721576e+00,9.252869012558342376e-01,9.473735644007827972e-01,3.514437516369161574e-01,-1.000000000000000222e+00
2.548180707911721576e+00,9.252869076611303090e-01,9.473739238380615157e-01,-3.514449420805521584e-01,9.999999999999983347e-01
2.548180707911721576e+00,9.273788657322468154e-01,9.468392615751627384e-01,-3.748951495124230870e-02,-1.000000000000000444e+00
2.548180707911721576e+00,9.292515996217763918e-01,9.446705958663426106e-01,5.660457213066125148e-02,9.999999999999994449e-01
2.583087292951607772e+00,-9.222689279137303853e-01,9.849555864126326998e-01,3.563474721775215792e-02,-1.000000000000000888e+00
2.583087292951607772e+00,-8.944382820580347726e-01,9.700647466588713241e-01,-1.962691875712517173e-02,-9.999999999999976685e-01
2.583087292951607772e+00,-8.944382820295433412e-01,9.700647446954531183e-01,1.962691626484593110e-02,9.999999999999991118e-01
2.583087292951607772e+00,-8.883803624461208415e-01,9.717737377638722140e-01,-1.275917345622360616e-02,-9.999999999999994449e-01
2.583087292951607772e+00,-8.881135373093672625e-01,9.704283444183413598e-01,-1.276485935702887931e-01,9.999999999999995559e-01
2.583087292951607772e+00,-8.545274372076555602e-01,9.973672398147546136e-01,2.584421566283180982e-01,1.000000000000000444e+00
2.583087292951607772e+00,-6.327273072900879702e-01,9.999569691715587405e-01,-8.946455691674159993e-01,-1.000000000000000666e+00
2.583087292951607772e+00,-6.327273072900874151e-01,9.999569691715596287e-01,8.946455691674169985e-01,1.000000000000001776e+00
2.583087292951607772e+00,-5.775102800314838580e-01,9.999729117176786586e-01,8.958875334771890797e-01,-9.999999999999983347e-01
2.583087292951607772e+00,-4.975559819827179431e-01,9.999848661390067228e-01,-9.052744751624233199e-01,1.000000000000000000e+00
2.583087292951607772e+00,5.265007672172967723e-01,9.999825729554707721e-01,9.000749759310471276e-01,-1.000000000000000888e+00
2.583087292951607772e+00,5.265007672172975495e-01,9.999825729554698839e-01,-9.000749759310462395e-01,1.000000000000000000e+00
2.583087292951607772e+00,5.734721803225703018e-01,9.999760540299761358e-01,-8.977402244759475902e-01,-9.999999999999991118e-01
2.583087292951607772e+00,7.042449109660338102e-01,9.999101738380743454e-01,8.944100220922033273e-01,1.000000000000000444e+00
2.583087292951607772e+00,9.016875309900332924e-01,9.932268345315309332e-01,-2.981865768175374631e-01,-1.000000000000000000e+00
2.583087292951607772e+00,9.016875310002625543e-01,9.932268353777424785e-01,2.981865756242301768e-01,9.999999999999993339e-01
2.583087292951607772e+00,9.098282326830060551e-01,9.581704733127818230e-01,2.634843992975132165e-01,-1.000000000000000000e+00
2.583087292951607772e+00,9.098282329748728081e-01,9.581704919996808512e-01,-2.634844119381179461e-01,1.000000000000000000e+00
2.583087292951607772e+00,9.143918612638894938e-01,9.601279131086299934e-01,-2.957838167529101489e-02,-9.999999999999997780e-01
2.583087292951607772e+00,9.159184024740575358e-01,9.588127403741972810e-01,4.624761954365292499e-02,9.999999999999994449e-01
2.583087292951607772e+00,9.373316763267420804e-01,9.684854486389897765e-01,4.475304596168136820e-03,-9.999999999999983347e-01
2.617993877991493967e+00,-9.351757537195302117e-01,9.795495585100186808e-01,-4.172025269975963846e-02,-1.000000000000000000e+00
2.617993877991493967e+00,-9.351757536014796424e-01,9.795495430882672494e-01,4.172025282626012910e-02,1.000000000000000444e+00
2.617993877991493967e+00,-9.034076647284134953e-01,9.929179575330965291e-01,3.082320296124214584e-02,-1.000000000000000666e+00
2.617993877991493967e+00,-8.805528285064304628e-01,9.772412214029019273e-01,-1.861759034241478733e-02,-9.999999973938616948e-01
2.617993877991493967e+00,-8.805528285034123215e-01,9.772412212108333440e-01,1.861759019423620334e-02,9.999999973938615838e-01
2.617993877991493967e+00,-8.746027932311442044e-01,9.783228996036644753e-01,-8.654794825789990584e-03,-1.000000000000001332e+00
2.617993877991493967e+00,-8.741099322165655217e-01,9.777011485195484797e-01,-8.437359297917260137e-02,9.999999999999991118e-01
2.617993877991493967e+00,-8.366742446205868156e-01,9.984714152045008895e-01,2.159743324527387265e-01,1.000000000000000666e+00
2.617993877991493967e+00,-6.074275569053088075e-01,9.999798526632854845e-01,-8.873325395952769146e-01,-1.000000000000000888e+00
2.617993877991493967e+00,-6.074275569053088075e-01,9.999798526632849294e-01,8.873325395952766925e-01,1.000000000000000000e+00
2.617993877991493967e+00,-5.518323225969196111e-01,9.999870595824268404e-01,8.877382873180786893e-01,-9.999999999999994449e-01
2.617993877991493967e+00,-4.710236202051184540e-01,9.999925993088079057e-01,-8.983302801684668326e-01,9.999999999999987788e-01
2.617993877991493967e+00,5.001711455526033356e-01,9.999915364673912510e-01,-8.915860524837593282e-01,1.000000000000000222e+00
2.617993877991493967e+00,5.001711455526033356e-01,9.999915364673922502e-01,8.915860524837601053e-01,-1.000000000000001110e+00
2.617993877991493967e+00,5.474348171721490353e-01,9.999885379497248650e-01,-8.891875686695087655e-01,-1.000000000000000888e+00
2.617993877991493967e+00,6.793468424392921090e-01,9.999593362792313922e-01,8.898112161244128293e-01,1.000000000000000888e+00
2.617993877991493967e+00,8.840635986183380535e-01,9.965992053242480608e-01,-1.843732888109318735e-01,-9.999999999999993339e-01
2.617993877991493967e+00,8.840635986185593209e-01,9.965992053418115670e-01,1.843732887850407509e-01,9.999999999999992228e-01
2.617993877991493967e+00,8.957638973501058643e-01,9.695525448679690461e-01,1.438999874640166932e-01,-9.999999972582113150e-01
2.617993877991493967e+00,8.957638973689747708e-01,9.695525460885799918e-01,-1.438999877606687572e-01,9.999999972582109820e-01
2.617993877991493967e+00,9.011196189666046408e-01,9.702825631180325150e-01,-2.377666562486902002e-02,-1.000000000000000000e+00
2.617993877991493967e+00,9.023431553299129382e-01,9.695119049197147287e-01,3.762536729400701302e-02,1.000000000000000222e+00
2.617993877991493967e+00,9.191565872842845097e-01,9.864431361546945887e-01,4.607880489981411309e-03,-1.000000000000000000e+00
2.652900463031381051e+00,-9.170166990808231722e-01,9.916397654102400150e-01,-4.208188431500983762e-02,-9.999999980236689012e-01
2.652900463031381051e+00,-9.170166990790928896e-01,9.916397652118248418e-01,4.208188431869916424e-02,9.999999980236693453e-01
2.652900463031381051e+00,-8.849682540176444512e-01,9.965849881081897399e-01,2.716599002665416943e-02,-1.000000000000000666e+00
2.652900463031381051e+00,-8.666139126048363339e-01,9.829153831662704732e-01,-1.681495016348607402e-02,-9.999999297284619670e-01
2.652900463031381051e+00,-8.666139126046145114e-01,9.829153831527825957e-01,1.681495015620960640e-02,9.999999297284624111e-01
2.652900463031381051e+00,-8.607560562189134901e-01,9.835970444205578422e-01,-5.706199532176326784e-03,-9.999999999999995559e-01
2.652900463031381051e+00,-8.602131199958488184e-01,9.833333886506393506e-01,-5.456706471888095322e-02,1.000000000000000222e+00
2.652900463031381051e+00,-8.192157109569923046e-01,9.991251193696508714e-01,1.850534132779213248e-01,9.999999999999990008e-01
2.652900463031381051e+00,-5.817179690207042730e-01,9.999911013437104979e-01,-8.777773535350975598e-01,-1.000000000000001998e+00
2.652900463031381051e+00,-5.817179690207037179e-01,9.999911013437090546e-01,8.777773535350956724e-01,1.000000000000000666e+00
2.652900463031381051e+00,-5.258227648894480133e-01,9.999941630022247674e-01,8.773640603156664941e-01,-1.000000000000000000e+00
2.652900463031381051e+00,-4.441912577068757861e-01,9.999965792840287415e-01,-8.894544293793856804e-01,9.999999999999982236e-01
2.652900463031381051e+00,4.735910911356182029e-01,9.999961133512959011e-01,8.809975230431725812e-01,-1.000000000000000444e+00
2.652900463031381051e+00,4.735910911356182584e-01,9.999961133512970113e-01,-8.809975230431738025e-01,1.000000000000001332e+00
2.652900463031381051e+00,5.211193518862495822e-01,9.999948140494812066e-01,-8.784605053431890909e-01,-1.000000000000000444e+00
2.652900463031381051e+00,6.538907068295647385e-01,9.999826585164176551e-01,8.830122803508391183e-01,1.000000000000000000e+00
2.652900463031381051e+00,8.663414440828246521e-01,9.981038487461355579e-01,-1.240881665849475068e-01,-9.999999999999997780e-01
2.652900463031381051e+00,8.663414440828304253e-01,9.981038487465609954e-01,1.240881665845241094e-01,1.000000000000000222e+00
2.652900463031381051e+00,8.820905184946884470e-01,9.780914621716064739e-01,8.031963289458209088e-02,-9.999999999999994449e-01
2.652900463031381051e+00,8.820905184957791301e-01,9.780914622413199311e-01,-8.031963289752110102e-02,1.000000000000000666e+00
2.652900463031381051e+00,8.876902328113949192e-01,9.780884793362438767e-01,-1.949455755189885217e-02,-1.000000000000000444e+00
2.652900463031381051e+00,8.886529355459011903e-01,9.776594673138591096e-01,3.034311546387492495e-02,1.000000000000000444e+00
2.652900463031381051e+00,9.011533836229865813e-01,9.938285254750481856e-01,5.001669947560177278e-03,-1.000000000000000222e+00
2.652900463031381051e+00,9.495291328433872469e-01,9.193189092866499434e-01,1.889400955794474923e-02,1.000000000000000666e+00
2.687807048071267246e+00,-8.993253183677489826e-01,9.963629751325855377e-01,-4.168202696073915192e-02,-9.999999999999995559e-01
2.687807048071267246e+00,-8.993253183677241136e-01,9.963629751299584170e-01,4.168202696081116376e-02,1.000000000000000000e+00
2.687807048071267246e+00,-8.671675104080065477e-01,9.983478777748773236e-01,2.446210229605685904e-02,-1.000000000000001110e+00
2.687807048071267246e+00,-8.527444216102364472e-01,9.873814305555522752e-01,-1.450977994494254651e-02,-9.999994356910800741e-01
2.687807048071267246e+00,-8.527444216102255670e-01,9.873814305548490600e-01,1.450977994467531583e-02,9.999994356910784088e-01
2.687807048071267246e+00,-8.469635201765151056e-01,9.878091238213422276e-01,-3.751830895055555115e-03,-1.000000000000000444e+00
2.687807048071267246e+00,-8.464602286118746433e-01,9.877107966692575403e-01,-3.411926754007583301e-02,1.000000000000000444e+00
2.687807048071267246e+00,-8.023539972668534137e-01,9.995122184367032370e-01,1.620324638605618872e-01,9.999999999999987788e-01
2.687807048071267246e+00,-5.557089856499328739e-01,9.999963206177030495e-01,-8.655547594463537386e-01,-1.000000000000000444e+00
2.687807048071267246e+00,-5.557089856499319858e-01,9.999963206177019392e-01,8.655547594463529615e-01,9.999999999999990008e-01
2.687807048071267246e+00,-4.995887460728897222e-01,9.999975332196429090e-01,8.643364242837996425e-01,-1.000000000000000444e+00
2.687807048071267246e+00,-4.171487120640813284e-01,9.999985173252864401e-01,-8.783144708431636083e-01,9.999999999999990008e-01
2.687807048071267246e+00,4.468597016325514537e-01,9.999983256464977099e-01,-8.679054083514086138e-01,1.000000000000002887e+00
2.687807048071267246e+00,4.468597016325515647e-01,9.999983256464950454e-01,8.679054083514063933e-01,-1.000000000000000222e+00
2.687807048071267246e+00,4.946299243010298108e-01,9.999977996141121706e-01,-8.651367236034579467e-01,-9.999999999999997780e-01
2.687807048071267246e+00,6.279849679350282265e-01,9.999930851820680866e-01,8.736242681788614073e-01,1.000000000000000444e+00
2.687807048071267246e+00,8.490643897844485366e-01,9.989666009825262094e-01,-9.172788014658614375e-02,-1.000000000000000888e+00
2.687807048071267246e+00,8.490643897844489807e-01,9.989666009825360904e-01,9.172788014658884992e-02,1.000000000000001110e+00
2.687807048071267246e+00,8.685685950282624468e-01,9.843150807713644257e-01,4.656527234782383007e-02,-9.999998456564364036e-01
2.687807048071267246e+00,8.685685950283149603e-01,9.843150807745809638e-01,-4.656527234758200962e-02,9.999998456564379579e-01
2.687807048071267246e+00,8.742383040237756697e-01,9.840858003702747103e-01,-1.638196386763475856e-02,-9.999999999999995559e-01
2.687807048071267246e+00,8.749800577169608573e-01,9.838635526862844483e-01,2.421353103530313189e-02,1.000000000000000222e+00
2.687807048071267246e+00,8.836561880792367374e-01,9.971251213949274828e-01,5.418821008626802278e-03,-9.999999999999995559e-01
2.687807048071267246e+00,9.330194031702302437e-01,9.764744528538963353e-01,1.689209568321874827e-02,9.999999999999985567e-01
2.722713633111154330e+00,-8.823734741042333907e-01,9.983789602319638190e-01,4.079995331764894873e-02,9.999999931607415071e-01
2.722713633111154330e+00,-8.823734741042333907e-01,9.983789602319966816e-01,-4.079995331764915689e-02,-9.999999931607425063e-01
2.722713633111154330e+00,-8.501602847112201822e-01,9.992116154916822479e-01,2.255815483470428179e-02,-1.000000000000000888e+00
2.722713633111154330e+00,-8.390751623432873840e-01,9.908669654301124341e-01,1.198941375920497057e-02,9.999997634478076103e-01
2.722713633111154330e+00,-8.390751623432873840e-01,9.908669654301417440e-01,-1.198941375920861696e-02,-9.999997634478104969e-01
2.722713633111154330e+00,-8.333575332067083563e-01,9.911341764683085920e-01,-2.638290542245764515e-03,-1.000000000000000666e+00
2.722713633111154330e+00,-8.329337035497080821e-01,9.911049228036191705e-01,-2.013947448911843768e-02,9.999999999999997780e-01
2.722713633111154330e+00,-7.862457175985461122e-01,9.997379279289293486e-01,1.443506535829660320e-01,9.999999999999984457e-01
2.722713633111154330e+00,-5.295325145745275464e-01,9.999985892364041673e-01,-8.501519217589689204e-01,-1.000000000000000000e+00
2.722713633111154330e+00,-5.295325145745272133e-01,9.999985892364035012e-01,8.501519217589685873e-01,9.999999999999995559e-01
2.722713633111154330e+00,-4.732587614680497934e-01,9.999990326331112955e-01,8.481262655822399132e-01,-1.000000000000000666e+00
2.722713633111154330e+00,-3.900032539436349976e-01,9.999994032420786993e-01,-8.644948194987935874e-01,9.999999999999998890e-01
2.722713633111154330e+00,4.200957909060752948e-01,9.999993299601105390e-01,8.518015256108458777e-01,-1.000000000000001554e+00
2.722713633111154330e+00,4.200957909060760165e-01,9.999993299601086516e-01,-8.518015256108448785e-01,9.999999999999995559e-01
2.722713633111154330e+00,4.680911565494423332e-01,9.999991329721622524e-01,-8.486880372931502325e-01,-9.999999999999998890e-01
2.722713633111154330e+00,6.017586893309944118e-01,9.999974456753349950e-01,8.612150743478705905e-01,9.999999999999984457e-01
2.722713633111154330e+00,8.324774864713552214e-01,9.994591800305955287e-01,7.227019859288033587e-02,9.999999926452468602e-01
2.722713633111154330e+00,8.324774864713553324e-01,9.994591800305963059e-01,-7.227019859288036363e-02,-9.999999926452478594e-01
2.722713633111154330e+00,8.552304380458104482e-01,9.889167669025937801e-01,2.720486190986202979e-02,-9.999998341816132008e-01
2.722713633111154330e+00,8.552304380458120026e-01,9.889167669027068008e-01,-2.720486190984608421e-02,9.999998341816132008e-01
2.722713633111154330e+00,8.609057583028965066e-01,9.886647342285646012e-01,-1.428246056588422172e-02,-9.999999999999995559e-01
2.722713633111154330e+00,8.614635210345672478e-01,9.885617394271707381e-01,1.913872411056082024e-02,1.000000000000000444e+00
2.722713633111154330e+00,8.668699633417001893e-01,9.986671232392209108e-01,5.861656405720930621e-03,-9.999999999999991118e-01
2.722713633111154330e+00,9.165729399627613461e-01,9.919904219601739515e-01,1.352814719382955735e-02,1.000000000000000666e+00
2.757620218151040525e+00,-9.492415400921961899e-01,3.994965821156722940e-01,2.742749947033347457e-02,-1.000000000000000000e+00
2.757620218151040525e+00,-9.492076698343540064e-01,3.993332879892555476e-01,-2.700740022531576343e-02,9.999999999999998890e-01
2.757620218151040525e+00,-8.663300297435549968e-01,9.992807272362428384e-01,-3.946596188735149169e-02,-9.999999926858059718e-01
2.757620218151040525e+00,-8.663300297435547748e-01,9.992807272362435045e-01,3.946596188735101984e-02,9.999999926858071930e-01
2.757620218151040525e+00,-8.340696018164653891e-01,9.996344323063452997e-01,2.130652255193004815e-02,-9.999999999999998890e-01
2.757620218151040525e+00,-8.257442206192441292e-01,9.935532834589058115e-01,-9.510319104868953516e-03,-9.999991013038105336e-01
2.757620218151040525e+00,-8.257442206192435741e-01,9.935532834589051454e-01,9.510319104868896270e-03,9.999991013038104226e-01
2.757620218151040525e+00,-8.200781135740937700e-01,9.937192835734764973e-01,-2.206055220718934184e-03,-1.000000000000000666e+00
2.757620218151040525e+00,-8.197450119181274308e-01,9.937146211262376516e-01,-1.067319624243801349e-02,9.999999999999985567e-01
2.757620218151040525e+00,-7.710202505708410037e-01,9.998658242162985488e-01,1.303015654007862456e-01,1.000000000000000444e+00
2.757620218151040525e+00,-5.033460714816005988e-01,9.999995043651781490e-01,8.309284773936828072e-01,1.000000000000000000e+00
2.757620218151040525e+00,-5.033460714815999326e-01,9.999995043651775939e-01,-8.309284773936824742e-01,-9.999999999999996669e-01
2.757620218151040525e+00,-4.469871757396367551e-01,9.999996522296356050e-01,8.280645480663646474e-01,-1.000000000000001554e+00
2.757620218151040525e+00,-3.628833096283568538e-01,9.999997797097335273e-01,-8.474646345439437178e-01,1.000000000000000666e+00
2.757620218151040525e+00,3.934424759136642136e-01,9.999997539878768826e-01,8.300901414050070315e-01,-9.976602787504558201e-01
2.757620218151040525e+00,3.934424759136644356e-01,9.999997539878764385e-01,-8.300901414050064764e-01,9.976602787504558201e-01
2.757620218151040525e+00,4.416528720691262344e-01,9.999996866077441871e-01,-8.284421662104977102e-01,-9.999999999999988898e-01
2.757620218151040525e+00,5.753644462183019614e-01,9.999991360345508173e-01,8.452692104193606504e-01,1.000000000000000666e+00
2.757620218151040525e+00,8.167371848233605514e-01,9.997305202590591744e-01,-5.932055780260336864e-02,-9.999999837823637661e-01
2.757620218151040525e+00,8.167371848233608844e-01,9.997305202590591744e-01,5.932055780260162697e-02,9.999999837823638771e-01
2.757620218151040525e+00,8.421848320400384669e-01,9.923295061057182398e-01,1.553155496405705244e-02,-9.999992458337665369e-01
2.757620218151040525e+00,8.421848320400385779e-01,9.923295061057217925e-01,-1.553155496405831185e-02,9.999992458337668699e-01
2.757620218151040525e+00,8.478413084332762084e-01,9.921191560184047242e-01,-1.343924318591354326e-02,-9.999999999999994449e-01
2.757620218151040525e+00,8.482488613160875657e-01,9.920824758656862086e-01,1.504146575169729508e-02,1.000000000000000222e+00
2.757620218151040525e+00,8.509427576440145025e-01,9.994027232521476289e-01,6.734179779408060521e-03,-9.999999999999996669e-01
2.757620218151040525e+00,9.008706088333948703e-01,9.970143790726786470e-01,9.408164827327118382e-03,1.000000000000000000e+00
2.757620218151040525e+00,9.423371528450683599e-01,4.034695110158484921e-01,6.751582831329798473e-02,-9.999999999999998890e-01
2.757620218151040525e+00,9.423371657649215472e-01,4.034703446284529926e-01,-6.751945027432584845e-02,1.000000000000000222e+00
2.757620218151040525e+00,9.432111823353706015e-01,4.029442879851040660e-01,-6.197329640639780146e-02,-1.000000000000000666e+00
2.757620218151040525e+00,9.433402017122676231e-01,4.052953208467149349e-01,6.211776599795631321e-02,9.999999999999992228e-01
2.792526803190927609e+00,-9.418095220021267533e-01,4.102441926447541465e-01,-1.678256394425079942e-02,-9.999999999999996669e-01
2.792526803190927609e+00,-9.418095217853399426e-01,4.102441807445932342e-01,1.678258619697201373e-02,9.999999999999988898e-01
2.792526803190927609e+00,-9.409460837161855995e-01,4.103369073241844855e-01,2.346062293961597919e-02,-9.999999999999998890e-01
2.792526803190927609e+00,-9.409304247386210962e-01,4.102635667757232318e-01,-2.326950756189634720e-02,1.000000000000000000e+00
2.792526803190927609e+00,-8.513182570752207967e-01,9.996899307550701774e-01,3.763740066247008714e-02,9.999999991264650889e-01
2.792526803190927609e+00,-8.513182570752205747e-01,9.996899307550678460e-01,-3.763740066247023286e-02,-9.999999991264632015e-01
2.792526803190927609e+00,-8.190004207124772506e-01,9.998377205569309867e-01,2.054335037536099071e-02,-1.000000000000000666e+00
2.792526803190927609e+00,-8.128955786368823322e-01,9.955883069277741138e-01,-7.271336266173441566e-03,-9.999982787870854706e-01
2.792526803190927609e+00,-8.128955786368818881e-01,9.955883069277757791e-01,7.271336266174659342e-03,9.999982787870869139e-01
2.792526803190927609e+00,-8.072710923968776653e-01,9.956903167316539793e-01,-2.278272619585678359e-03,-9.999999999999993339e-01
2.792526803190927609e+00,-8.070242934196499851e-01,9.956920174091919984e-01,-4.394940019954008022e-03,9.999999999999995559e-01
2.792526803190927609e+00,-7.567898093233277335e-01,9.999353725221844513e-01,1.187544513722638279e-01,1.000000000000000666e+00
2.792526803190927609e+00,-4.773381723485960459e-01,9.999998428995104938e-01,-8.070670993877914201e-01,-1.000000000000001110e+00
2.792526803190927609e+00,-4.773381723485956574e-01,9.999998428995091615e-01,8.070670993877904209e-01,9.999999999999997780e-01
2.792526803190927609e+00,-4.209600678165419940e-01,9.999998871701859526e-01,8.032939594114446580e-01,-1.000000000000001554e+00
2.792526803190927609e+00,-3.359432788634160727e-01,9.999999265983093855e-01,-8.265374229962617614e-01,1.000000000000000888e+00
2.792526803190927609e+00,3.670730868349914022e-01,9.999999184375570893e-01,8.077762341439487237e-01,-9.999999999999991118e-01
2.792526803190927609e+00,3.670730868349914577e-01,9.999999184375579775e-01,-8.077762341439499449e-01,1.000000000000000000e+00
2.792526803190927609e+00,4.154961637280683018e-01,9.999998977205454276e-01,-8.035356264380741909e-01,-1.000000000000000444e+00
2.792526803190927609e+00,5.489821439850400830e-01,9.999997364513227849e-01,8.251372944550294797e-01,9.999999999999993339e-01
2.792526803190927609e+00,8.019653537512170249e-01,9.998735535801137608e-01,-4.993465154368703640e-02,-9.999999981618161726e-01
2.792526803190927609e+00,8.019653537512173580e-01,9.998735535801142049e-01,4.993465154368983971e-02,9.999999981618162836e-01
2.792526803190927609e+00,8.295688446647601078e-01,9.948394588277448269e-01,8.350084985267893986e-03,-9.999999271289106151e-01
2.792526803190927609e+00,8.295688446647605518e-01,9.948394588277443829e-01,-8.350084985269790039e-03,9.999999271289105041e-01
2.792526803190927609e+00,8.351984285343576619e-01,9.946692363991492813e-01,-1.846707587793046390e-02,-9.999999999999998890e-01
2.792526803190927609e+00,8.354868563220981814e-01,9.946801925286288260e-01,1.182762814988499306e-02,9.999999999999996669e-01
2.792526803190927609e+00,8.359946314979861404e-01,9.997646939722856230e-01,1.280313198028019440e-02,-1.000000000000000222e+00
2.792526803190927609e+00,8.861791696532652640e-01,9.988535682415048411e-01,4.801375503509574399e-03,9.999999999999993339e-01
2.792526803190927609e+00,9.337152606188650061e-01,4.143226825419835668e-01,6.739581611346850964e-02,-9.999999999999993339e-01
2.792526803190927609e+00,9.337152610003025544e-01,4.143227065972499568e-01,-6.739592829906911053e-02,9.999999999999985567e-01
2.792526803190927609e+00,9.345759236801649550e-01,4.143691340840528481e-01,-6.130569560112868188e-02,-1.000000000000001776e+00
2.792526803190927609e+00,9.346303023530070364e-01,4.152436866353082512e-01,6.133736518900769624e-02,1.000000000000001332e+00
2.827433388230813804e+00,-9.334616253454527390e-01,4.187629864986779915e-01,-1.324592201962475520e-02,-9.999999999999549249e-01
2.827433388230813804e+00,-9.334616253411012199e-01,4.187629862603982067e-01,1.324592240521789942e-02,9.999999999999564793e-01
2.827433388230813804e+00,-9.326179670620279305e-01,4.186183665605700543e-01,1.985670500134519706e-02,-1.000000000000000222e+00
2.827433388230813804e+00,-9.326112700105295694e-01,4.185873718101517094e-01,-1.977724166743944495e-02,1.000000000000001332e+00
2.827433388230813804e+00,-8.374378828868871416e-01,9.998731926635263667e-01,3.528154327436256593e-02,9.999999993008980015e-01
2.827433388230813804e+00,-8.374378828868864755e-01,9.998731926635255896e-01,-3.528154327436439086e-02,-9.999999993008965582e-01
2.827433388230813804e+00,-8.050463287830841308e-01,9.999321929754931837e-01,2.008035213378363965e-02,-1.000000000000000888e+00
2.827433388230813804e+00,-8.006770564575296234e-01,9.970951655089874688e-01,-5.395375990844327591e-03,-9.999996371591024502e-01
2.827433388230813804e+00,-8.006770564575291793e-01,9.970951655089889121e-01,5.395375990844990255e-03,9.999996371591038935e-01
2.827433388230813804e+00,-7.950857981765301341e-01,9.971565410763583159e-01,-2.656283270939451165e-03,-1.000000000000000000e+00
2.827433388230813804e+00,-7.949131008044134639e-01,9.971585529058141217e-01,-3.885611633459158903e-04,9.999999999999995559e-01
2.827433388230813804e+00,-7.436548738986500373e-01,9.999711731116199820e-01,1.089506541506823634e-01,1.000000000000001110e+00
2.827433388230813804e+00,-4.517353388175497919e-01,9.999999559846541874e-01,-7.775163471796773251e-01,-1.000000000000000666e+00
2.827433388230813804e+00,-4.517353388175494033e-01,9.999999559846527442e-01,7.775163471796769921e-01,9.999999999999992228e-01
2.827433388230813804e+00,-3.954027348535777420e-01,9.999999676417243855e-01,7.727132378235833654e-01,-9.999999999999998890e-01
2.827433388230813804e+00,-3.093697836076262919e-01,9.999999783835070710e-01,-8.008221198399565477e-01,1.000000000000000888e+00
2.827433388230813804e+00,3.411987087639301586e-01,9.999999760903696133e-01,-7.779450346902105906e-01,9.999999999999998890e-01
2.827433388230813804e+00,3.411987087639307137e-01,9.999999760903689472e-01,7.779450346902099245e-01,-9.999999999999993339e-01
2.827433388230813804e+00,3.898411211006578281e-01,9.999999704833745229e-01,-7.728593184529185534e-01,-1.000000000000000444e+00
2.827433388230813804e+00,5.228242186449773010e-01,9.999999289410985703e-01,7.999770990716806862e-01,9.999999999999996669e-01
2.827433388230813804e+00,7.882665333653097184e-01,9.999449592942637466e-01,4.261796924388364105e-02,1.000000000000000222e+00
2.827433388230813804e+00,7.882665333653097184e-01,9.999449592942646348e-01,-4.261796924388172592e-02,-1.000000000000001332e+00
2.827433388230813804e+00,8.175319906778184542e-01,9.966531087651931964e-01,-3.957937441963172570e-03,9.999999568375392833e-01
2.827433388230813804e+00,8.175319906778192314e-01,9.966531087651941956e-01,3.957937441961118658e-03,-9.999999568375401715e-01
2.827433388230813804e+00,8.221249438018555233e-01,9.998693316196504144e-01,-3.506862585643201816e-03,-9.999999999999995559e-01
2.827433388230813804e+00,8.231381938279375143e-01,9.965851572194408536e-01,-1.651191214692687877e-03,-9.999999999999986677e-01
2.827433388230813804e+00,8.233313836223742355e-01,9.965565457670113592e-01,9.372671380421760887e-03,9.999999999999998890e-01
2.827433388230813804e+00,8.726420820158528047e-01,9.995666691519490277e-01,-1.756469368034581629e-04,9.999999999999992228e-01
2.827433388230813804e+00,9.251243447822645738e-01,4.230514188250520946e-01,6.504365046534305028e-02,-9.999999999999674705e-01
2.827433388230813804e+00,9.251243447897136152e-01,4.230514192897252834e-01,-6.504365270667222809e-02,9.999999999999700240e-01
2.827433388230813804e+00,9.259509908171821291e-01,4.231764881801686196e-01,-5.904187506809589064e-02,-1.000000000000000222e+00
2.827433388230813804e+00,9.259729384091698323e-01,4.234989817026575953e-01,5.904217660425444686e-02,9.999999999999996669e-01
2.862339973270700888e+00,-9.252519408764783293e-01,4.246246240449655929e-01,-1.065035138649875548e-02,-9.999982438435595089e-01
2.862339973270700888e+00,-9.252519408764268150e-01,4.246246240421424067e-01,1.065035139046284669e-02,9.999982438435596199e-01
2.862339973270700888e+00,-9.244384479053934234e-01,4.246069627279986936e-01,1.672973566762172432e-02,-1.000000000000000444e+00
2.862339973270700888e+00,-9.244358517852846457e-01,4.245949329154650176e-01,-1.670005766069590156e-02,9.999999999999991118e-01
2.862339973270700888e+00,-8.247746972229224038e-01,9.999520817195464151e-01,3.240899423122484829e-02,9.999999997758762804e-01
2.862339973270700888e+00,-8.247746972229219597e-01,9.999520817195470812e-01,-3.240899423122430012e-02,-9.999999997758775017e-01
2.862339973270700888e+00,-7.922928171995504698e-01,9.999739031303851444e-01,1.971348081544796460e-02,-1.000000000000000666e+00
2.862339973270700888e+00,-7.892376567157858291e-01,9.981780812994028862e-01,3.925887251691068461e-03,9.999979126736303625e-01
2.862339973270700888e+00,-7.892376567157854961e-01,9.981780812994044405e-01,-3.925887251691143054e-03,-9.999979126736323609e-01
2.862339973270700888e+00,-7.836723632903819237e-01,9.982136950397634267e-01,-3.129095819434442316e-03,-9.999999999999992228e-01
2.862339973270700888e+00,-7.835586757994328355e-01,9.982148117259324049e-01,1.994804504119955611e-03,9.999999999999993339e-01
2.862339973270700888e+00,-7.317069811232344012e-01,9.999883342561995958e-01,1.003707576202678975e-01,1.000000000000000000e+00
2.862339973270700888e+00,-4.268109611221759248e-01,9.999999893995122902e-01,7.409318313744464035e-01,1.000000000000000222e+00
2.862339973270700888e+00,-4.268109611221750921e-01,9.999999893995128453e-01,-7.409318313744456264e-01,-1.000000000000000888e+00
2.862339973270700888e+00,-3.705890461876831243e-01,9.999999920247306662e-01,7.349208768607792264e-01,-1.000000000000000444e+00
2.862339973270700888e+00,-2.833896358775512270e-01,9.999999945320484640e-01,-7.691677193033735760e-01,9.999999999999997780e-01
2.862339973270700888e+00,3.160775539761662700e-01,9.999999939768353663e-01,-7.411740587940808256e-01,9.999999999999998890e-01
2.862339973270700888e+00,3.160775539761666031e-01,9.999999939768352553e-01,7.411740587940794933e-01,-9.999999999999998890e-01
2.862339973270700888e+00,3.649563933028224794e-01,9.999999926781200088e-01,-7.350033503984387817e-01,-9.999999999999997780e-01
2.862339973270700888e+00,4.971426328353200641e-01,9.999999835258798209e-01,7.686897155935220605e-01,1.000000000000000222e+00
2.862339973270700888e+00,7.757344998694822857e-01,9.999782201852648322e-01,3.654724496572490933e-02,9.999999987632387510e-01
2.862339973270700888e+00,7.757344998694827298e-01,9.999782201852631669e-01,-3.654724496572517300e-02,-9.999999987632373077e-01
2.862339973270700888e+00,8.062285637153493445e-01,9.979291743734449716e-01,1.357969306035126163e-03,-9.999998631432488461e-01
2.862339973270700888e+00,8.062285637153495665e-01,9.979291743734441944e-01,-1.357969306035304623e-03,9.999998631432485130e-01
2.862339973270700888e+00,8.094319635457014606e-01,9.999545967328816731e-01,-3.806667011387791875e-04,-1.000000000000000666e+00
2.862339973270700888e+00,8.118125853983445550e-01,9.978805181260562707e-01,-4.682329974302655747e-03,-9.999999999999990008e-01
2.862339973270700888e+00,8.119366676643183789e-01,9.978740316729712845e-01,7.526583955459941952e-03,1.000000000000000666e+00
2.862339973270700888e+00,8.603568530307523776e-01,9.998449152178601196e-01,-5.447657135158023509e-03,9.999999999999997780e-01
2.862339973270700888e+00,9.167447406949980060e-01,4.298357062067393874e-01,6.087234245264478566e-02,-9.999884639340840264e-01
2.862339973270700888e+00,9.167447406950851585e-01,4.298357062121158090e-01,-6.087234247843294893e-02,9.999884639340835824e-01
2.862339973270700888e+00,9.175314335315618575e-01,4.297765339129737128e-01,-5.531532543180231465e-02,-1.000000000000000222e+00
2.862339973270700888e+00,9.175396609141645010e-01,4.298898262913432577e-01,5.531046762979238002e-02,1.000000000000000000e+00
2.897246558310587083e+00,-9.173883425097792976e-01,4.283901948778983115e-01,8.718101621777579746e-03,9.999185710041270658e-01
2.897246558310587083e+00,-9.173883425097787425e-01,4.283901948779147983e-01,-8.718101621759724237e-03,-9.999185710041266217e-01
2.897246558310587083e+00,-9.166040310157723692e-01,4.286496614828064211e-01,1.406519949175110903e-02,-1.000000000000001998e+00
2.897246558310587083e+00,-9.166031436230477336e-01,4.286455085445541879e-01,-1.405550393280328471e-02,1.000000000000001332e+00
2.897246558310587083e+00,-8.134050414623424929e-01,9.999838016097637450e-01,-2.907671928258385996e-02,-9.999999993690441569e-01
2.897246558310587083e+00,-8.134050414623420489e-01,9.999838016097643001e-01,2.907671928258347485e-02,9.999999993690444899e-01
2.897246558310587083e+00,-7.808187026712823942e-01,9.999910214816895015e-01,1.925157693384348459e-02,-1.000000000000001998e+00
2.897246558310587083e+00,-7.787244300681428477e-01,9.989264241167604697e-01,2.839227192561960458e-03,9.999962581006318629e-01
2.897246558310587083e+00,-7.787244300681417375e-01,9.989264241167589153e-01,-2.839227192562242784e-03,-9.999962581006305307e-01
2.897246558310587083e+00,-7.731787183765219673e-01,9.989459829344061736e-01,-3.501648799214315388e-03,-1.000000000000000444e+00
2.897246558310587083e+00,-7.731089856024160323e-01,9.989464267114530616e-01,3.226069295423549151e-03,9.999999999999997780e-01
2.897246558310587083e+00,-7.210299353975500036e-01,9.999958350444752009e-01,9.265071801265332974e-02,1.000000000000000888e+00
2.897246558310587083e+00,-4.028958882971743760e-01,9.999999978900417918e-01,6.956293995651741113e-01,9.999975324652838893e-01
2.897246558310587083e+00,-4.028958882971737099e-01,9.999999978900422359e-01,-6.956293995651756656e-01,-9.999975324652844444e-01
2.897246558310587083e+00,-3.468524207476859633e-01,9.999999983763163680e-01,6.881754191469495741e-01,-1.000000000000000888e+00
2.897246558310587083e+00,-2.582796390233108030e-01,9.999999988586862898e-01,-7.301091911721639960e-01,1.000000000000000888e+00
2.897246558310587083e+00,2.920260025802151604e-01,9.999999987472328877e-01,-6.957522889986095249e-01,9.999931477077733666e-01
2.897246558310587083e+00,2.920260025802154380e-01,9.999999987472322216e-01,6.957522889986100800e-01,-9.999931477077729225e-01
2.897246558310587083e+00,3.411703505842048068e-01,9.999999984996877922e-01,-6.882182106314024272e-01,-9.999999999999996669e-01
2.897246558310587083e+00,4.722378605824627540e-01,9.999999968414163831e-01,7.298592974135551525e-01,1.000000000000000888e+00
2.897246558310587083e+00,7.644548525871418532e-01,9.999923818688898347e-01,-3.123825747896319394e-02,-9.999999948230866575e-01
2.897246558310587083e+00,7.644548525871422973e-01,9.999923818688922772e-01,3.123825747895982857e-02,9.999999948230889890e-01
2.897246558310587083e+00,7.958123804700666382e-01,9.987945547346055442e-01,-7.830922520208938352e-05,-9.999992489990152666e-01
2.897246558310587083e+00,7.958123804700681925e-01,9.987945547346042119e-01,7.830922520262142863e-05,9.999992489990134903e-01
2.897246558310587083e+00,7.979970357317349716e-01,9.999849662953822493e-01,-5.268971320999015677e-04,-9.999999999999995559e-01
2.897246558310587083e+00,8.013796994597089940e-01,9.987669025367795772e-01,-4.744387922656760105e-03,-1.000000000000000666e+00
2.897246558310587083e+00,8.014541180590851743e-01,9.987650992683478890e-01,6.129974745030796444e-03,1.000000000000000444e+00
2.897246558310587083e+00,8.493999302631746184e-01,9.999495015986398228e-01,-1.094678107761586777e-02,1.000000000000001998e+00
2.897246558310587083e+00,9.087670801232576867e-01,4.349087489249056082e-01,5.528540828424368531e-02,-9.999990133610381360e-01
2.897246558310587083e+00,9.087670801232593520e-01,4.349087489249383598e-01,-5.528540828439007515e-02,9.999990133610390242e-01
2.897246558310587083e+00,9.095171871732116164e-01,4.345688433781137450e-01,-5.034273011132162773e-02,-1.000000000000001776e+00
2.897246558310587083e+00,9.095199552565707002e-01,4.346052412898912531e-01,5.033935501797692780e-02,9.999999999999996669e-01
2.932153143350473279e+00,-9.100776096514022750e-01,4.305837341607162694e-01,-7.168416539312204641e-03,-9.941851898621851813e-01
2.932153143350473279e+00,-9.100776096514019420e-01,4.305837341607153812e-01,7.168416539316592624e-03,9.941851898621834049e-01
2.932153143350473279e+00,-9.093158079621376233e-01,4.311404438205977407e-01,1.176715726236662006e-02,-9.999999999999990008e-01
2.932153143350473279e+00,-9.093155508672426945e-01,4.311392222221535064e-01,-1.176449275849212987e-02,9.999999999999995559e-01
2.932153143350473279e+00,-8.033978186451666836e-01,9.999953102552467943e-01,2.537348827376269614e-02,9.999999992603069154e-01
2.932153143350473279e+00,-8.033978186451666836e-01,9.999953102552470163e-01,-2.537348827376231797e-02,-9.999999992603074705e-01
2.932153143350473279e+00,-7.706964554896813535e-01,9.999973550175680348e-01,1.855650423522466411e-02,-1.000000000000000444e+00
2.932153143350473279e+00,-7.692790139911331870e-01,9.994173897637372850e-01,2.067312135129817895e-03,9.998089429207657197e-01
2.932153143350473279e+00,-7.692790139911331870e-01,9.994173897637389503e-01,-2.067312135128026793e-03,-9.998089429207672740e-01
2.932153143350473279e+00,-7.637473234237029951e-01,9.994273277000704780e-01,-3.634119991929952130e-03,-1.000000000000000888e+00
2.932153143350473279e+00,-7.637081507261487268e-01,9.994274620449400404e-01,3.653949840359089693e-03,1.000000000000000222e+00
2.932153143350473279e+00,-7.117000279583688416e-01,9.999987398573080277e-01,8.552954836259173133e-02,9.999999999999997780e-01
2.932153143350473279e+00,-3.803897362213818356e-01,9.999999996723979434e-01,-6.395959184664187225e-01,-9.999999999999998890e-01
2.932153143350473279e+00,-3.803897362213810585e-01,9.999999996723980544e-01,6.395959184664200547e-01,9.999999999999998890e-01
2.932153143350473279e+00,-3.245972350397865469e-01,9.999999997423701936e-01,6.304092741442801628e-01,-1.000000000000000222e+00
2.932153143350473279e+00,-2.343778463617980645e-01,9.999999998146461566e-01,-6.818343146240815056e-01,1.000000000000000000e+00
2.932153143350473279e+00,2.694302848197743239e-01,9.999999997971171783e-01,-6.396547707194828458e-01,1.000000000000000666e+00
2.932153143350473279e+00,2.694302848197743239e-01,9.999999997971169563e-01,6.396547707194826238e-01,-1.000000000000000666e+00
2.932153143350473279e+00,3.188826462477840074e-01,9.999999997604440694e-01,-6.304291893395598256e-01,-1.000000000000000666e+00
2.932153143350473279e+00,4.484695184908240595e-01,9.999999995271310338e-01,6.817160982984625806e-01,9.999999999999994449e-01
2.932153143350473279e+00,7.545057888604964624e-01,9.999977378288996688e-01,-2.639135247954338404e-02,-9.999999986659557916e-01
2.932153143350473279e+00,7.545057888604969065e-01,9.999977378288997798e-01,2.639135247954439017e-02,9.999999986659560136e-01
2.932153143350473279e+00,7.864323138841846639e-01,9.993528630363545107e-01,7.678391563362978352e-04,9.999957654628830461e-01
2.932153143350473279e+00,7.864323138841853300e-01,9.993528630363563980e-01,-7.678391563379109112e-04,-9.999957654628850445e-01
2.932153143350473279e+00,7.878977489323329975e-01,9.999957041160291160e-01,-1.336976758068506542e-03,-9.999999999999996669e-01
2.932153143350473279e+00,7.919880127365818145e-01,9.993388197044927868e-01,-4.356590775434174799e-03,-9.999999999999992228e-01
2.932153143350473279e+00,7.920289263391220302e-01,9.993383650829812392e-01,5.033116978992681866e-03,9.999999999999990008e-01
2.932153143350473279e+00,8.398359427360438945e-01,9.999857442995647716e-01,-1.660960776382272228e-02,1.000000000000000222e+00
2.932153143350473279e+00,9.013833879720509756e-01,4.385421049544322991e-01,-4.850176637034114835e-02,9.969910008657086875e-01
2.932153143350473279e+00,9.013833879720513087e-01,4.385421049544313554e-01,4.850176637034034344e-02,-9.969910008657079104e-01
2.932153143350473279e+00,9.021046474149371219e-01,4.379212880637572969e-01,-4.438875364798911677e-02,-9.999999999999988898e-01
2.932153143350473279e+00,9.021054471073337577e-01,4.379314699692751778e-01,4.438726362431999473e-02,9.999999999999988898e-01
2.967059728390360362e+00,-9.035162655471310478e-01,4.316665452578051787e-01,-5.929334307304316189e-03,-9.987010857949584208e-01
2.967059728390360362e+00,-9.035162655471297155e-01,4.316665452578050677e-01,5.929334307298975842e-03,9.987010857949569775e-01
2.967059728390360362e+00,-9.027688992892550779e-01,4.324791255272029122e-01,9.707967130863269511e-03,-1.000000000000001332e+00
2.967059728390360362e+00,-9.027688398749359466e-01,4.324788380969809554e-01,-9.707387403649046093e-03,1.000000000000002665e+00
2.967059728390360362e+00,-7.948151055749435034e-01,9.999989092592890261e-01,-2.139909271300821647e-02,-9.999999998139125212e-01
2.967059728390360362e+00,-7.948151055749427263e-01,9.999989092592892481e-01,2.139909271300708543e-02,9.999999998139121882e-01
2.967059728390360362e+00,-7.619918650894305090e-01,9.999993745905917386e-01,1.757208831073751518e-02,-9.999999999999998890e-01
2.967059728390360362e+00,-7.610340102867536594e-01,9.997175883656393980e-01,1.525409763743652662e-03,9.999904743411018870e-01
2.967059728390360362e+00,-7.610340102867529932e-01,9.997175883656391759e-01,-1.525409763743545109e-03,-9.999904743411018870e-01
2.967059728390360362e+00,-7.555116856422035010e-01,9.997221192345939755e-01,-3.469956175541298680e-03,-1.000000000000001110e+00
2.967059728390360362e+00,-7.554921084318645397e-01,9.997221498191908307e-01,3.539637902719237894e-03,1.000000000000000888e+00
2.967059728390360362e+00,-7.037856194317996250e-01,9.999996961938654172e-01,7.881706020753016795e-02,1.000000000000000444e+00
2.967059728390360362e+00,-3.597701539839113782e-01,9.999999999637355641e-01,5.705844421999105576e-01,1.000000000000001554e+00
2.967059728390360362e+00,-3.597701539839109341e-01,9.999999999637333437e-01,-5.705844421999104465e-01,-9.999999999999993339e-01
2.967059728390360362e+00,-3.043075751634203296e-01,9.999999999708927279e-01,5.593636955193954652e-01,-9.999999999999995559e-01
2.967059728390360362e+00,-2.120948043763978830e-01,9.999999999786183258e-01,-6.222127914012628436e-01,1.000000000000000444e+00
2.967059728390360362e+00,2.487560410539150779e-01,9.999999999766400194e-01,5.706082626031808713e-01,-1.000000000000000000e+00
2.967059728390360362e+00,2.487560410539151612e-01,9.999999999766385761e-01,-5.706082626031794280e-01,9.999999999999986677e-01
2.967059728390360362e+00,2.985730910476140365e-01,9.999999999727732236e-01,-5.593716966316573114e-01,-9.999999999999993339e-01
2.967059728390360362e+00,4.262671692615315755e-01,9.999999999494566527e-01,6.221638336874966146e-01,9.999999999999995559e-01
2.967059728390360362e+00,7.459579261065283351e-01,9.999994638911273714e-01,-2.181465566134943579e-02,-9.999999998585704652e-01
2.967059728390360362e+00,7.459579261065293343e-01,9.999994638911268163e-01,2.181465566135097275e-02,9.999999998585702432e-01
2.967059728390360362e+00,7.782281216111707201e-01,9.996892348189582167e-01,9.949502783662567823e-04,9.999996872791584446e-01
2.967059728390360362e+00,7.782281216111713862e-01,9.996892348189593269e-01,-9.949502783655245122e-04,-9.999996872791593328e-01
2.967059728390360362e+00,7.792040715293593323e-01,9.999990123875772685e-01,-2.454817550470540441e-03,-1.000000000000000666e+00
2.967059728390360362e+00,7.837765513452742416e-01,9.996829248996615958e-01,-3.804125112455776243e-03,-1.000000000000001110e+00
2.967059728390360362e+00,7.837965545506797582e-01,9.996828310038613497e-01,4.111306288358873573e-03,9.999999999999998890e-01
2.967059728390360362e+00,8.317211615832947880e-01,9.999967375280696125e-01,-2.238311989436967894e-02,1.000000000000000000e+00
2.967059728390360362e+00,8.947782777946989841e-01,4.410216679592644518e-01,-4.120776181198307353e-02,9.984026215880993371e-01
2.967059728390360362e+00,8.947782777946989841e-01,4.410216679592650624e-01,4.120776181198111676e-02,-9.984026215881004473e-01
2.967059728390360362e+00,8.954792987087224487e-01,4.401636709561008165e-01,-3.771885456034156092e-02,-1.000000000000000888e+00
2.967059728390360362e+00,8.954794847493730003e-01,4.401659883554574493e-01,3.771838665317246708e-02,9.999999999999992228e-01
3.001966313430246558e+00,-8.978829246140607179e-01,4.320283635714660120e-01,-6.326886949521355087e-04,-1.327519603356990263e-01
3.001966313430246558e+00,-8.978829246140604958e-01,4.320283635714659010e-01,6.326886949550901765e-04,1.327519603356987210e-01
3.001966313430246558e+00,-8.971430383694235511e-01,4.330368497536377093e-01,7.768459381641012323e-03,-1.000000000000000666e+00
3.001966313430246558e+00,-8.971430284728331150e-01,4.330368009592190925e-01,-7.768369173273622676e-03,9.999999999999987788e-01
3.001966313430246558e+00,-7.877118974729748757e-01,9.999998163477477053e-01,1.724602792068540696e-02,9.999999970423733009e-01
3.001966313430246558e+00,-7.877118974729748757e-01,9.999998163477463731e-01,-1.724602792068485879e-02,-9.999999970423723017e-01
3.001966313430246558e+00,-7.547633114981621150e-01,9.999998931141316216e-01,1.632175269244299717e-02,-9.999999999999983347e-01
3.001966313430246558e+00,-7.541093604096548164e-01,9.998837922665170241e-01,1.097826935227334474e-03,9.717558581085198322e-01
3.001966313430246558e+00,-7.541093604096540393e-01,9.998837922665173572e-01,-1.097826935227267904e-03,-9.717558581085197211e-01
3.001966313430246558e+00,-7.485927583845769506e-01,9.998855571472403669e-01,-3.032705650142870652e-03,-1.000000000000001332e+00
3.001966313430246558e+00,-7.485844800497130080e-01,9.998855620169672109e-01,3.078284357220074409e-03,1.000000000000000888e+00
3.001966313430246558e+00,-6.973463297792007465e-01,9.999999473105527503e-01,7.237433318749200706e-02,1.000000000000000222e+00
3.001966313430246558e+00,-3.415943486648814753e-01,9.999999999975386356e-01,-4.864501173579625082e-01,-9.999997934329679650e-01
3.001966313430246558e+00,-3.415943486648809757e-01,9.999999999975389686e-01,4.864501173579617310e-01,9.999997934329681870e-01
3.001966313430246558e+00,-2.865471454433107246e-01,9.999999999979874987e-01,4.729448799993059005e-01,-9.999999999999996669e-01
3.001966313430246558e+00,-1.919212222639337107e-01,9.999999999984958698e-01,-5.489613437440836741e-01,1.000000000000000000e+00
3.001966313430246558e+00,2.305500645236545909e-01,9.999999999983587573e-01,4.864577800587607248e-01,-9.999994208104526772e-01
3.001966313430246558e+00,2.305500645236547852e-01,9.999999999983583132e-01,-4.864577800587596701e-01,9.999994208104524551e-01
3.001966313430246558e+00,2.808016546041729455e-01,9.999999999981079579e-01,-4.729474796415006899e-01,-1.000000000000000222e+00
3.001966313430246558e+00,4.061377159868787001e-01,9.999999999966825426e-01,5.489445531382420862e-01,1.000000000000000000e+00
3.001966313430246558e+00,7.388735912354447155e-01,9.999999084782669190e-01,-1.738402126519203450e-02,-9.999999957205297774e-01
3.001966313430246558e+00,7.388735912354450486e-01,9.999999084782655867e-01,1.738402126519161123e-02,9.999999957205286671e-01
3.001966313430246558e+00,7.713264526277722188e-01,9.998731232920778922e-01,-9.501190039176792522e-04,-9.962801781897355768e-01
3.001966313430246558e+00,7.713264526277723299e-01,9.998731232920782253e-01,9.501190039179844551e-04,9.962801781897359099e-01
3.001966313430246558e+00,7.719779665953957482e-01,9.999998356142864031e-01,-3.762761553419934329e-03,-9.999999999999988898e-01
3.001966313430246558e+00,7.768709633134941450e-01,9.998707151149639483e-01,-3.151526415977188439e-03,-9.999999999999988898e-01
3.001966313430246558e+00,7.768792303232241458e-01,9.998707009433231985e-01,3.273122930863638612e-03,1.000000000000000222e+00
3.001966313430246558e+00,8.251044246428196338e-01,9.999994556895523967e-01,-2.822982821812553000e-02,9.999999999999996669e-01
3.001966313430246558e+00,8.891209950077785251e-01,4.426236513363750458e-01,-1.350737795818099428e-03,4.042832008710958019e-02
3.001966313430246558e+00,8.891209950077785251e-01,4.426236513363751568e-01,1.350737795817557761e-03,-4.042832008711058633e-02
3.001966313430246558e+00,8.898092638723251735e-01,4.415843494982842343e-01,-3.056485577064988607e-02,-1.000000000000000444e+00
3.001966313430246558e+00,8.898092952818013046e-01,4.415847351815782029e-01,3.056475620863658565e-02,1.000000000000000666e+00
3.036872898470133642e+00,-8.933320020435008280e-01,4.319856467735020411e-01,3.491871652828765129e-03,9.662662134976560679e-01
3.036872898470133642e+00,-8.933320020434990516e-01,4.319856467735021521e-01,-3.491871652824499878e-03,-9.662662134976557349e-01
3.036872898470133642e+00,-8.925948037466708840e-01,4.331324279837763802e-01,5.860954750783654681e-03,-1.000000000000001554e+00
3.036872898470133642e+00,-8.925948027639317717e-01,4.331324230469292824e-01,-5.860946452774445231e-03,1.000000000000001554e+00
3.036872898470133642e+00,-7.821353247256304098e-01,9.999999815234563716e-01,-1.298810924773625974e-02,-9.999999999998039346e-01
3.036872898470133642e+00,-7.821353247256299657e-01,9.999999815234549283e-01,1.298810924773739252e-02,9.999999999998027134e-01
3.036872898470133642e+00,-7.490608110491815408e-01,9.999999891057255175e-01,1.487745533784123539e-02,-1.000000000000001998e+00
3.036872898470133642e+00,-7.486088696557148259e-01,9.999630911088512875e-01,-8.144497332456322562e-04,-9.999716420517940074e-01
3.036872898470133642e+00,-7.486088696557146038e-01,9.999630911088525087e-01,8.144497332450421250e-04,9.999716420517951176e-01
3.036872898470133642e+00,-7.430953870090729607e-01,9.999636265581235417e-01,-2.394360141940065061e-03,-9.999999999999994449e-01
3.036872898470133642e+00,-7.430926933156742908e-01,9.999636270137816085e-01,2.412437311605512141e-03,1.000000000000000444e+00
3.036872898470133642e+00,-6.924320274624450322e-01,9.999999945675978053e-01,6.610209542558050100e-02,9.999999999999992228e-01
3.036872898470133642e+00,-3.264834008715897795e-01,9.999999999999216183e-01,3.857676963072037557e-01,9.999999999999987788e-01
3.036872898470133642e+00,-3.264834008715893909e-01,9.999999999999229505e-01,-3.857676963072050880e-01,-1.000000000000000000e+00
3.036872898470133642e+00,-2.719403837882285457e-01,9.999999999999362732e-01,3.698957423314834791e-01,-1.000000000000000444e+00
3.036872898470133642e+00,-1.744252364923871423e-01,9.999999999999522604e-01,-4.600485318918177136e-01,1.000000000000000666e+00
3.036872898470133642e+00,2.154247700375995500e-01,9.999999999999470424e-01,3.857695637943446831e-01,-9.999999999935113015e-01
3.036872898470133642e+00,2.154247700376000774e-01,9.999999999999481526e-01,-3.857695637943425182e-01,9.999999999935120787e-01
3.036872898470133642e+00,2.661896479853272934e-01,9.999999999999387157e-01,-3.698963455204066775e-01,-9.999999999999992228e-01
3.036872898470133642e+00,3.886625223499519666e-01,9.999999999999005240e-01,4.600442312140315959e-01,1.000000000000001332e+00
3.036872898470133642e+00,7.333058336637018337e-01,9.999999907007242061e-01,-1.302120165448800160e-02,-9.999999999958100183e-01
3.036872898470133642e+00,7.333058336637020558e-01,9.999999907007229849e-01,1.302120165448979183e-02,9.999999999958086860e-01
3.036872898470133642e+00,7.658370717260977178e-01,9.999599520762731952e-01,7.722664470606624377e-04,9.999987246745482006e-01
3.036872898470133642e+00,7.658370717260981619e-01,9.999599520762714189e-01,-7.722664470600257942e-04,-9.999987246745467573e-01
3.036872898470133642e+00,7.662724392938244922e-01,9.999999836577292411e-01,-5.199198855093910970e-03,-9.999999999999983347e-01
3.036872898470133642e+00,7.713799410477806262e-01,9.999592368656917696e-01,-2.423465068895736419e-03,-9.999999999999992228e-01
3.036872898470133642e+00,7.713825676462262582e-01,9.999592355821952383e-01,2.461333185862412277e-03,1.000000000000000444e+00
3.036872898470133642e+00,8.200268405355446433e-01,9.999999454366830243e-01,-3.412893544353753916e-02,1.000000000000000444e+00
3.036872898470133642e+00,8.845586985008632164e-01,4.435947254712607757e-01,2.426431956437646517e-02,-9.611877518167103451e-01
3.036872898470133642e+00,8.845586985008635494e-01,4.435947254712601651e-01,-2.426431956437721457e-02,9.611877518167097900e-01
3.036872898470133642e+00,8.852397788498189701e-01,4.424267831447663002e-01,-2.310808220137535937e-02,-9.999999999999991118e-01
3.036872898470133642e+00,8.852397820264760187e-01,4.424268218095386285e-01,2.310807005228544125e-02,9.999999999999996669e-01
3.071779483510019837e+00,-8.899886858924990207e-01,4.317824127414909841e-01,2.393334494574632983e-03,9.814236994101953604e-01
3.071779483510019837e+00,-8.899886858924986877e-01,4.317824127414906510e-01,-2.393334494576813964e-03,-9.814236994101954714e-01
3.071779483510019837e+00,-8.892516138429880090e-01,4.330190288167816148e-01,3.936187857368130330e-03,-9.999999999999992228e-01
3.071779483510019837e+00,-8.892516138049926244e-01,4.330190286225288898e-01,-3.936187562963032807e-03,9.999999999999992228e-01
3.071779483510019837e+00,-7.781236105874451692e-01,9.999999992757340195e-01,8.676586134495282987e-03,9.999999999992694732e-01
3.071779483510019837e+00,-7.781236105874445030e-01,9.999999992757329093e-01,-8.676586134496483416e-03,-9.999999999992682520e-01
3.071779483510019837e+00,-7.449249608578891735e-01,9.999999995681398968e-01,1.332154937137504380e-02,-1.000000000000000000e+00
3.071779483510019837e+00,-7.446170330581725061e-01,9.999926886472406684e-01,-5.345301641199392845e-04,-9.992207495847912346e-01
3.071779483510019837e+00,-7.446170330581723951e-01,9.999926886472397802e-01,5.345301641215159313e-04,9.992207495847903465e-01
3.071779483510019837e+00,-7.391050155047844683e-01,9.999927911287913584e-01,-1.636881146654065380e-03,-9.999999999999996669e-01
3.071779483510019837e+00,-7.391044705234202095e-01,9.999927911452347606e-01,1.640973891311031272e-03,1.000000000000000222e+00
3.071779483510019837e+00,-6.890817818496812741e-01,9.999999997826969356e-01,5.993364834170324812e-02,1.000000000000000444e+00
3.071779483510019837e+00,-3.150776896450838693e-01,1.000000000000000444e+00,-2.687621521289481619e-01,-1.000000000000001110e+00
3.071779483510019837e+00,-3.150776896450825926e-01,1.000000000000001110e+00,2.687621521289469406e-01,1.000000000000001776e+00
3.071779483510019837e+00,-2.611231878416002683e-01,9.999999999999988898e-01,2.507530197897985258e-01,-9.999999999999993339e-01
3.071779483510019837e+00,-1.602288123057561131e-01,9.999999999999991118e-01,-3.544241137057218549e-01,9.999999999999993339e-01
3.071779483510019837e+00,2.040137204640763424e-01,9.999999999999998890e-01,2.687623985519819181e-01,-1.000000000000000222e+00
3.071779483510019837e+00,2.040137204640769253e-01,9.999999999999993339e-01,-2.687623985519790315e-01,9.999999999999996669e-01
3.071779483510019837e+00,2.553704965321434428e-01,9.999999999999992228e-01,-2.507530948780093416e-01,-9.999999999999996669e-01
3.071779483510019837e+00,3.744737656770393830e-01,9.999999999999992228e-01,3.544234589532274660e-01,9.999999999999998890e-01
3.071779483510019837e+00,7.292973504805437823e-01,9.999999996330313223e-01,-8.680977174216009118e-03,-9.999999999999921174e-01
3.071779483510019837e+00,7.292973504805444485e-01,9.999999996330317664e-01,8.680977174215636152e-03,9.999999999999930056e-01
3.071779483510019837e+00,7.618494221001046451e-01,9.999921024901265998e-01,5.293486220241203771e-04,9.999999524490628122e-01
3.071779483510019837e+00,7.618494221001056443e-01,9.999921024901265998e-01,-5.293486220248890765e-04,-9.999999524490627012e-01
3.071779483510019837e+00,7.621304419558898591e-01,9.999999993674276721e-01,-6.720310816010230046e-03,-1.000000000000000000e+00
3.071779483510019837e+00,7.673919355394468456e-01,9.999919680963502699e-01,-1.640613280329661361e-03,-9.999999999999995559e-01
3.071779483510019837e+00,7.673924540379680748e-01,9.999919680510771514e-01,1.648057190915276941e-03,1.000000000000001110e+00
3.071779483510019837e+00,8.165209340728212251e-01,9.999999978592124528e-01,-4.007356484449840078e-02,9.999999999999997780e-01
3.071779483510019837e+00,8.812111088609591025e-01,4.441377087569477466e-01,1.684452110067521588e-02,-9.965638395521458914e-01
3.071779483510019837e+00,8.812111088609596576e-01,4.441377087569481352e-01,-1.684452110067511180e-02,9.965638395521463355e-01
3.071779483510019837e+00,8.818886190316960194e-01,4.428856728249570551e-01,-1.547739810568053535e-02,-9.999999999999986677e-01
3.071779483510019837e+00,8.818886191572047339e-01,4.428856743452982969e-01,1.547739754367101830e-02,1.000000000000000888e+00
3.106686068549906921e+00,-8.879450967284715501e-01,4.315916616933683780e-01,-1.230309164289363323e-03,-9.999999935991246147e-01
3.106686068549906921e+00,-8.879450967284714391e-01,4.315916616933693217e-01,1.230309164289127618e-03,9.999999935991269462e-01
3.106686068549906921e+00,-8.872073642406567151e-01,4.328784135624550999e-01,1.979283328809540877e-03,-1.000000000000000888e+00
3.106686068549906921e+00,-8.872073642405092775e-01,4.328784135616914330e-01,-1.979283327774167267e-03,9.999999999999987788e-01
3.106686068549906921e+00,-7.757049991053166504e-01,9.999999999971612707e-01,4.342065890272750472e-03,9.999999999999996669e-01
3.106686068549906921e+00,-7.757049991053166504e-01,9.999999999971618259e-01,-4.342065890273402728e-03,-1.000000000000000000e+00
3.106686068549906921e+00,-7.423859096605305297e-01,9.999999999982910337e-01,1.172043453524145365e-02,-9.999999999999996669e-01
3.106686068549906921e+00,-7.421963240618769664e-01,9.999995422405304479e-01,2.666352846547914214e-04,9.999999999997416511e-01
3.106686068549906921e+00,-7.421963240618756341e-01,9.999995422405310030e-01,-2.666352846539251438e-04,-9.999999999997419842e-01
3.106686068549906921e+00,-7.366848673010347737e-01,9.999995485217744173e-01,-8.257879439624131457e-04,-9.999999999999988898e-01
3.106686068549906921e+00,-7.366848325634243189e-01,9.999995485218319269e-01,8.260708724009387452e-04,9.999999999999978906e-01
3.106686068549906921e+00,-6.873229209296185527e-01,9.999999999991350252e-01,5.382986362825666754e-02,1.000000000000000666e+00
3.106686068549906921e+00,-3.079565507819514436e-01,1.000000000000000000e+00,-1.382574194007437085e-01,-1.000000000000000000e+00
3.106686068549906921e+00,-3.079565507819504999e-01,9.999999999999997780e-01,1.382574194007439861e-01,9.999999999999997780e-01
3.106686068549906921e+00,-2.546579382238196021e-01,9.999999999999995559e-01,1.187517977328946123e-01,-9.999999999999995559e-01
3.106686068549906921e+00,-1.499521626590903378e-01,1.000000000000000444e+00,-2.330033717546486638e-01,1.000000000000000444e+00
3.106686068549906921e+00,1.968913483045591217e-01,9.999999999999993339e-01,-1.382574271098853114e-01,9.999999999999993339e-01
3.106686068549906921e+00,1.968913483045591495e-01,9.999999999999992228e-01,1.382574271098863383e-01,-9.999999999999992228e-01
3.106686068549906921e+00,2.489047943156625087e-01,9.999999999999988898e-01,-1.187517996376295237e-01,-9.999999999999988898e-01
3.106686068549906921e+00,3.641988722607977236e-01,9.999999999999998890e-01,2.330033426443677003e-01,9.999999999999998890e-01
3.106686068549906921e+00,7.268794773089926053e-01,9.999999999985561550e-01,4.342203740970745907e-03,9.999999999999996669e-01
3.106686068549906921e+00,7.268794773089926053e-01,9.999999999985568211e-01,-4.342203740969524661e-03,-1.000000000000000444e+00
3.106686068549906921e+00,7.594296888530603917e-01,9.999995068904730111e-01,2.664595686433888643e-04,9.999999999999987788e-01
3.106686068549906921e+00,7.594296888530607248e-01,9.999995068904723450e-01,-2.664595686438666179e-04,-9.999999999999973355e-01
3.106686068549906921e+00,7.595838172096595065e-01,9.999999999975550669e-01,-8.290803654248522780e-03,-1.000000000000000888e+00
3.106686068549906921e+00,7.649723346436076987e-01,9.999994987546179104e-01,-8.258848944352505106e-04,-9.999999999999990008e-01
3.106686068549906921e+00,7.649723668760463058e-01,9.999994987544598146e-01,8.263496614398318195e-04,9.999999999999997780e-01
3.106686068549906921e+00,8.146096341305274491e-01,9.999999999915710758e-01,-4.606525288519550815e-02,1.000000000000000666e+00
3.106686068549906921e+00,8.791664927557497622e-01,4.444024062138056119e-01,8.470147988525173963e-03,-9.999999994791599622e-01
3.106686068549906921e+00,8.791664927557503173e-01,4.444024062138061115e-01,-8.470147988526259900e-03,9.999999994791607394e-01
3.106686068549906921e+00,8.798425047542121069e-01,4.431032102387955085e-01,-7.757088700112953379e-03,-9.999999999999993339e-01
3.106686068549906921e+00,8.798425047547094868e-01,4.431032102448058119e-01,7.757088697562595885e-03,9.999999999999996669e-01
3.141592653589793116e+00,-8.872575802893823971e-01,4.315166383321084598e-01,-8.465450562766855106e-16,1.000000000000000666e+00
3.141592653589793116e+00,-8.872575802893819530e-01,4.315166383321082377e-01,5.412337245047622357e-16,-9.999999999999996669e-01
3.141592653589793116e+00,-8.865195041006981302e-01,4.328194703932654042e-01,1.276756478318117100e-15,-9.999999999999996669e-01
3.141592653589793116e+00,-8.865195041006976862e-01,4.328194703932658483e-01,2.831068712794149178e-15,1.000000000000000222e+00
3.141592653589793116e+00,-7.748968435168603897e-01,9.999999999999992228e-01,4.718447854656915297e-16,-9.999999999999992228e-01
3.141592653589793116e+00,-7.748968435168600566e-01,1.000000000000000222e+00,-8.326672684689340887e-17,1.000000000000000222e+00
3.141592653589793116e+00,-7.414624922443974198e-01,9.999999999999988898e-01,1.011421550792999946e-02,-9.999999999999988898e-01
3.141592653589793116e+00,-7.413851080893515411e-01,1.000000000000001554e+00,1.942890269063817746e-16,1.000000000000001554e+00
3.141592653589793116e+00,-7.413851080893514300e-01,9.999999999999977796e-01,2.775557561562882476e-16,-9.999999999999977796e-01
3.141592653589793116e+00,-7.358737840843398992e-01,9.999999999999997780e-01,-7.216449660063579636e-16,-9.999999999999997780e-01
3.141592653589793116e+00,-7.358737840843395661e-01,1.000000000000001332e+00,-1.665334536937734811e-16,1.000000000000001332e+00
3.141592653589793116e+00,-6.871703107777256125e-01,1.000000000000000444e+00,4.777446740944216175e-02,1.000000000000000444e+00
3.141592653589793116e+00,-3.055326423716114292e-01,1.000000000000000888e+00,1.221245327087671800e-15,1.000000000000000888e+00
3.141592653589793116e+00,-3.055326423716105966e-01,1.000000000000000444e+00,-1.665334536937734811e-16,-1.000000000000000444e+00
3.141592653589793116e+00,-2.529265820740482229e-01,9.999999999999995559e-01,-1.999600119959948907e-02,-9.999999999999995559e-01
3.141592653589793116e+00,-1.441234776010704988e-01,9.999999999999995559e-01,-9.950371902100019206e-02,9.999999999999995559e-01
3.141592653589793116e+00,1.944673576283884597e-01,9.999999999999996669e-01,-3.053113317719180486e-16,-9.999999999999996669e-01
3.141592653589793116e+00,1.944673576283886818e-01,1.000000000000000000e+00,-1.221245327087672194e-15,1.000000000000000000e+00
3.141592653589793116e+00,2.471734079279512553e-01,9.999999999999994449e-01,1.999600119959910050e-02,-9.999999999999994449e-01
3.141592653589793116e+00,3.583703034549738375e-01,1.000000000000000000e+00,9.950371902099974797e-02,1.000000000000000000e+00
3.141592653589793116e+00,7.260713706696754199e-01,1.000000000000001110e+00,-8.052806672504925847e-16,1.000000000000001110e+00
3.141592653589793116e+00,7.260713706696754199e-01,1.000000000000000222e+00,1.110223024625156540e-16,-1.000000000000000222e+00
3.141592653589793116e+00,7.586185382715969761e-01,9.999999999999996669e-01,2.914335439641034439e-16,-9.999999999999995559e-01
3.141592653589793116e+00,7.586185382715970871e-01,1.000000000000001776e+00,-1.122397689139472144e-15,1.000000000000001776e+00
3.141592653589793116e+00,7.586524221030682691e-01,1.000000000000000444e+00,-9.884839705343040350e-03,-1.000000000000000444e+00
3.141592653589793116e+00,7.641612879602740493e-01,1.000000000000000000e+00,-4.024558464266946807e-16,-1.000000000000000000e+00
3.141592653589793116e+00,7.641612879602740493e-01,9.999999999999995559e-01,-5.967448757360220349e-16,9.999999999999995559e-01
3.141592653589793116e+00,8.143053756559462952e-01,9.999999999999998890e-01,-5.210695329888120897e-02,9.999999999999998890e-01
3.141592653589793116e+00,8.784788902960923851e-01,4.444803817470727170e-01,2.123301534595611095e-15,1.000000000000000666e+00
3.141592653589793116e+00,8.784788902960927182e-01,4.444803817470720508e-01,4.718447854656896561e-16,-9.999999999999990008e-01
3.141592653589793116e+00,8.791545112818511809e-01,4.431660226824570836e-01,-3.885780586270802852e-16,-9.999999999999993339e-01
3.141592653589793116e+00,8.791545112818516250e-01,4.431660226824579163e-01,-1.443289932012703503e-15,1.000000000000000888e+00
