m,C_ab_plus,C_ab_minus,C_total,C_A,C_B,chi,direct_gap
-3.000000000000000000e+00,0.000000000000000000e+00,0.000000000000000000e+00,0.000000000000000000e+00,0.000000000000000000e+00,0.000000000000000000e+00,0.000000000000000000e+00,2.000000000000000000e+00
-2.990000000000000213e+00,0.000000000000000000e+00,0.000000000000000000e+00,0.000000000000000000e+00,0.000000000000000000e+00,0.000000000000000000e+00,0.000000000000000000e+00,1.980000000000000426e+00
-2.979999999999999982e+00,0.000000000000000000e+00,0.000000000000000000e+00,0.000000000000000000e+00,0.000000000000000000e+00,0.000000000000000000e+00,0.000000000000000000e+00,1.959999999999999964e+00
-2.970000000000000195e+00,0.000000000000000000e+00,0.000000000000000000e+00,0.000000000000000000e+00,0.000000000000000000e+00,0.000000000000000000e+00,0.000000000000000000e+00,1.940000000000000391e+00
-2.959999999999999964e+00,0.000000000000000000e+00,0.000000000000000000e+00,0.000000000000000000e+00,0.000000000000000000e+00,0.000000000000000000e+00,0.000000000000000000e+00,1.919999999999999929e+00
-2.950000000000000178e+00,0.000000000000000000e+00,0.000000000000000000e+00,0.000000000000000000e+00,0.000000000000000000e+00,0.000000000000000000e+00,0.000000000000000000e+00,1.900000000000000355e+00
-2.939999999999999947e+00,0.000000000000000000e+00,0.000000000000000000e+00,0.000000000000000000e+00,0.000000000000000000e+00,0.000000000000000000e+00,0.000000000000000000e+00,1.879999999999999893e+00
-2.930000000000000160e+00,0.000000000000000000e+00,0.000000000000000000e+00,0.000000000000000000e+00,0.000000000000000000e+00,0.000000000000000000e+00,0.000000000000000000e+00,1.860000000000000320e+00
-2.919999999999999929e+00,0.000000000000000000e+00,0.000000000000000000e+00,0.000000000000000000e+00,0.000000000000000000e+00,0.000000000000000000e+00,0.000000000000000000e+00,1.839999999999999858e+00
-2.910000000000000142e+00,0.000000000000000000e+00,0.000000000000000000e+00,0.000000000000000000e+00,0.000000000000000000e+00,0.000000000000000000e+00,0.000000000000000000e+00,1.820000000000000284e+00
-2.899999999999999911e+00,0.000000000000000000e+00,0.000000000000000000e+00,0.000000000000000000e+00,0.000000000000000000e+00,0.000000000000000000e+00,0.000000000000000000e+00,1.799999999999999822e+00
-2.890000000000000124e+00,0.000000000000000000e+00,0.000000000000000000e+00,0.000000000000000000e+00,0.000000000000000000e+00,0.000000000000000000e+00,0.000000000000000000e+00,1.780000000000000249e+00
-2.879999999999999893e+00,0.000000000000000000e+00,0.000000000000000000e+00,0.000000000000000000e+00,0.000000000000000000e+00,0.000000000000000000e+00,0.000000000000000000e+00,1.759999999999999787e+00
-2.870000000000000107e+00,0.000000000000000000e+00,0.000000000000000000e+00,0.000000000000000000e+00,0.000000000000000000e+00,0.000000000000000000e+00,0.000000000000000000e+00,1.740000000000000213e+00
-2.859999999999999876e+00,0.000000000000000000e+00,0.000000000000000000e+00,0.000000000000000000e+00,0.000000000000000000e+00,0.000000000000000000e+00,0.000000000000000000e+00,1.719999999999999751e+00
-2.850000000000000089e+00,0.000000000000000000e+00,0.000000000000000000e+00,0.000000000000000000e+00,0.000000000000000000e+00,0.000000000000000000e+00,0.000000000000000000e+00,1.700000000000000178e+00
-2.839999999999999858e+00,0.000000000000000000e+00,0.000000000000000000e+00,0.000000000000000000e+00,0.000000000000000000e+00,0.000000000000000000e+00,0.000000000000000000e+00,1.679999999999999716e+00
-2.830000000000000071e+00,0.000000000000000000e+00,0.000000000000000000e+00,0.000000000000000000e+00,0.000000000000000000e+00,0.000000000000000000e+00,0.000000000000000000e+00,1.660000000000000142e+00
-2.819999999999999840e+00,0.000000000000000000e+00,0.000000000000000000e+00,0.000000000000000000e+00,0.000000000000000000e+00,0.000000000000000000e+00,0.000000000000000000e+00,1.639999999999999680e+00
-2.810000000000000053e+00,0.000000000000000000e+00,0.000000000000000000e+00,0.000000000000000000e+00,0.000000000000000000e+00,0.000000000000000000e+00,0.000000000000000000e+00,1.620000000000000107e+00
-2.799999999999999822e+00,0.000000000000000000e+00,0.000000000000000000e+00,0.000000000000000000e+00,0.000000000000000000e+00,0.000000000000000000e+00,0.000000000000000000e+00,1.599999999999999645e+00
-2.790000000000000036e+00,0.000000000000000000e+00,0.000000000000000000e+00,0.000000000000000000e+00,0.000000000000000000e+00,0.000000000000000000e+00,0.000000000000000000e+00,1.580000000000000071e+00
-2.779999999999999805e+00,0.000000000000000000e+00,0.000000000000000000e+00,0.000000000000000000e+00,0.000000000000000000e+00,0.000000000000000000e+00,0.000000000000000000e+00,1.559999999999999609e+00
-2.770000000000000018e+00,0.000000000000000000e+00,0.000000000000000000e+00,0.000000000000000000e+00,0.000000000000000000e+00,0.000000000000000000e+00,0.000000000000000000e+00,1.540000000000000036e+00
-2.759999999999999787e+00,0.000000000000000000e+00,0.000000000000000000e+00,0.000000000000000000e+00,0.000000000000000000e+00,0.000000000000000000e+00,0.000000000000000000e+00,1.519999999999999574e+00
-2.750000000000000000e+00,0.000000000000000000e+00,0.000000000000000000e+00,0.000000000000000000e+00,0.000000000000000000e+00,0.000000000000000000e+00,0.000000000000000000e+00,1.500000000000000000e+00
-2.740000000000000213e+00,0.000000000000000000e+00,0.000000000000000000e+00,0.000000000000000000e+00,0.000000000000000000e+00,0.000000000000000000e+00,0.000000000000000000e+00,1.480000000000000426e+00
-2.729999999999999982e+00,0.000000000000000000e+00,0.000000000000000000e+00,0.000000000000000000e+00,0.000000000000000000e+00,0.000000000000000000e+00,0.000000000000000000e+00,1.459999999999999964e+00
-2.719999999999999751e+00,0.000000000000000000e+00,0.000000000000000000e+00,0.000000000000000000e+00,0.000000000000000000e+00,0.000000000000000000e+00,0.000000000000000000e+00,1.439999999999999503e+00
-2.709999999999999964e+00,0.000000000000000000e+00,0.000000000000000000e+00,0.000000000000000000e+00,0.000000000000000000e+00,0.000000000000000000e+00,0.000000000000000000e+00,1.419999999999999929e+00
-2.700000000000000178e+00,0.000000000000000000e+00,0.000000000000000000e+00,0.000000000000000000e+00,0.000000000000000000e+00,0.000000000000000000e+00,0.000000000000000000e+00,1.400000000000000355e+00
-2.689999999999999947e+00,0.000000000000000000e+00,0.000000000000000000e+00,0.000000000000000000e+00,0.000000000000000000e+00,0.000000000000000000e+00,0.000000000000000000e+00,1.379999999999999893e+00
-2.680000000000000160e+00,0.000000000000000000e+00,0.000000000000000000e+00,0.000000000000000000e+00,0.000000000000000000e+00,0.000000000000000000e+00,0.000000000000000000e+00,1.360000000000000320e+00
-2.669999999999999929e+00,0.000000000000000000e+00,0.000000000000000000e+00,0.000000000000000000e+00,0.000000000000000000e+00,0.000000000000000000e+00,0.000000000000000000e+00,1.339999999999999858e+00
-2.660000000000000142e+00,0.000000000000000000e+00,0.000000000000000000e+00,0.000000000000000000e+00,0.000000000000000000e+00,0.000000000000000000e+00,0.000000000000000000e+00,1.320000000000000284e+00
-2.649999999999999911e+00,0.000000000000000000e+00,0.000000000000000000e+00,0.000000000000000000e+00,0.000000000000000000e+00,0.000000000000000000e+00,0.000000000000000000e+00,1.299999999999999822e+00
-2.640000000000000124e+00,0.000000000000000000e+00,0.000000000000000000e+00,0.000000000000000000e+00,0.000000000000000000e+00,0.000000000000000000e+00,0.000000000000000000e+00,1.280000000000000249e+00
-2.629999999999999893e+00,0.000000000000000000e+00,0.000000000000000000e+00,0.000000000000000000e+00,0.000000000000000000e+00,0.000000000000000000e+00,0.000000000000000000e+00,1.259999999999999787e+00
-2.620000000000000107e+00,0.000000000000000000e+00,0.000000000000000000e+00,0.000000000000000000e+00,0.000000000000000000e+00,0.000000000000000000e+00,0.000000000000000000e+00,1.240000000000000213e+00
-2.609999999999999876e+00,0.000000000000000000e+00,0.000000000000000000e+00,0.000000000000000000e+00,0.000000000000000000e+00,0.000000000000000000e+00,0.000000000000000000e+00,1.219999999999999751e+00
-2.600000000000000089e+00,0.000000000000000000e+00,0.000000000000000000e+00,0.000000000000000000e+00,0.000000000000000000e+00,0.000000000000000000e+00,0.000000000000000000e+00,1.200000000000000178e+00
-2.589999999999999858e+00,0.000000000000000000e+00,0.000000000000000000e+00,0.000000000000000000e+00,0.000000000000000000e+00,0.000000000000000000e+00,0.000000000000000000e+00,1.179999999999999716e+00
-2.580000000000000071e+00,0.000000000000000000e+00,0.000000000000000000e+00,0.000000000000000000e+00,0.000000000000000000e+00,0.000000000000000000e+00,0.000000000000000000e+00,1.160000000000000142e+00
-2.569999999999999840e+00,0.000000000000000000e+00,0.000000000000000000e+00,0.000000000000000000e+00,0.000000000000000000e+00,0.000000000000000000e+00,0.000000000000000000e+00,1.139999999999999680e+00
-2.560000000000000053e+00,0.000000000000000000e+00,0.000000000000000000e+00,0.000000000000000000e+00,0.000000000000000000e+00,0.000000000000000000e+00,0.000000000000000000e+00,1.120000000000000107e+00
-2.549999999999999822e+00,0.000000000000000000e+00,0.000000000000000000e+00,0.000000000000000000e+00,0.000000000000000000e+00,0.000000000000000000e+00,0.000000000000000000e+00,1.099999999999999645e+00
-2.540000000000000036e+00,0.000000000000000000e+00,0.000000000000000000e+00,0.000000000000000000e+00,0.000000000000000000e+00,0.000000000000000000e+00,0.000000000000000000e+00,1.080000000000000071e+00
-2.529999999999999805e+00,0.000000000000000000e+00,0.000000000000000000e+00,0.000000000000000000e+00,0.000000000000000000e+00,0.000000000000000000e+00,0.000000000000000000e+00,1.059999999999999609e+00
-2.520000000000000018e+00,0.000000000000000000e+00,0.000000000000000000e+00,0.000000000000000000e+00,0.000000000000000000e+00,0.000000000000000000e+00,0.000000000000000000e+00,1.040000000000000036e+00
-2.509999999999999787e+00,0.000000000000000000e+00,0.000000000000000000e+00,0.000000000000000000e+00,0.000000000000000000e+00,0.000000000000000000e+00,0.000000000000000000e+00,1.019999999999999574e+00
-2.500000000000000000e+00,0.000000000000000000e+00,0.000000000000000000e+00,0.000000000000000000e+00,0.000000000000000000e+00,0.000000000000000000e+00,0.000000000000000000e+00,1.000000000000000000e+00
-2.490000000000000213e+00,0.000000000000000000e+00,0.000000000000000000e+00,0.000000000000000000e+00,0.000000000000000000e+00,0.000000000000000000e+00,0.000000000000000000e+00,9.800000000000004263e-01
-2.479999999999999982e+00,0.000000000000000000e+00,0.000000000000000000e+00,0.000000000000000000e+00,0.000000000000000000e+00,0.000000000000000000e+00,0.000000000000000000e+00,9.599999999999999645e-01
-2.469999999999999751e+00,0.000000000000000000e+00,0.000000000000000000e+00,0.000000000000000000e+00,0.000000000000000000e+00,0.000000000000000000e+00,0.000000000000000000e+00,9.399999999999995026e-01
-2.459999999999999964e+00,0.000000000000000000e+00,0.000000000000000000e+00,0.000000000000000000e+00,0.000000000000000000e+00,0.000000000000000000e+00,0.000000000000000000e+00,9.199999999999999289e-01
-2.450000000000000178e+00,0.000000000000000000e+00,0.000000000000000000e+00,0.000000000000000000e+00,0.000000000000000000e+00,0.000000000000000000e+00,0.000000000000000000e+00,9.000000000000003553e-01
-2.439999999999999947e+00,0.000000000000000000e+00,0.000000000000000000e+00,0.000000000000000000e+00,0.000000000000000000e+00,0.000000000000000000e+00,0.000000000000000000e+00,8.799999999999998934e-01
-2.429999999999999716e+00,0.000000000000000000e+00,0.000000000000000000e+00,0.000000000000000000e+00,0.000000000000000000e+00,0.000000000000000000e+00,0.000000000000000000e+00,8.599999999999994316e-01
-2.419999999999999929e+00,0.000000000000000000e+00,0.000000000000000000e+00,0.000000000000000000e+00,0.000000000000000000e+00,0.000000000000000000e+00,0.000000000000000000e+00,8.399999999999998579e-01
-2.410000000000000142e+00,0.000000000000000000e+00,0.000000000000000000e+00,0.000000000000000000e+00,0.000000000000000000e+00,0.000000000000000000e+00,0.000000000000000000e+00,8.200000000000002842e-01
-2.399999999999999911e+00,0.000000000000000000e+00,0.000000000000000000e+00,0.000000000000000000e+00,0.000000000000000000e+00,0.000000000000000000e+00,0.000000000000000000e+00,7.999999999999998224e-01
-2.390000000000000124e+00,0.000000000000000000e+00,0.000000000000000000e+00,0.000000000000000000e+00,0.000000000000000000e+00,0.000000000000000000e+00,0.000000000000000000e+00,7.800000000000002487e-01
-2.379999999999999893e+00,0.000000000000000000e+00,0.000000000000000000e+00,0.000000000000000000e+00,0.000000000000000000e+00,0.000000000000000000e+00,0.000000000000000000e+00,7.599999999999997868e-01
-2.370000000000000107e+00,0.000000000000000000e+00,0.000000000000000000e+00,0.000000000000000000e+00,0.000000000000000000e+00,0.000000000000000000e+00,0.000000000000000000e+00,7.400000000000002132e-01
-2.359999999999999876e+00,0.000000000000000000e+00,0.000000000000000000e+00,0.000000000000000000e+00,0.000000000000000000e+00,0.000000000000000000e+00,0.000000000000000000e+00,7.199999999999997513e-01
-2.350000000000000089e+00,0.000000000000000000e+00,0.000000000000000000e+00,0.000000000000000000e+00,0.000000000000000000e+00,0.000000000000000000e+00,0.000000000000000000e+00,7.000000000000001776e-01
-2.339999999999999858e+00,0.000000000000000000e+00,0.000000000000000000e+00,0.000000000000000000e+00,0.000000000000000000e+00,0.000000000000000000e+00,0.000000000000000000e+00,6.799999999999997158e-01
-2.330000000000000071e+00,0.000000000000000000e+00,0.000000000000000000e+00,0.000000000000000000e+00,0.000000000000000000e+00,0.000000000000000000e+00,0.000000000000000000e+00,6.600000000000001421e-01
-2.319999999999999840e+00,0.000000000000000000e+00,0.000000000000000000e+00,0.000000000000000000e+00,0.000000000000000000e+00,0.000000000000000000e+00,0.000000000000000000e+00,6.399999999999996803e-01
-2.310000000000000053e+00,0.000000000000000000e+00,0.000000000000000000e+00,0.000000000000000000e+00,0.000000000000000000e+00,0.000000000000000000e+00,0.000000000000000000e+00,6.200000000000001066e-01
-2.299999999999999822e+00,0.000000000000000000e+00,0.000000000000000000e+00,0.000000000000000000e+00,0.000000000000000000e+00,0.000000000000000000e+00,0.000000000000000000e+00,5.999999999999996447e-01
-2.290000000000000036e+00,0.000000000000000000e+00,0.000000000000000000e+00,0.000000000000000000e+00,0.000000000000000000e+00,0.000000000000000000e+00,0.000000000000000000e+00,5.800000000000000711e-01
-2.280000000000000249e+00,0.000000000000000000e+00,0.000000000000000000e+00,0.000000000000000000e+00,0.000000000000000000e+00,0.000000000000000000e+00,0.000000000000000000e+00,5.600000000000004974e-01
-2.270000000000000018e+00,0.000000000000000000e+00,0.000000000000000000e+00,0.000000000000000000e+00,0.000000000000000000e+00,0.000000000000000000e+00,0.000000000000000000e+00,5.400000000000000355e-01
-2.259999999999999787e+00,0.000000000000000000e+00,0.000000000000000000e+00,0.000000000000000000e+00,0.000000000000000000e+00,0.000000000000000000e+00,0.000000000000000000e+00,5.199999999999995737e-01
-2.250000000000000000e+00,0.000000000000000000e+00,0.000000000000000000e+00,0.000000000000000000e+00,0.000000000000000000e+00,0.000000000000000000e+00,0.000000000000000000e+00,5.000000000000000000e-01
-2.240000000000000213e+00,0.000000000000000000e+00,0.000000000000000000e+00,0.000000000000000000e+00,0.000000000000000000e+00,0.000000000000000000e+00,0.000000000000000000e+00,4.800000000000004263e-01
-2.229999999999999982e+00,0.000000000000000000e+00,0.000000000000000000e+00,0.000000000000000000e+00,0.000000000000000000e+00,0.000000000000000000e+00,0.000000000000000000e+00,4.599999999999999645e-01
-2.219999999999999751e+00,0.000000000000000000e+00,0.000000000000000000e+00,0.000000000000000000e+00,0.000000000000000000e+00,0.000000000000000000e+00,0.000000000000000000e+00,4.399999999999995026e-01
-2.209999999999999964e+00,0.000000000000000000e+00,0.000000000000000000e+00,0.000000000000000000e+00,0.000000000000000000e+00,0.000000000000000000e+00,0.000000000000000000e+00,4.199999999999999289e-01
-2.200000000000000178e+00,0.000000000000000000e+00,0.000000000000000000e+00,0.000000000000000000e+00,0.000000000000000000e+00,0.000000000000000000e+00,0.000000000000000000e+00,4.000000000000003553e-01
-2.189999999999999947e+00,0.000000000000000000e+00,0.000000000000000000e+00,0.000000000000000000e+00,0.000000000000000000e+00,0.000000000000000000e+00,0.000000000000000000e+00,3.799999999999998934e-01
-2.179999999999999716e+00,0.000000000000000000e+00,0.000000000000000000e+00,0.000000000000000000e+00,0.000000000000000000e+00,0.000000000000000000e+00,0.000000000000000000e+00,3.599999999999994316e-01
-2.169999999999999929e+00,0.000000000000000000e+00,0.000000000000000000e+00,0.000000000000000000e+00,0.000000000000000000e+00,0.000000000000000000e+00,0.000000000000000000e+00,3.399999999999998579e-01
-2.160000000000000142e+00,0.000000000000000000e+00,0.000000000000000000e+00,0.000000000000000000e+00,0.000000000000000000e+00,0.000000000000000000e+00,0.000000000000000000e+00,3.200000000000002842e-01
-2.149999999999999911e+00,0.000000000000000000e+00,0.000000000000000000e+00,0.000000000000000000e+00,0.000000000000000000e+00,0.000000000000000000e+00,0.000000000000000000e+00,2.999999999999998224e-01
-2.140000000000000124e+00,0.000000000000000000e+00,0.000000000000000000e+00,0.000000000000000000e+00,0.000000000000000000e+00,0.000000000000000000e+00,0.000000000000000000e+00,2.800000000000002487e-01
-2.129999999999999893e+00,0.000000000000000000e+00,0.000000000000000000e+00,0.000000000000000000e+00,0.000000000000000000e+00,0.000000000000000000e+00,0.000000000000000000e+00,2.599999999999997868e-01
-2.120000000000000107e+00,0.000000000000000000e+00,0.000000000000000000e+00,0.000000000000000000e+00,0.000000000000000000e+00,0.000000000000000000e+00,0.000000000000000000e+00,2.400000000000002132e-01
-2.109999999999999876e+00,0.000000000000000000e+00,0.000000000000000000e+00,0.000000000000000000e+00,0.000000000000000000e+00,0.000000000000000000e+00,0.000000000000000000e+00,2.199999999999997513e-01
-2.100000000000000089e+00,0.000000000000000000e+00,0.000000000000000000e+00,0.000000000000000000e+00,0.000000000000000000e+00,0.000000000000000000e+00,0.000000000000000000e+00,2.000000000000001776e-01
-2.089999999999999858e+00,0.000000000000000000e+00,0.000000000000000000e+00,0.000000000000000000e+00,0.000000000000000000e+00,0.000000000000000000e+00,0.000000000000000000e+00,1.799999999999997158e-01
-2.080000000000000071e+00,0.000000000000000000e+00,0.000000000000000000e+00,0.000000000000000000e+00,0.000000000000000000e+00,0.000000000000000000e+00,0.000000000000000000e+00,1.600000000000001421e-01
-2.069999999999999840e+00,0.000000000000000000e+00,0.000000000000000000e+00,0.000000000000000000e+00,0.000000000000000000e+00,0.000000000000000000e+00,0.000000000000000000e+00,1.399999999999996803e-01
-2.060000000000000053e+00,0.000000000000000000e+00,0.000000000000000000e+00,0.000000000000000000e+00,0.000000000000000000e+00,0.000000000000000000e+00,0.000000000000000000e+00,1.200000000000001066e-01
-2.049999999999999822e+00,0.000000000000000000e+00,0.000000000000000000e+00,0.000000000000000000e+00,0.000000000000000000e+00,0.000000000000000000e+00,0.000000000000000000e+00,9.999999999999964473e-02
-2.040000000000000036e+00,0.000000000000000000e+00,0.000000000000000000e+00,0.000000000000000000e+00,0.000000000000000000e+00,0.000000000000000000e+00,0.000000000000000000e+00,8.000000000000007105e-02
-2.030000000000000249e+00,0.000000000000000000e+00,0.000000000000000000e+00,0.000000000000000000e+00,0.000000000000000000e+00,0.000000000000000000e+00,0.000000000000000000e+00,6.000000000000049738e-02
-2.020000000000000018e+00,0.000000000000000000e+00,0.000000000000000000e+00,0.000000000000000000e+00,0.000000000000000000e+00,0.000000000000000000e+00,0.000000000000000000e+00,4.000000000000003553e-02
-2.009999999999999787e+00,0.000000000000000000e+00,0.000000000000000000e+00,0.000000000000000000e+00,0.000000000000000000e+00,0.000000000000000000e+00,0.000000000000000000e+00,1.999999999999957367e-02
-2.000000000000000000e+00,nan,nan,nan,0.000000000000000000e+00,0.000000000000000000e+00,nan,0.000000000000000000e+00
-1.989999999999999991e+00,-1.000000000000000000e+00,1.000000000000000000e+00,0.000000000000000000e+00,0.000000000000000000e+00,0.000000000000000000e+00,-4.000000000000000000e+00,2.000000000000001776e-02
-1.979999999999999982e+00,-1.000000000000000000e+00,1.000000000000000000e+00,0.000000000000000000e+00,0.000000000000000000e+00,0.000000000000000000e+00,-4.000000000000000000e+00,4.000000000000003553e-02
-1.969999999999999973e+00,-1.000000000000000000e+00,1.000000000000000000e+00,0.000000000000000000e+00,0.000000000000000000e+00,0.000000000000000000e+00,-4.000000000000000000e+00,6.000000000000005329e-02
-1.959999999999999964e+00,-1.000000000000000000e+00,1.000000000000000000e+00,0.000000000000000000e+00,0.000000000000000000e+00,0.000000000000000000e+00,-4.000000000000000000e+00,8.000000000000007105e-02
-1.949999999999999956e+00,-1.000000000000000000e+00,1.000000000000000000e+00,0.000000000000000000e+00,0.000000000000000000e+00,0.000000000000000000e+00,-4.000000000000000000e+00,1.000000000000000888e-01
-1.939999999999999947e+00,-1.000000000000000000e+00,1.000000000000000000e+00,0.000000000000000000e+00,0.000000000000000000e+00,0.000000000000000000e+00,-4.000000000000000000e+00,1.200000000000001066e-01
-1.929999999999999938e+00,-1.000000000000000000e+00,1.000000000000000000e+00,0.000000000000000000e+00,0.000000000000000000e+00,0.000000000000000000e+00,-4.000000000000000000e+00,1.400000000000001243e-01
-1.919999999999999929e+00,-1.000000000000000000e+00,1.000000000000000000e+00,0.000000000000000000e+00,0.000000000000000000e+00,0.000000000000000000e+00,-4.000000000000000000e+00,1.600000000000001421e-01
-1.909999999999999920e+00,-1.000000000000000000e+00,1.000000000000000000e+00,0.000000000000000000e+00,0.000000000000000000e+00,0.000000000000000000e+00,-4.000000000000000000e+00,1.800000000000001599e-01
-1.899999999999999911e+00,-1.000000000000000000e+00,1.000000000000000000e+00,0.000000000000000000e+00,0.000000000000000000e+00,0.000000000000000000e+00,-4.000000000000000000e+00,2.000000000000001776e-01
-1.889999999999999902e+00,-1.000000000000000000e+00,1.000000000000000000e+00,0.000000000000000000e+00,0.000000000000000000e+00,0.000000000000000000e+00,-4.000000000000000000e+00,2.200000000000001954e-01
-1.879999999999999893e+00,-1.000000000000000000e+00,1.000000000000000000e+00,0.000000000000000000e+00,0.000000000000000000e+00,0.000000000000000000e+00,-4.000000000000000000e+00,2.400000000000002132e-01
-1.869999999999999885e+00,-1.000000000000000000e+00,1.000000000000000000e+00,0.000000000000000000e+00,0.000000000000000000e+00,0.000000000000000000e+00,-4.000000000000000000e+00,2.600000000000002309e-01
-1.859999999999999876e+00,-1.000000000000000000e+00,1.000000000000000000e+00,0.000000000000000000e+00,0.000000000000000000e+00,0.000000000000000000e+00,-4.000000000000000000e+00,2.800000000000002487e-01
-1.849999999999999867e+00,-1.000000000000000000e+00,1.000000000000000000e+00,0.000000000000000000e+00,0.000000000000000000e+00,0.000000000000000000e+00,-4.000000000000000000e+00,3.000000000000002665e-01
-1.840000000000000080e+00,-1.000000000000000000e+00,1.000000000000000000e+00,0.000000000000000000e+00,0.000000000000000000e+00,0.000000000000000000e+00,-4.000000000000000000e+00,3.199999999999998401e-01
-1.830000000000000071e+00,-1.000000000000000000e+00,1.000000000000000000e+00,0.000000000000000000e+00,0.000000000000000000e+00,0.000000000000000000e+00,-4.000000000000000000e+00,3.399999999999998579e-01
-1.820000000000000062e+00,-1.000000000000000000e+00,1.000000000000000000e+00,0.000000000000000000e+00,0.000000000000000000e+00,0.000000000000000000e+00,-4.000000000000000000e+00,3.599999999999998757e-01
-1.810000000000000053e+00,-1.000000000000000000e+00,1.000000000000000000e+00,0.000000000000000000e+00,0.000000000000000000e+00,0.000000000000000000e+00,-4.000000000000000000e+00,3.799999999999998934e-01
-1.800000000000000044e+00,-1.000000000000000000e+00,1.000000000000000000e+00,0.000000000000000000e+00,0.000000000000000000e+00,0.000000000000000000e+00,-4.000000000000000000e+00,3.999999999999999112e-01
-1.790000000000000036e+00,-1.000000000000000000e+00,1.000000000000000000e+00,0.000000000000000000e+00,0.000000000000000000e+00,0.000000000000000000e+00,-4.000000000000000000e+00,4.199999999999999289e-01
-1.780000000000000027e+00,-1.000000000000000000e+00,1.000000000000000000e+00,0.000000000000000000e+00,0.000000000000000000e+00,0.000000000000000000e+00,-4.000000000000000000e+00,4.399999999999999467e-01
-1.770000000000000018e+00,-1.000000000000000000e+00,1.000000000000000000e+00,0.000000000000000000e+00,0.000000000000000000e+00,0.000000000000000000e+00,-4.000000000000000000e+00,4.599999999999999645e-01
-1.760000000000000009e+00,-1.000000000000000000e+00,1.000000000000000000e+00,0.000000000000000000e+00,0.000000000000000000e+00,0.000000000000000000e+00,-4.000000000000000000e+00,4.799999999999999822e-01
-1.750000000000000000e+00,-1.000000000000000000e+00,1.000000000000000000e+00,0.000000000000000000e+00,0.000000000000000000e+00,0.000000000000000000e+00,-4.000000000000000000e+00,5.000000000000000000e-01
-1.739999999999999991e+00,-1.000000000000000000e+00,1.000000000000000000e+00,0.000000000000000000e+00,0.000000000000000000e+00,0.000000000000000000e+00,-4.000000000000000000e+00,5.200000000000000178e-01
-1.729999999999999982e+00,-1.000000000000000000e+00,1.000000000000000000e+00,0.000000000000000000e+00,0.000000000000000000e+00,0.000000000000000000e+00,-4.000000000000000000e+00,5.400000000000000355e-01
-1.719999999999999973e+00,-1.000000000000000000e+00,1.000000000000000000e+00,0.000000000000000000e+00,0.000000000000000000e+00,0.000000000000000000e+00,-4.000000000000000000e+00,5.600000000000000533e-01
-1.709999999999999964e+00,-1.000000000000000000e+00,1.000000000000000000e+00,0.000000000000000000e+00,0.000000000000000000e+00,0.000000000000000000e+00,-4.000000000000000000e+00,5.800000000000000711e-01
-1.699999999999999956e+00,-1.000000000000000000e+00,1.000000000000000000e+00,0.000000000000000000e+00,0.000000000000000000e+00,0.000000000000000000e+00,-4.000000000000000000e+00,6.000000000000000888e-01
-1.689999999999999947e+00,-1.000000000000000000e+00,1.000000000000000000e+00,0.000000000000000000e+00,0.000000000000000000e+00,0.000000000000000000e+00,-4.000000000000000000e+00,6.200000000000001066e-01
-1.679999999999999938e+00,-1.000000000000000000e+00,1.000000000000000000e+00,0.000000000000000000e+00,0.000000000000000000e+00,0.000000000000000000e+00,-4.000000000000000000e+00,6.400000000000001243e-01
-1.669999999999999929e+00,-1.000000000000000000e+00,1.000000000000000000e+00,0.000000000000000000e+00,0.000000000000000000e+00,0.000000000000000000e+00,-4.000000000000000000e+00,6.600000000000001421e-01
-1.659999999999999920e+00,-1.000000000000000000e+00,1.000000000000000000e+00,0.000000000000000000e+00,0.000000000000000000e+00,0.000000000000000000e+00,-4.000000000000000000e+00,6.800000000000001599e-01
-1.649999999999999911e+00,-1.000000000000000000e+00,1.000000000000000000e+00,0.000000000000000000e+00,0.000000000000000000e+00,0.000000000000000000e+00,-4.000000000000000000e+00,7.000000000000001776e-01
-1.639999999999999902e+00,-1.000000000000000000e+00,1.000000000000000000e+00,0.000000000000000000e+00,0.000000000000000000e+00,0.000000000000000000e+00,-4.000000000000000000e+00,7.200000000000001954e-01
-1.629999999999999893e+00,-1.000000000000000000e+00,1.000000000000000000e+00,0.000000000000000000e+00,0.000000000000000000e+00,0.000000000000000000e+00,-4.000000000000000000e+00,7.400000000000002132e-01
-1.619999999999999885e+00,-1.000000000000000000e+00,1.000000000000000000e+00,0.000000000000000000e+00,0.000000000000000000e+00,0.000000000000000000e+00,-4.000000000000000000e+00,7.600000000000002309e-01
-1.609999999999999876e+00,-1.000000000000000000e+00,1.000000000000000000e+00,0.000000000000000000e+00,0.000000000000000000e+00,0.000000000000000000e+00,-4.000000000000000000e+00,7.800000000000002487e-01
-1.599999999999999867e+00,-1.000000000000000000e+00,1.000000000000000000e+00,0.000000000000000000e+00,0.000000000000000000e+00,0.000000000000000000e+00,-4.000000000000000000e+00,8.000000000000002665e-01
-1.590000000000000080e+00,-1.000000000000000000e+00,1.000000000000000000e+00,0.000000000000000000e+00,0.000000000000000000e+00,0.000000000000000000e+00,-4.000000000000000000e+00,8.199999999999998401e-01
-1.580000000000000071e+00,-1.000000000000000000e+00,1.000000000000000000e+00,0.000000000000000000e+00,0.000000000000000000e+00,0.000000000000000000e+00,-4.000000000000000000e+00,8.399999999999998579e-01
-1.570000000000000062e+00,-1.000000000000000000e+00,1.000000000000000000e+00,0.000000000000000000e+00,0.000000000000000000e+00,0.000000000000000000e+00,-4.000000000000000000e+00,8.599999999999998757e-01
-1.560000000000000053e+00,-1.000000000000000000e+00,1.000000000000000000e+00,0.000000000000000000e+00,0.000000000000000000e+00,0.000000000000000000e+00,-4.000000000000000000e+00,8.799999999999998934e-01
-1.550000000000000044e+00,-1.000000000000000000e+00,1.000000000000000000e+00,0.000000000000000000e+00,0.000000000000000000e+00,0.000000000000000000e+00,-4.000000000000000000e+00,8.999999999999999112e-01
-1.540000000000000036e+00,-1.000000000000000000e+00,1.000000000000000000e+00,0.000000000000000000e+00,0.000000000000000000e+00,0.000000000000000000e+00,-4.000000000000000000e+00,9.199999999999999289e-01
-1.530000000000000027e+00,-1.000000000000000000e+00,1.000000000000000000e+00,0.000000000000000000e+00,0.000000000000000000e+00,0.000000000000000000e+00,-4.000000000000000000e+00,9.399999999999999467e-01
-1.520000000000000018e+00,-1.000000000000000000e+00,1.000000000000000000e+00,0.000000000000000000e+00,0.000000000000000000e+00,0.000000000000000000e+00,-4.000000000000000000e+00,9.599999999999999645e-01
-1.510000000000000009e+00,-1.000000000000000000e+00,1.000000000000000000e+00,0.000000000000000000e+00,0.000000000000000000e+00,0.000000000000000000e+00,-4.000000000000000000e+00,9.799999999999999822e-01
-1.500000000000000000e+00,-1.000000000000000000e+00,1.000000000000000000e+00,0.000000000000000000e+00,0.000000000000000000e+00,0.000000000000000000e+00,-4.000000000000000000e+00,1.000000000000000000e+00
-1.489999999999999991e+00,-1.000000000000000000e+00,1.000000000000000000e+00,0.000000000000000000e+00,0.000000000000000000e+00,0.000000000000000000e+00,-4.000000000000000000e+00,1.020000000000000018e+00
-1.479999999999999982e+00,-1.000000000000000000e+00,1.000000000000000000e+00,0.000000000000000000e+00,0.000000000000000000e+00,0.000000000000000000e+00,-4.000000000000000000e+00,1.040000000000000036e+00
-1.469999999999999973e+00,-1.000000000000000000e+00,1.000000000000000000e+00,0.000000000000000000e+00,0.000000000000000000e+00,0.000000000000000000e+00,-4.000000000000000000e+00,1.060000000000000053e+00
-1.459999999999999964e+00,-1.000000000000000000e+00,1.000000000000000000e+00,0.000000000000000000e+00,0.000000000000000000e+00,0.000000000000000000e+00,-4.000000000000000000e+00,1.080000000000000071e+00
-1.449999999999999956e+00,-1.000000000000000000e+00,1.000000000000000000e+00,0.000000000000000000e+00,0.000000000000000000e+00,0.000000000000000000e+00,-4.000000000000000000e+00,1.100000000000000089e+00
-1.439999999999999947e+00,-1.000000000000000000e+00,1.000000000000000000e+00,0.000000000000000000e+00,0.000000000000000000e+00,0.000000000000000000e+00,-4.000000000000000000e+00,1.120000000000000107e+00
-1.429999999999999938e+00,-1.000000000000000000e+00,1.000000000000000000e+00,0.000000000000000000e+00,0.000000000000000000e+00,0.000000000000000000e+00,-4.000000000000000000e+00,1.140000000000000124e+00
-1.419999999999999929e+00,-1.000000000000000000e+00,1.000000000000000000e+00,0.000000000000000000e+00,0.000000000000000000e+00,0.000000000000000000e+00,-4.000000000000000000e+00,1.160000000000000142e+00
-1.409999999999999920e+00,-1.000000000000000000e+00,1.000000000000000000e+00,0.000000000000000000e+00,0.000000000000000000e+00,0.000000000000000000e+00,-4.000000000000000000e+00,1.180000000000000160e+00
-1.399999999999999911e+00,-1.000000000000000000e+00,1.000000000000000000e+00,0.000000000000000000e+00,0.000000000000000000e+00,0.000000000000000000e+00,-4.000000000000000000e+00,1.200000000000000178e+00
-1.389999999999999902e+00,-1.000000000000000000e+00,1.000000000000000000e+00,0.000000000000000000e+00,0.000000000000000000e+00,0.000000000000000000e+00,-4.000000000000000000e+00,1.220000000000000195e+00
-1.379999999999999893e+00,-1.000000000000000000e+00,1.000000000000000000e+00,0.000000000000000000e+00,0.000000000000000000e+00,0.000000000000000000e+00,-4.000000000000000000e+00,1.240000000000000213e+00
-1.369999999999999885e+00,-1.000000000000000000e+00,1.000000000000000000e+00,0.000000000000000000e+00,0.000000000000000000e+00,0.000000000000000000e+00,-4.000000000000000000e+00,1.260000000000000231e+00
-1.359999999999999876e+00,-1.000000000000000000e+00,1.000000000000000000e+00,0.000000000000000000e+00,0.000000000000000000e+00,0.000000000000000000e+00,-4.000000000000000000e+00,1.280000000000000249e+00
-1.349999999999999867e+00,-1.000000000000000000e+00,1.000000000000000000e+00,0.000000000000000000e+00,0.000000000000000000e+00,0.000000000000000000e+00,-4.000000000000000000e+00,1.300000000000000266e+00
-1.339999999999999858e+00,-1.000000000000000000e+00,1.000000000000000000e+00,0.000000000000000000e+00,0.000000000000000000e+00,0.000000000000000000e+00,-4.000000000000000000e+00,1.320000000000000284e+00
-1.330000000000000071e+00,-1.000000000000000000e+00,1.000000000000000000e+00,0.000000000000000000e+00,0.000000000000000000e+00,0.000000000000000000e+00,-4.000000000000000000e+00,1.339999999999999858e+00
-1.320000000000000062e+00,-1.000000000000000000e+00,1.000000000000000000e+00,0.000000000000000000e+00,0.000000000000000000e+00,0.000000000000000000e+00,-4.000000000000000000e+00,1.359999999999999876e+00
-1.310000000000000053e+00,-1.000000000000000000e+00,1.000000000000000000e+00,0.000000000000000000e+00,0.000000000000000000e+00,0.000000000000000000e+00,-4.000000000000000000e+00,1.379999999999999893e+00
-1.300000000000000044e+00,-1.000000000000000000e+00,1.000000000000000000e+00,0.000000000000000000e+00,0.000000000000000000e+00,0.000000000000000000e+00,-4.000000000000000000e+00,1.399999999999999911e+00
-1.290000000000000036e+00,-1.000000000000000000e+00,1.000000000000000000e+00,0.000000000000000000e+00,0.000000000000000000e+00,0.000000000000000000e+00,-4.000000000000000000e+00,1.419999999999999929e+00
-1.280000000000000027e+00,-1.000000000000000000e+00,1.000000000000000000e+00,0.000000000000000000e+00,0.000000000000000000e+00,0.000000000000000000e+00,-4.000000000000000000e+00,1.439999999999999947e+00
-1.270000000000000018e+00,-1.000000000000000000e+00,1.000000000000000000e+00,0.000000000000000000e+00,0.000000000000000000e+00,0.000000000000000000e+00,-4.000000000000000000e+00,1.459999999999999964e+00
-1.260000000000000009e+00,-1.000000000000000000e+00,1.000000000000000000e+00,0.000000000000000000e+00,0.000000000000000000e+00,0.000000000000000000e+00,-4.000000000000000000e+00,1.479999999999999982e+00
-1.250000000000000000e+00,-1.000000000000000000e+00,1.000000000000000000e+00,0.000000000000000000e+00,0.000000000000000000e+00,0.000000000000000000e+00,-4.000000000000000000e+00,1.500000000000000000e+00
-1.239999999999999991e+00,-1.000000000000000000e+00,1.000000000000000000e+00,0.000000000000000000e+00,0.000000000000000000e+00,0.000000000000000000e+00,-4.000000000000000000e+00,1.520000000000000018e+00
-1.229999999999999982e+00,-1.000000000000000000e+00,1.000000000000000000e+00,0.000000000000000000e+00,0.000000000000000000e+00,0.000000000000000000e+00,-4.000000000000000000e+00,1.540000000000000036e+00
-1.219999999999999973e+00,-1.000000000000000000e+00,1.000000000000000000e+00,0.000000000000000000e+00,0.000000000000000000e+00,0.000000000000000000e+00,-4.000000000000000000e+00,1.560000000000000053e+00
-1.209999999999999964e+00,-1.000000000000000000e+00,1.000000000000000000e+00,0.000000000000000000e+00,0.000000000000000000e+00,0.000000000000000000e+00,-4.000000000000000000e+00,1.580000000000000071e+00
-1.199999999999999956e+00,-1.000000000000000000e+00,1.000000000000000000e+00,0.000000000000000000e+00,0.000000000000000000e+00,0.000000000000000000e+00,-4.000000000000000000e+00,1.600000000000000089e+00
-1.189999999999999947e+00,-1.000000000000000000e+00,1.000000000000000000e+00,0.000000000000000000e+00,0.000000000000000000e+00,0.000000000000000000e+00,-4.000000000000000000e+00,1.620000000000000107e+00
-1.179999999999999938e+00,-1.000000000000000000e+00,1.000000000000000000e+00,0.000000000000000000e+00,0.000000000000000000e+00,0.000000000000000000e+00,-4.000000000000000000e+00,1.640000000000000124e+00
-1.169999999999999929e+00,-1.000000000000000000e+00,1.000000000000000000e+00,0.000000000000000000e+00,0.000000000000000000e+00,0.000000000000000000e+00,-4.000000000000000000e+00,1.660000000000000142e+00
-1.159999999999999920e+00,-1.000000000000000000e+00,1.000000000000000000e+00,0.000000000000000000e+00,0.000000000000000000e+00,0.000000000000000000e+00,-4.000000000000000000e+00,1.680000000000000160e+00
-1.149999999999999911e+00,-1.000000000000000000e+00,1.000000000000000000e+00,0.000000000000000000e+00,0.000000000000000000e+00,0.000000000000000000e+00,-4.000000000000000000e+00,1.700000000000000178e+00
-1.139999999999999902e+00,-1.000000000000000000e+00,1.000000000000000000e+00,0.000000000000000000e+00,0.000000000000000000e+00,0.000000000000000000e+00,-4.000000000000000000e+00,1.720000000000000195e+00
-1.129999999999999893e+00,-1.000000000000000000e+00,1.000000000000000000e+00,0.000000000000000000e+00,0.000000000000000000e+00,0.000000000000000000e+00,-4.000000000000000000e+00,1.740000000000000213e+00
-1.119999999999999885e+00,-1.000000000000000000e+00,1.000000000000000000e+00,0.000000000000000000e+00,0.000000000000000000e+00,0.000000000000000000e+00,-4.000000000000000000e+00,1.760000000000000231e+00
-1.109999999999999876e+00,-1.000000000000000000e+00,1.000000000000000000e+00,0.000000000000000000e+00,0.000000000000000000e+00,0.000000000000000000e+00,-4.000000000000000000e+00,1.780000000000000249e+00
-1.099999999999999867e+00,-1.000000000000000000e+00,1.000000000000000000e+00,0.000000000000000000e+00,0.000000000000000000e+00,0.000000000000000000e+00,-4.000000000000000000e+00,1.800000000000000266e+00
-1.089999999999999858e+00,-1.000000000000000000e+00,1.000000000000000000e+00,0.000000000000000000e+00,0.000000000000000000e+00,0.000000000000000000e+00,-4.000000000000000000e+00,1.820000000000000284e+00
-1.080000000000000071e+00,-1.000000000000000000e+00,1.000000000000000000e+00,0.000000000000000000e+00,0.000000000000000000e+00,0.000000000000000000e+00,-4.000000000000000000e+00,1.839999999999999858e+00
-1.070000000000000062e+00,-1.000000000000000000e+00,1.000000000000000000e+00,0.000000000000000000e+00,0.000000000000000000e+00,0.000000000000000000e+00,-4.000000000000000000e+00,1.859999999999999876e+00
-1.060000000000000053e+00,-1.000000000000000000e+00,1.000000000000000000e+00,0.000000000000000000e+00,0.000000000000000000e+00,0.000000000000000000e+00,-4.000000000000000000e+00,1.879999999999999893e+00
-1.050000000000000044e+00,-1.000000000000000000e+00,1.000000000000000000e+00,0.000000000000000000e+00,0.000000000000000000e+00,0.000000000000000000e+00,-4.000000000000000000e+00,1.899999999999999911e+00
-1.040000000000000036e+00,-1.000000000000000000e+00,1.000000000000000000e+00,0.000000000000000000e+00,0.000000000000000000e+00,0.000000000000000000e+00,-4.000000000000000000e+00,1.919999999999999929e+00
-1.030000000000000027e+00,-1.000000000000000000e+00,1.000000000000000000e+00,0.000000000000000000e+00,0.000000000000000000e+00,0.000000000000000000e+00,-4.000000000000000000e+00,1.939999999999999947e+00
-1.020000000000000018e+00,-1.000000000000000000e+00,1.000000000000000000e+00,0.000000000000000000e+00,0.000000000000000000e+00,0.000000000000000000e+00,-4.000000000000000000e+00,1.959999999999999964e+00
-1.010000000000000009e+00,-1.000000000000000000e+00,1.000000000000000000e+00,0.000000000000000000e+00,0.000000000000000000e+00,0.000000000000000000e+00,-4.000000000000000000e+00,1.979999999999999982e+00
-1.000000000000000000e+00,-1.000000000000000000e+00,1.000000000000000000e+00,0.000000000000000000e+00,0.000000000000000000e+00,0.000000000000000000e+00,-4.000000000000000000e+00,2.000000000000000000e+00
-9.899999999999997691e-01,-1.000000000000000000e+00,1.000000000000000000e+00,0.000000000000000000e+00,0.000000000000000000e+00,0.000000000000000000e+00,-4.000000000000000000e+00,1.979999999999999538e+00
-9.799999999999999822e-01,-1.000000000000000000e+00,1.000000000000000000e+00,0.000000000000000000e+00,0.000000000000000000e+00,0.000000000000000000e+00,-4.000000000000000000e+00,1.959999999999999964e+00
-9.699999999999997513e-01,-1.000000000000000000e+00,1.000000000000000000e+00,0.000000000000000000e+00,0.000000000000000000e+00,0.000000000000000000e+00,-4.000000000000000000e+00,1.939999999999999503e+00
-9.599999999999999645e-01,-1.000000000000000000e+00,1.000000000000000000e+00,0.000000000000000000e+00,0.000000000000000000e+00,0.000000000000000000e+00,-4.000000000000000000e+00,1.919999999999999929e+00
-9.500000000000001776e-01,-1.000000000000000000e+00,1.000000000000000000e+00,0.000000000000000000e+00,0.000000000000000000e+00,0.000000000000000000e+00,-4.000000000000000000e+00,1.900000000000000355e+00
-9.399999999999999467e-01,-1.000000000000000000e+00,1.000000000000000000e+00,0.000000000000000000e+00,0.000000000000000000e+00,0.000000000000000000e+00,-4.000000000000000000e+00,1.879999999999999893e+00
-9.300000000000001599e-01,-1.000000000000000000e+00,1.000000000000000000e+00,0.000000000000000000e+00,0.000000000000000000e+00,0.000000000000000000e+00,-4.000000000000000000e+00,1.860000000000000320e+00
-9.199999999999999289e-01,-1.000000000000000000e+00,1.000000000000000000e+00,0.000000000000000000e+00,0.000000000000000000e+00,0.000000000000000000e+00,-4.000000000000000000e+00,1.839999999999999858e+00
-9.100000000000001421e-01,-1.000000000000000000e+00,1.000000000000000000e+00,0.000000000000000000e+00,0.000000000000000000e+00,0.000000000000000000e+00,-4.000000000000000000e+00,1.820000000000000284e+00
-8.999999999999999112e-01,-1.000000000000000000e+00,1.000000000000000000e+00,0.000000000000000000e+00,0.000000000000000000e+00,0.000000000000000000e+00,-4.000000000000000000e+00,1.799999999999999822e+00
-8.900000000000001243e-01,-1.000000000000000000e+00,1.000000000000000000e+00,0.000000000000000000e+00,0.000000000000000000e+00,0.000000000000000000e+00,-4.000000000000000000e+00,1.780000000000000249e+00
-8.799999999999998934e-01,-1.000000000000000000e+00,1.000000000000000000e+00,0.000000000000000000e+00,0.000000000000000000e+00,0.000000000000000000e+00,-4.000000000000000000e+00,1.759999999999999787e+00
-8.700000000000001066e-01,-1.000000000000000000e+00,1.000000000000000000e+00,0.000000000000000000e+00,0.000000000000000000e+00,0.000000000000000000e+00,-4.000000000000000000e+00,1.740000000000000213e+00
-8.599999999999998757e-01,-1.000000000000000000e+00,1.000000000000000000e+00,0.000000000000000000e+00,0.000000000000000000e+00,0.000000000000000000e+00,-4.000000000000000000e+00,1.719999999999999751e+00
-8.500000000000000888e-01,-1.000000000000000000e+00,1.000000000000000000e+00,0.000000000000000000e+00,0.000000000000000000e+00,0.000000000000000000e+00,-4.000000000000000000e+00,1.700000000000000178e+00
-8.399999999999998579e-01,-1.000000000000000000e+00,1.000000000000000000e+00,0.000000000000000000e+00,0.000000000000000000e+00,0.000000000000000000e+00,-4.000000000000000000e+00,1.679999999999999716e+00
-8.300000000000000711e-01,-1.000000000000000000e+00,1.000000000000000000e+00,0.000000000000000000e+00,0.000000000000000000e+00,0.000000000000000000e+00,-4.000000000000000000e+00,1.660000000000000142e+00
-8.199999999999998401e-01,-1.000000000000000000e+00,1.000000000000000000e+00,0.000000000000000000e+00,0.000000000000000000e+00,0.000000000000000000e+00,-4.000000000000000000e+00,1.639999999999999680e+00
-8.100000000000000533e-01,-1.000000000000000000e+00,1.000000000000000000e+00,0.000000000000000000e+00,0.000000000000000000e+00,0.000000000000000000e+00,-4.000000000000000000e+00,1.620000000000000107e+00
-7.999999999999998224e-01,-1.000000000000000000e+00,1.000000000000000000e+00,0.000000000000000000e+00,0.000000000000000000e+00,0.000000000000000000e+00,-4.000000000000000000e+00,1.599999999999999645e+00
-7.900000000000000355e-01,-1.000000000000000000e+00,1.000000000000000000e+00,0.000000000000000000e+00,0.000000000000000000e+00,0.000000000000000000e+00,-4.000000000000000000e+00,1.580000000000000071e+00
-7.799999999999998046e-01,-1.000000000000000000e+00,1.000000000000000000e+00,0.000000000000000000e+00,0.000000000000000000e+00,0.000000000000000000e+00,-4.000000000000000000e+00,1.559999999999999609e+00
-7.700000000000000178e-01,-1.000000000000000000e+00,1.000000000000000000e+00,0.000000000000000000e+00,0.000000000000000000e+00,0.000000000000000000e+00,-4.000000000000000000e+00,1.540000000000000036e+00
-7.599999999999997868e-01,-1.000000000000000000e+00,1.000000000000000000e+00,0.000000000000000000e+00,0.000000000000000000e+00,0.000000000000000000e+00,-4.000000000000000000e+00,1.519999999999999574e+00
-7.500000000000000000e-01,-1.000000000000000000e+00,1.000000000000000000e+00,0.000000000000000000e+00,0.000000000000000000e+00,0.000000000000000000e+00,-4.000000000000000000e+00,1.500000000000000000e+00
-7.399999999999997691e-01,-1.000000000000000000e+00,1.000000000000000000e+00,0.000000000000000000e+00,0.000000000000000000e+00,0.000000000000000000e+00,-4.000000000000000000e+00,1.479999999999999538e+00
-7.299999999999999822e-01,-1.000000000000000000e+00,1.000000000000000000e+00,0.000000000000000000e+00,0.000000000000000000e+00,0.000000000000000000e+00,-4.000000000000000000e+00,1.459999999999999964e+00
-7.199999999999997513e-01,-1.000000000000000000e+00,1.000000000000000000e+00,0.000000000000000000e+00,0.000000000000000000e+00,0.000000000000000000e+00,-4.000000000000000000e+00,1.439999999999999503e+00
-7.099999999999999645e-01,-1.000000000000000000e+00,1.000000000000000000e+00,0.000000000000000000e+00,0.000000000000000000e+00,0.000000000000000000e+00,-4.000000000000000000e+00,1.419999999999999929e+00
-6.999999999999997335e-01,-1.000000000000000000e+00,1.000000000000000000e+00,0.000000000000000000e+00,0.000000000000000000e+00,0.000000000000000000e+00,-4.000000000000000000e+00,1.399999999999999467e+00
-6.899999999999999467e-01,-1.000000000000000000e+00,1.000000000000000000e+00,0.000000000000000000e+00,0.000000000000000000e+00,0.000000000000000000e+00,-4.000000000000000000e+00,1.379999999999999893e+00
-6.800000000000001599e-01,-1.000000000000000000e+00,1.000000000000000000e+00,0.000000000000000000e+00,0.000000000000000000e+00,0.000000000000000000e+00,-4.000000000000000000e+00,1.360000000000000320e+00
-6.699999999999999289e-01,-1.000000000000000000e+00,1.000000000000000000e+00,0.000000000000000000e+00,0.000000000000000000e+00,0.000000000000000000e+00,-4.000000000000000000e+00,1.339999999999999858e+00
-6.600000000000001421e-01,-1.000000000000000000e+00,1.000000000000000000e+00,0.000000000000000000e+00,0.000000000000000000e+00,0.000000000000000000e+00,-4.000000000000000000e+00,1.320000000000000284e+00
-6.499999999999999112e-01,-1.000000000000000000e+00,1.000000000000000000e+00,0.000000000000000000e+00,0.000000000000000000e+00,0.000000000000000000e+00,-4.000000000000000000e+00,1.299999999999999822e+00
-6.400000000000001243e-01,-1.000000000000000000e+00,1.000000000000000000e+00,0.000000000000000000e+00,0.000000000000000000e+00,0.000000000000000000e+00,-4.000000000000000000e+00,1.280000000000000249e+00
-6.299999999999998934e-01,-1.000000000000000000e+00,1.000000000000000000e+00,0.000000000000000000e+00,0.000000000000000000e+00,0.000000000000000000e+00,-4.000000000000000000e+00,1.259999999999999787e+00
-6.200000000000001066e-01,-1.000000000000000000e+00,1.000000000000000000e+00,0.000000000000000000e+00,0.000000000000000000e+00,0.000000000000000000e+00,-4.000000000000000000e+00,1.240000000000000213e+00
-6.099999999999998757e-01,-1.000000000000000000e+00,1.000000000000000000e+00,0.000000000000000000e+00,0.000000000000000000e+00,0.000000000000000000e+00,-4.000000000000000000e+00,1.219999999999999751e+00
-6.000000000000000888e-01,-1.000000000000000000e+00,1.000000000000000000e+00,0.000000000000000000e+00,0.000000000000000000e+00,0.000000000000000000e+00,-4.000000000000000000e+00,1.200000000000000178e+00
-5.899999999999998579e-01,-1.000000000000000000e+00,1.000000000000000000e+00,0.000000000000000000e+00,0.000000000000000000e+00,0.000000000000000000e+00,-4.000000000000000000e+00,1.179999999999999716e+00
-5.800000000000000711e-01,-1.000000000000000000e+00,1.000000000000000000e+00,0.000000000000000000e+00,0.000000000000000000e+00,0.000000000000000000e+00,-4.000000000000000000e+00,1.160000000000000142e+00
-5.699999999999998401e-01,-1.000000000000000000e+00,1.000000000000000000e+00,0.000000000000000000e+00,0.000000000000000000e+00,0.000000000000000000e+00,-4.000000000000000000e+00,1.139999999999999680e+00
-5.600000000000000533e-01,-1.000000000000000000e+00,1.000000000000000000e+00,0.000000000000000000e+00,0.000000000000000000e+00,0.000000000000000000e+00,-4.000000000000000000e+00,1.120000000000000107e+00
-5.499999999999998224e-01,-1.000000000000000000e+00,1.000000000000000000e+00,0.000000000000000000e+00,0.000000000000000000e+00,0.000000000000000000e+00,-4.000000000000000000e+00,1.099999999999999645e+00
-5.400000000000000355e-01,-1.000000000000000000e+00,1.000000000000000000e+00,0.000000000000000000e+00,0.000000000000000000e+00,0.000000000000000000e+00,-4.000000000000000000e+00,1.080000000000000071e+00
-5.299999999999998046e-01,-1.000000000000000000e+00,1.000000000000000000e+00,0.000000000000000000e+00,0.000000000000000000e+00,0.000000000000000000e+00,-4.000000000000000000e+00,1.059999999999999609e+00
-5.200000000000000178e-01,-1.000000000000000000e+00,1.000000000000000000e+00,0.000000000000000000e+00,0.000000000000000000e+00,0.000000000000000000e+00,-4.000000000000000000e+00,1.040000000000000036e+00
-5.099999999999997868e-01,-1.000000000000000000e+00,1.000000000000000000e+00,0.000000000000000000e+00,0.000000000000000000e+00,0.000000000000000000e+00,-4.000000000000000000e+00,1.019999999999999574e+00
-5.000000000000000000e-01,-1.000000000000000000e+00,1.000000000000000000e+00,0.000000000000000000e+00,0.000000000000000000e+00,0.000000000000000000e+00,-4.000000000000000000e+00,1.000000000000000000e+00
-4.899999999999997691e-01,-1.000000000000000000e+00,1.000000000000000000e+00,0.000000000000000000e+00,0.000000000000000000e+00,0.000000000000000000e+00,-4.000000000000000000e+00,9.799999999999995381e-01
-4.799999999999999822e-01,-1.000000000000000000e+00,1.000000000000000000e+00,0.000000000000000000e+00,0.000000000000000000e+00,0.000000000000000000e+00,-4.000000000000000000e+00,9.599999999999999645e-01
-4.699999999999997513e-01,-1.000000000000000000e+00,1.000000000000000000e+00,0.000000000000000000e+00,0.000000000000000000e+00,0.000000000000000000e+00,-4.000000000000000000e+00,9.399999999999995026e-01
-4.599999999999999645e-01,-1.000000000000000000e+00,1.000000000000000000e+00,0.000000000000000000e+00,0.000000000000000000e+00,0.000000000000000000e+00,-4.000000000000000000e+00,9.199999999999999289e-01
-4.499999999999997335e-01,-1.000000000000000000e+00,1.000000000000000000e+00,0.000000000000000000e+00,0.000000000000000000e+00,0.000000000000000000e+00,-4.000000000000000000e+00,8.999999999999994671e-01
-4.399999999999999467e-01,-1.000000000000000000e+00,1.000000000000000000e+00,0.000000000000000000e+00,0.000000000000000000e+00,0.000000000000000000e+00,-4.000000000000000000e+00,8.799999999999998934e-01
-4.300000000000001599e-01,-1.000000000000000000e+00,1.000000000000000000e+00,0.000000000000000000e+00,0.000000000000000000e+00,0.000000000000000000e+00,-4.000000000000000000e+00,8.600000000000003197e-01
-4.199999999999999289e-01,-1.000000000000000000e+00,1.000000000000000000e+00,0.000000000000000000e+00,0.000000000000000000e+00,0.000000000000000000e+00,-4.000000000000000000e+00,8.399999999999998579e-01
-4.100000000000001421e-01,-1.000000000000000000e+00,1.000000000000000000e+00,0.000000000000000000e+00,0.000000000000000000e+00,0.000000000000000000e+00,-4.000000000000000000e+00,8.200000000000002842e-01
-3.999999999999999112e-01,-1.000000000000000000e+00,1.000000000000000000e+00,0.000000000000000000e+00,0.000000000000000000e+00,0.000000000000000000e+00,-4.000000000000000000e+00,7.999999999999998224e-01
-3.900000000000001243e-01,-1.000000000000000000e+00,1.000000000000000000e+00,0.000000000000000000e+00,0.000000000000000000e+00,0.000000000000000000e+00,-4.000000000000000000e+00,7.800000000000002487e-01
-3.799999999999998934e-01,-1.000000000000000000e+00,1.000000000000000000e+00,0.000000000000000000e+00,0.000000000000000000e+00,0.000000000000000000e+00,-4.000000000000000000e+00,7.599999999999997868e-01
-3.700000000000001066e-01,-1.000000000000000000e+00,1.000000000000000000e+00,0.000000000000000000e+00,0.000000000000000000e+00,0.000000000000000000e+00,-4.000000000000000000e+00,7.400000000000002132e-01
-3.599999999999998757e-01,-1.000000000000000000e+00,1.000000000000000000e+00,0.000000000000000000e+00,0.000000000000000000e+00,0.000000000000000000e+00,-4.000000000000000000e+00,7.199999999999997513e-01
-3.500000000000000888e-01,-1.000000000000000000e+00,1.000000000000000000e+00,0.000000000000000000e+00,0.000000000000000000e+00,0.000000000000000000e+00,-4.000000000000000000e+00,7.000000000000001776e-01
-3.399999999999998579e-01,-1.000000000000000000e+00,1.000000000000000000e+00,0.000000000000000000e+00,0.000000000000000000e+00,0.000000000000000000e+00,-4.000000000000000000e+00,6.799999999999997158e-01
-3.300000000000000711e-01,-1.000000000000000000e+00,1.000000000000000000e+00,0.000000000000000000e+00,0.000000000000000000e+00,0.000000000000000000e+00,-4.000000000000000000e+00,6.600000000000001421e-01
-3.199999999999998401e-01,-1.000000000000000000e+00,1.000000000000000000e+00,0.000000000000000000e+00,0.000000000000000000e+00,0.000000000000000000e+00,-4.000000000000000000e+00,6.399999999999996803e-01
-3.100000000000000533e-01,-1.000000000000000000e+00,1.000000000000000000e+00,0.000000000000000000e+00,0.000000000000000000e+00,0.000000000000000000e+00,-4.000000000000000000e+00,6.200000000000001066e-01
-2.999999999999998224e-01,-1.000000000000000000e+00,1.000000000000000000e+00,0.000000000000000000e+00,0.000000000000000000e+00,0.000000000000000000e+00,-4.000000000000000000e+00,5.999999999999996447e-01
-2.900000000000000355e-01,-1.000000000000000000e+00,1.000000000000000000e+00,0.000000000000000000e+00,0.000000000000000000e+00,0.000000000000000000e+00,-4.000000000000000000e+00,5.800000000000000711e-01
-2.799999999999998046e-01,-1.000000000000000000e+00,1.000000000000000000e+00,0.000000000000000000e+00,0.000000000000000000e+00,0.000000000000000000e+00,-4.000000000000000000e+00,5.599999999999996092e-01
-2.700000000000000178e-01,-1.000000000000000000e+00,1.000000000000000000e+00,0.000000000000000000e+00,0.000000000000000000e+00,0.000000000000000000e+00,-4.000000000000000000e+00,5.400000000000000355e-01
-2.599999999999997868e-01,-1.000000000000000000e+00,1.000000000000000000e+00,0.000000000000000000e+00,0.000000000000000000e+00,0.000000000000000000e+00,-4.000000000000000000e+00,5.199999999999995737e-01
-2.500000000000000000e-01,-1.000000000000000000e+00,1.000000000000000000e+00,0.000000000000000000e+00,0.000000000000000000e+00,0.000000000000000000e+00,-4.000000000000000000e+00,5.000000000000000000e-01
-2.399999999999997691e-01,-1.000000000000000000e+00,1.000000000000000000e+00,0.000000000000000000e+00,0.000000000000000000e+00,0.000000000000000000e+00,-4.000000000000000000e+00,4.799999999999995381e-01
-2.299999999999999822e-01,-1.000000000000000000e+00,1.000000000000000000e+00,0.000000000000000000e+00,0.000000000000000000e+00,0.000000000000000000e+00,-4.000000000000000000e+00,4.599999999999999645e-01
-2.199999999999997513e-01,-1.000000000000000000e+00,1.000000000000000000e+00,0.000000000000000000e+00,0.000000000000000000e+00,0.000000000000000000e+00,-4.000000000000000000e+00,4.399999999999995026e-01
-2.099999999999999645e-01,-1.000000000000000000e+00,1.000000000000000000e+00,0.000000000000000000e+00,0.000000000000000000e+00,0.000000000000000000e+00,-4.000000000000000000e+00,4.199999999999999289e-01
-1.999999999999997335e-01,-1.000000000000000000e+00,1.000000000000000000e+00,0.000000000000000000e+00,0.000000000000000000e+00,0.000000000000000000e+00,-4.000000000000000000e+00,3.999999999999994671e-01
-1.899999999999999467e-01,-1.000000000000000000e+00,1.000000000000000000e+00,0.000000000000000000e+00,0.000000000000000000e+00,0.000000000000000000e+00,-4.000000000000000000e+00,3.799999999999998934e-01
-1.800000000000001599e-01,-1.000000000000000000e+00,1.000000000000000000e+00,0.000000000000000000e+00,0.000000000000000000e+00,0.000000000000000000e+00,-4.000000000000000000e+00,3.600000000000003197e-01
-1.699999999999999289e-01,-1.000000000000000000e+00,1.000000000000000000e+00,0.000000000000000000e+00,0.000000000000000000e+00,0.000000000000000000e+00,-4.000000000000000000e+00,3.399999999999998579e-01
-1.600000000000001421e-01,-1.000000000000000000e+00,1.000000000000000000e+00,0.000000000000000000e+00,0.000000000000000000e+00,0.000000000000000000e+00,-4.000000000000000000e+00,3.200000000000002842e-01
-1.499999999999999112e-01,-1.000000000000000000e+00,1.000000000000000000e+00,0.000000000000000000e+00,0.000000000000000000e+00,0.000000000000000000e+00,-4.000000000000000000e+00,2.999999999999998224e-01
-1.400000000000001243e-01,-1.000000000000000000e+00,1.000000000000000000e+00,0.000000000000000000e+00,0.000000000000000000e+00,0.000000000000000000e+00,-4.000000000000000000e+00,2.800000000000002487e-01
-1.299999999999998934e-01,-1.000000000000000000e+00,1.000000000000000000e+00,0.000000000000000000e+00,0.000000000000000000e+00,0.000000000000000000e+00,-4.000000000000000000e+00,2.599999999999997868e-01
-1.200000000000001066e-01,-1.000000000000000000e+00,1.000000000000000000e+00,0.000000000000000000e+00,0.000000000000000000e+00,0.000000000000000000e+00,-4.000000000000000000e+00,2.400000000000002132e-01
-1.099999999999998757e-01,-1.000000000000000000e+00,1.000000000000000000e+00,0.000000000000000000e+00,0.000000000000000000e+00,0.000000000000000000e+00,-4.000000000000000000e+00,2.199999999999997513e-01
-1.000000000000000888e-01,-1.000000000000000000e+00,1.000000000000000000e+00,0.000000000000000000e+00,0.000000000000000000e+00,0.000000000000000000e+00,-4.000000000000000000e+00,2.000000000000001776e-01
-8.999999999999985789e-02,-1.000000000000000000e+00,1.000000000000000000e+00,0.000000000000000000e+00,0.000000000000000000e+00,0.000000000000000000e+00,-4.000000000000000000e+00,1.799999999999997158e-01
-8.000000000000007105e-02,-1.000000000000000000e+00,1.000000000000000000e+00,0.000000000000000000e+00,0.000000000000000000e+00,0.000000000000000000e+00,-4.000000000000000000e+00,1.600000000000001421e-01
-6.999999999999984013e-02,-1.000000000000000000e+00,1.000000000000000000e+00,0.000000000000000000e+00,0.000000000000000000e+00,0.000000000000000000e+00,-4.000000000000000000e+00,1.399999999999996803e-01
-6.000000000000005329e-02,-1.000000000000000000e+00,1.000000000000000000e+00,0.000000000000000000e+00,0.000000000000000000e+00,0.000000000000000000e+00,-4.000000000000000000e+00,1.200000000000001066e-01
-4.999999999999982236e-02,-1.000000000000000000e+00,1.000000000000000000e+00,0.000000000000000000e+00,0.000000000000000000e+00,0.000000000000000000e+00,-4.000000000000000000e+00,9.999999999999964473e-02
-4.000000000000003553e-02,-1.000000000000000000e+00,1.000000000000000000e+00,0.000000000000000000e+00,0.000000000000000000e+00,0.000000000000000000e+00,-4.000000000000000000e+00,8.000000000000007105e-02
-2.999999999999980460e-02,-1.000000000000000000e+00,1.000000000000000000e+00,0.000000000000000000e+00,0.000000000000000000e+00,0.000000000000000000e+00,-4.000000000000000000e+00,5.999999999999960920e-02
-2.000000000000001776e-02,-1.000000000000000000e+00,1.000000000000000000e+00,0.000000000000000000e+00,0.000000000000000000e+00,0.000000000000000000e+00,-4.000000000000000000e+00,4.000000000000003553e-02
-9.999999999999786837e-03,-1.000000000000000000e+00,1.000000000000000000e+00,0.000000000000000000e+00,0.000000000000000000e+00,0.000000000000000000e+00,-4.000000000000000000e+00,1.999999999999957367e-02
0.000000000000000000e+00,nan,nan,nan,0.000000000000000000e+00,0.000000000000000000e+00,nan,0.000000000000000000e+00
1.000000000000023093e-02,1.000000000000000000e+00,-1.000000000000000000e+00,0.000000000000000000e+00,0.000000000000000000e+00,0.000000000000000000e+00,4.000000000000000000e+00,2.000000000000046185e-02
2.000000000000001776e-02,1.000000000000000000e+00,-1.000000000000000000e+00,0.000000000000000000e+00,0.000000000000000000e+00,0.000000000000000000e+00,4.000000000000000000e+00,4.000000000000003553e-02
3.000000000000024869e-02,1.000000000000000000e+00,-1.000000000000000000e+00,0.000000000000000000e+00,0.000000000000000000e+00,0.000000000000000000e+00,4.000000000000000000e+00,6.000000000000049738e-02
4.000000000000003553e-02,1.000000000000000000e+00,-1.000000000000000000e+00,0.000000000000000000e+00,0.000000000000000000e+00,0.000000000000000000e+00,4.000000000000000000e+00,8.000000000000007105e-02
5.000000000000026645e-02,1.000000000000000000e+00,-1.000000000000000000e+00,0.000000000000000000e+00,0.000000000000000000e+00,0.000000000000000000e+00,4.000000000000000000e+00,1.000000000000005329e-01
6.000000000000005329e-02,1.000000000000000000e+00,-1.000000000000000000e+00,0.000000000000000000e+00,0.000000000000000000e+00,0.000000000000000000e+00,4.000000000000000000e+00,1.200000000000001066e-01
7.000000000000028422e-02,1.000000000000000000e+00,-1.000000000000000000e+00,0.000000000000000000e+00,0.000000000000000000e+00,0.000000000000000000e+00,4.000000000000000000e+00,1.400000000000005684e-01
8.000000000000007105e-02,1.000000000000000000e+00,-1.000000000000000000e+00,0.000000000000000000e+00,0.000000000000000000e+00,0.000000000000000000e+00,4.000000000000000000e+00,1.600000000000001421e-01
8.999999999999985789e-02,1.000000000000000000e+00,-1.000000000000000000e+00,0.000000000000000000e+00,0.000000000000000000e+00,0.000000000000000000e+00,4.000000000000000000e+00,1.799999999999997158e-01
1.000000000000000888e-01,1.000000000000000000e+00,-1.000000000000000000e+00,0.000000000000000000e+00,0.000000000000000000e+00,0.000000000000000000e+00,4.000000000000000000e+00,2.000000000000001776e-01
1.099999999999998757e-01,1.000000000000000000e+00,-1.000000000000000000e+00,0.000000000000000000e+00,0.000000000000000000e+00,0.000000000000000000e+00,4.000000000000000000e+00,2.199999999999997513e-01
1.200000000000001066e-01,1.000000000000000000e+00,-1.000000000000000000e+00,0.000000000000000000e+00,0.000000000000000000e+00,0.000000000000000000e+00,4.000000000000000000e+00,2.400000000000002132e-01
1.299999999999998934e-01,1.000000000000000000e+00,-1.000000000000000000e+00,0.000000000000000000e+00,0.000000000000000000e+00,0.000000000000000000e+00,4.000000000000000000e+00,2.599999999999997868e-01
1.400000000000001243e-01,1.000000000000000000e+00,-1.000000000000000000e+00,0.000000000000000000e+00,0.000000000000000000e+00,0.000000000000000000e+00,4.000000000000000000e+00,2.800000000000002487e-01
1.499999999999999112e-01,1.000000000000000000e+00,-1.000000000000000000e+00,0.000000000000000000e+00,0.000000000000000000e+00,0.000000000000000000e+00,4.000000000000000000e+00,2.999999999999998224e-01
1.600000000000001421e-01,1.000000000000000000e+00,-1.000000000000000000e+00,0.000000000000000000e+00,0.000000000000000000e+00,0.000000000000000000e+00,4.000000000000000000e+00,3.200000000000002842e-01
1.699999999999999289e-01,1.000000000000000000e+00,-1.000000000000000000e+00,0.000000000000000000e+00,0.000000000000000000e+00,0.000000000000000000e+00,4.000000000000000000e+00,3.399999999999998579e-01
1.800000000000001599e-01,1.000000000000000000e+00,-1.000000000000000000e+00,0.000000000000000000e+00,0.000000000000000000e+00,0.000000000000000000e+00,4.000000000000000000e+00,3.600000000000003197e-01
1.899999999999999467e-01,1.000000000000000000e+00,-1.000000000000000000e+00,0.000000000000000000e+00,0.000000000000000000e+00,0.000000000000000000e+00,4.000000000000000000e+00,3.799999999999998934e-01
2.000000000000001776e-01,1.000000000000000000e+00,-1.000000000000000000e+00,0.000000000000000000e+00,0.000000000000000000e+00,0.000000000000000000e+00,4.000000000000000000e+00,4.000000000000003553e-01
2.099999999999999645e-01,1.000000000000000000e+00,-1.000000000000000000e+00,0.000000000000000000e+00,0.000000000000000000e+00,0.000000000000000000e+00,4.000000000000000000e+00,4.199999999999999289e-01
2.200000000000001954e-01,1.000000000000000000e+00,-1.000000000000000000e+00,0.000000000000000000e+00,0.000000000000000000e+00,0.000000000000000000e+00,4.000000000000000000e+00,4.400000000000003908e-01
2.299999999999999822e-01,1.000000000000000000e+00,-1.000000000000000000e+00,0.000000000000000000e+00,0.000000000000000000e+00,0.000000000000000000e+00,4.000000000000000000e+00,4.599999999999999645e-01
2.400000000000002132e-01,1.000000000000000000e+00,-1.000000000000000000e+00,0.000000000000000000e+00,0.000000000000000000e+00,0.000000000000000000e+00,4.000000000000000000e+00,4.800000000000004263e-01
2.500000000000000000e-01,1.000000000000000000e+00,-1.000000000000000000e+00,0.000000000000000000e+00,0.000000000000000000e+00,0.000000000000000000e+00,4.000000000000000000e+00,5.000000000000000000e-01
2.600000000000002309e-01,1.000000000000000000e+00,-1.000000000000000000e+00,0.000000000000000000e+00,0.000000000000000000e+00,0.000000000000000000e+00,4.000000000000000000e+00,5.200000000000004619e-01
2.700000000000000178e-01,1.000000000000000000e+00,-1.000000000000000000e+00,0.000000000000000000e+00,0.000000000000000000e+00,0.000000000000000000e+00,4.000000000000000000e+00,5.400000000000000355e-01
2.800000000000002487e-01,1.000000000000000000e+00,-1.000000000000000000e+00,0.000000000000000000e+00,0.000000000000000000e+00,0.000000000000000000e+00,4.000000000000000000e+00,5.600000000000004974e-01
2.900000000000000355e-01,1.000000000000000000e+00,-1.000000000000000000e+00,0.000000000000000000e+00,0.000000000000000000e+00,0.000000000000000000e+00,4.000000000000000000e+00,5.800000000000000711e-01
3.000000000000002665e-01,1.000000000000000000e+00,-1.000000000000000000e+00,0.000000000000000000e+00,0.000000000000000000e+00,0.000000000000000000e+00,4.000000000000000000e+00,6.000000000000005329e-01
3.100000000000000533e-01,1.000000000000000000e+00,-1.000000000000000000e+00,0.000000000000000000e+00,0.000000000000000000e+00,0.000000000000000000e+00,4.000000000000000000e+00,6.200000000000001066e-01
3.200000000000002842e-01,1.000000000000000000e+00,-1.000000000000000000e+00,0.000000000000000000e+00,0.000000000000000000e+00,0.000000000000000000e+00,4.000000000000000000e+00,6.400000000000005684e-01
3.300000000000000711e-01,1.000000000000000000e+00,-1.000000000000000000e+00,0.000000000000000000e+00,0.000000000000000000e+00,0.000000000000000000e+00,4.000000000000000000e+00,6.600000000000001421e-01
3.399999999999998579e-01,1.000000000000000000e+00,-1.000000000000000000e+00,0.000000000000000000e+00,0.000000000000000000e+00,0.000000000000000000e+00,4.000000000000000000e+00,6.799999999999997158e-01
3.500000000000000888e-01,1.000000000000000000e+00,-1.000000000000000000e+00,0.000000000000000000e+00,0.000000000000000000e+00,0.000000000000000000e+00,4.000000000000000000e+00,7.000000000000001776e-01
3.599999999999998757e-01,1.000000000000000000e+00,-1.000000000000000000e+00,0.000000000000000000e+00,0.000000000000000000e+00,0.000000000000000000e+00,4.000000000000000000e+00,7.199999999999997513e-01
3.700000000000001066e-01,1.000000000000000000e+00,-1.000000000000000000e+00,0.000000000000000000e+00,0.000000000000000000e+00,0.000000000000000000e+00,4.000000000000000000e+00,7.400000000000002132e-01
3.799999999999998934e-01,1.000000000000000000e+00,-1.000000000000000000e+00,0.000000000000000000e+00,0.000000000000000000e+00,0.000000000000000000e+00,4.000000000000000000e+00,7.599999999999997868e-01
3.900000000000001243e-01,1.000000000000000000e+00,-1.000000000000000000e+00,0.000000000000000000e+00,0.000000000000000000e+00,0.000000000000000000e+00,4.000000000000000000e+00,7.800000000000002487e-01
3.999999999999999112e-01,1.000000000000000000e+00,-1.000000000000000000e+00,0.000000000000000000e+00,0.000000000000000000e+00,0.000000000000000000e+00,4.000000000000000000e+00,7.999999999999998224e-01
4.100000000000001421e-01,1.000000000000000000e+00,-1.000000000000000000e+00,0.000000000000000000e+00,0.000000000000000000e+00,0.000000000000000000e+00,4.000000000000000000e+00,8.200000000000002842e-01
4.199999999999999289e-01,1.000000000000000000e+00,-1.000000000000000000e+00,0.000000000000000000e+00,0.000000000000000000e+00,0.000000000000000000e+00,4.000000000000000000e+00,8.399999999999998579e-01
4.300000000000001599e-01,1.000000000000000000e+00,-1.000000000000000000e+00,0.000000000000000000e+00,0.000000000000000000e+00,0.000000000000000000e+00,4.000000000000000000e+00,8.600000000000003197e-01
4.399999999999999467e-01,1.000000000000000000e+00,-1.000000000000000000e+00,0.000000000000000000e+00,0.000000000000000000e+00,0.000000000000000000e+00,4.000000000000000000e+00,8.799999999999998934e-01
4.500000000000001776e-01,1.000000000000000000e+00,-1.000000000000000000e+00,0.000000000000000000e+00,0.000000000000000000e+00,0.000000000000000000e+00,4.000000000000000000e+00,9.000000000000003553e-01
4.599999999999999645e-01,1.000000000000000000e+00,-1.000000000000000000e+00,0.000000000000000000e+00,0.000000000000000000e+00,0.000000000000000000e+00,4.000000000000000000e+00,9.199999999999999289e-01
4.700000000000001954e-01,1.000000000000000000e+00,-1.000000000000000000e+00,0.000000000000000000e+00,0.000000000000000000e+00,0.000000000000000000e+00,4.000000000000000000e+00,9.400000000000003908e-01
4.799999999999999822e-01,1.000000000000000000e+00,-1.000000000000000000e+00,0.000000000000000000e+00,0.000000000000000000e+00,0.000000000000000000e+00,4.000000000000000000e+00,9.599999999999999645e-01
4.900000000000002132e-01,1.000000000000000000e+00,-1.000000000000000000e+00,0.000000000000000000e+00,0.000000000000000000e+00,0.000000000000000000e+00,4.000000000000000000e+00,9.800000000000004263e-01
5.000000000000000000e-01,1.000000000000000000e+00,-1.000000000000000000e+00,0.000000000000000000e+00,0.000000000000000000e+00,0.000000000000000000e+00,4.000000000000000000e+00,1.000000000000000000e+00
5.100000000000002309e-01,1.000000000000000000e+00,-1.000000000000000000e+00,0.000000000000000000e+00,0.000000000000000000e+00,0.000000000000000000e+00,4.000000000000000000e+00,1.020000000000000462e+00
5.200000000000000178e-01,1.000000000000000000e+00,-1.000000000000000000e+00,0.000000000000000000e+00,0.000000000000000000e+00,0.000000000000000000e+00,4.000000000000000000e+00,1.040000000000000036e+00
5.300000000000002487e-01,1.000000000000000000e+00,-1.000000000000000000e+00,0.000000000000000000e+00,0.000000000000000000e+00,0.000000000000000000e+00,4.000000000000000000e+00,1.060000000000000497e+00
5.400000000000000355e-01,1.000000000000000000e+00,-1.000000000000000000e+00,0.000000000000000000e+00,0.000000000000000000e+00,0.000000000000000000e+00,4.000000000000000000e+00,1.080000000000000071e+00
5.500000000000002665e-01,1.000000000000000000e+00,-1.000000000000000000e+00,0.000000000000000000e+00,0.000000000000000000e+00,0.000000000000000000e+00,4.000000000000000000e+00,1.100000000000000533e+00
5.600000000000000533e-01,1.000000000000000000e+00,-1.000000000000000000e+00,0.000000000000000000e+00,0.000000000000000000e+00,0.000000000000000000e+00,4.000000000000000000e+00,1.120000000000000107e+00
5.700000000000002842e-01,1.000000000000000000e+00,-1.000000000000000000e+00,0.000000000000000000e+00,0.000000000000000000e+00,0.000000000000000000e+00,4.000000000000000000e+00,1.140000000000000568e+00
5.800000000000000711e-01,1.000000000000000000e+00,-1.000000000000000000e+00,0.000000000000000000e+00,0.000000000000000000e+00,0.000000000000000000e+00,4.000000000000000000e+00,1.160000000000000142e+00
5.899999999999998579e-01,1.000000000000000000e+00,-1.000000000000000000e+00,0.000000000000000000e+00,0.000000000000000000e+00,0.000000000000000000e+00,4.000000000000000000e+00,1.179999999999999716e+00
6.000000000000000888e-01,1.000000000000000000e+00,-1.000000000000000000e+00,0.000000000000000000e+00,0.000000000000000000e+00,0.000000000000000000e+00,4.000000000000000000e+00,1.200000000000000178e+00
6.099999999999998757e-01,1.000000000000000000e+00,-1.000000000000000000e+00,0.000000000000000000e+00,0.000000000000000000e+00,0.000000000000000000e+00,4.000000000000000000e+00,1.219999999999999751e+00
6.200000000000001066e-01,1.000000000000000000e+00,-1.000000000000000000e+00,0.000000000000000000e+00,0.000000000000000000e+00,0.000000000000000000e+00,4.000000000000000000e+00,1.240000000000000213e+00
6.299999999999998934e-01,1.000000000000000000e+00,-1.000000000000000000e+00,0.000000000000000000e+00,0.000000000000000000e+00,0.000000000000000000e+00,4.000000000000000000e+00,1.259999999999999787e+00
6.400000000000001243e-01,1.000000000000000000e+00,-1.000000000000000000e+00,0.000000000000000000e+00,0.000000000000000000e+00,0.000000000000000000e+00,4.000000000000000000e+00,1.280000000000000249e+00
6.499999999999999112e-01,1.000000000000000000e+00,-1.000000000000000000e+00,0.000000000000000000e+00,0.000000000000000000e+00,0.000000000000000000e+00,4.000000000000000000e+00,1.299999999999999822e+00
6.600000000000001421e-01,1.000000000000000000e+00,-1.000000000000000000e+00,0.000000000000000000e+00,0.000000000000000000e+00,0.000000000000000000e+00,4.000000000000000000e+00,1.320000000000000284e+00
6.699999999999999289e-01,1.000000000000000000e+00,-1.000000000000000000e+00,0.000000000000000000e+00,0.000000000000000000e+00,0.000000000000000000e+00,4.000000000000000000e+00,1.339999999999999858e+00
6.800000000000001599e-01,1.000000000000000000e+00,-1.000000000000000000e+00,0.000000000000000000e+00,0.000000000000000000e+00,0.000000000000000000e+00,4.000000000000000000e+00,1.360000000000000320e+00
6.899999999999999467e-01,1.000000000000000000e+00,-1.000000000000000000e+00,0.000000000000000000e+00,0.000000000000000000e+00,0.000000000000000000e+00,4.000000000000000000e+00,1.379999999999999893e+00
7.000000000000001776e-01,1.000000000000000000e+00,-1.000000000000000000e+00,0.000000000000000000e+00,0.000000000000000000e+00,0.000000000000000000e+00,4.000000000000000000e+00,1.400000000000000355e+00
7.099999999999999645e-01,1.000000000000000000e+00,-1.000000000000000000e+00,0.000000000000000000e+00,0.000000000000000000e+00,0.000000000000000000e+00,4.000000000000000000e+00,1.419999999999999929e+00
7.200000000000001954e-01,1.000000000000000000e+00,-1.000000000000000000e+00,0.000000000000000000e+00,0.000000000000000000e+00,0.000000000000000000e+00,4.000000000000000000e+00,1.440000000000000391e+00
7.299999999999999822e-01,1.000000000000000000e+00,-1.000000000000000000e+00,0.000000000000000000e+00,0.000000000000000000e+00,0.000000000000000000e+00,4.000000000000000000e+00,1.459999999999999964e+00
7.400000000000002132e-01,1.000000000000000000e+00,-1.000000000000000000e+00,0.000000000000000000e+00,0.000000000000000000e+00,0.000000000000000000e+00,4.000000000000000000e+00,1.480000000000000426e+00
7.500000000000000000e-01,1.000000000000000000e+00,-1.000000000000000000e+00,0.000000000000000000e+00,0.000000000000000000e+00,0.000000000000000000e+00,4.000000000000000000e+00,1.500000000000000000e+00
7.600000000000002309e-01,1.000000000000000000e+00,-1.000000000000000000e+00,0.000000000000000000e+00,0.000000000000000000e+00,0.000000000000000000e+00,4.000000000000000000e+00,1.520000000000000462e+00
7.700000000000000178e-01,1.000000000000000000e+00,-1.000000000000000000e+00,0.000000000000000000e+00,0.000000000000000000e+00,0.000000000000000000e+00,4.000000000000000000e+00,1.540000000000000036e+00
7.800000000000002487e-01,1.000000000000000000e+00,-1.000000000000000000e+00,0.000000000000000000e+00,0.000000000000000000e+00,0.000000000000000000e+00,4.000000000000000000e+00,1.560000000000000497e+00
7.900000000000000355e-01,1.000000000000000000e+00,-1.000000000000000000e+00,0.000000000000000000e+00,0.000000000000000000e+00,0.000000000000000000e+00,4.000000000000000000e+00,1.580000000000000071e+00
8.000000000000002665e-01,1.000000000000000000e+00,-1.000000000000000000e+00,0.000000000000000000e+00,0.000000000000000000e+00,0.000000000000000000e+00,4.000000000000000000e+00,1.600000000000000533e+00
8.100000000000000533e-01,1.000000000000000000e+00,-1.000000000000000000e+00,0.000000000000000000e+00,0.000000000000000000e+00,0.000000000000000000e+00,4.000000000000000000e+00,1.620000000000000107e+00
8.200000000000002842e-01,1.000000000000000000e+00,-1.000000000000000000e+00,0.000000000000000000e+00,0.000000000000000000e+00,0.000000000000000000e+00,4.000000000000000000e+00,1.640000000000000568e+00
8.300000000000000711e-01,1.000000000000000000e+00,-1.000000000000000000e+00,0.000000000000000000e+00,0.000000000000000000e+00,0.000000000000000000e+00,4.000000000000000000e+00,1.660000000000000142e+00
8.399999999999998579e-01,1.000000000000000000e+00,-1.000000000000000000e+00,0.000000000000000000e+00,0.000000000000000000e+00,0.000000000000000000e+00,4.000000000000000000e+00,1.679999999999999716e+00
8.500000000000000888e-01,1.000000000000000000e+00,-1.000000000000000000e+00,0.000000000000000000e+00,0.000000000000000000e+00,0.000000000000000000e+00,4.000000000000000000e+00,1.700000000000000178e+00
8.599999999999998757e-01,1.000000000000000000e+00,-1.000000000000000000e+00,0.000000000000000000e+00,0.000000000000000000e+00,0.000000000000000000e+00,4.000000000000000000e+00,1.719999999999999751e+00
8.700000000000001066e-01,1.000000000000000000e+00,-1.000000000000000000e+00,0.000000000000000000e+00,0.000000000000000000e+00,0.000000000000000000e+00,4.000000000000000000e+00,1.740000000000000213e+00
8.799999999999998934e-01,1.000000000000000000e+00,-1.000000000000000000e+00,0.000000000000000000e+00,0.000000000000000000e+00,0.000000000000000000e+00,4.000000000000000000e+00,1.759999999999999787e+00
8.900000000000001243e-01,1.000000000000000000e+00,-1.000000000000000000e+00,0.000000000000000000e+00,0.000000000000000000e+00,0.000000000000000000e+00,4.000000000000000000e+00,1.780000000000000249e+00
8.999999999999999112e-01,1.000000000000000000e+00,-1.000000000000000000e+00,0.000000000000000000e+00,0.000000000000000000e+00,0.000000000000000000e+00,4.000000000000000000e+00,1.799999999999999822e+00
9.100000000000001421e-01,1.000000000000000000e+00,-1.000000000000000000e+00,0.000000000000000000e+00,0.000000000000000000e+00,0.000000000000000000e+00,4.000000000000000000e+00,1.820000000000000284e+00
9.199999999999999289e-01,1.000000000000000000e+00,-1.000000000000000000e+00,0.000000000000000000e+00,0.000000000000000000e+00,0.000000000000000000e+00,4.000000000000000000e+00,1.839999999999999858e+00
9.300000000000001599e-01,1.000000000000000000e+00,-1.000000000000000000e+00,0.000000000000000000e+00,0.000000000000000000e+00,0.000000000000000000e+00,4.000000000000000000e+00,1.860000000000000320e+00
9.399999999999999467e-01,1.000000000000000000e+00,-1.000000000000000000e+00,0.000000000000000000e+00,0.000000000000000000e+00,0.000000000000000000e+00,4.000000000000000000e+00,1.879999999999999893e+00
9.500000000000001776e-01,1.000000000000000000e+00,-1.000000000000000000e+00,0.000000000000000000e+00,0.000000000000000000e+00,0.000000000000000000e+00,4.000000000000000000e+00,1.900000000000000355e+00
9.599999999999999645e-01,1.000000000000000000e+00,-1.000000000000000000e+00,0.000000000000000000e+00,0.000000000000000000e+00,0.000000000000000000e+00,4.000000000000000000e+00,1.919999999999999929e+00
9.700000000000001954e-01,1.000000000000000000e+00,-1.000000000000000000e+00,0.000000000000000000e+00,0.000000000000000000e+00,0.000000000000000000e+00,4.000000000000000000e+00,1.940000000000000391e+00
9.799999999999999822e-01,1.000000000000000000e+00,-1.000000000000000000e+00,0.000000000000000000e+00,0.000000000000000000e+00,0.000000000000000000e+00,4.000000000000000000e+00,1.959999999999999964e+00
9.900000000000002132e-01,1.000000000000000000e+00,-1.000000000000000000e+00,0.000000000000000000e+00,0.000000000000000000e+00,0.000000000000000000e+00,4.000000000000000000e+00,1.980000000000000426e+00
1.000000000000000000e+00,1.000000000000000000e+00,-1.000000000000000000e+00,0.000000000000000000e+00,0.000000000000000000e+00,0.000000000000000000e+00,4.000000000000000000e+00,2.000000000000000000e+00
1.009999999999999787e+00,1.000000000000000000e+00,-1.000000000000000000e+00,0.000000000000000000e+00,0.000000000000000000e+00,0.000000000000000000e+00,4.000000000000000000e+00,1.980000000000000426e+00
1.020000000000000462e+00,1.000000000000000000e+00,-1.000000000000000000e+00,0.000000000000000000e+00,0.000000000000000000e+00,0.000000000000000000e+00,4.000000000000000000e+00,1.959999999999999076e+00
1.030000000000000249e+00,1.000000000000000000e+00,-1.000000000000000000e+00,0.000000000000000000e+00,0.000000000000000000e+00,0.000000000000000000e+00,4.000000000000000000e+00,1.939999999999999503e+00
1.040000000000000036e+00,1.000000000000000000e+00,-1.000000000000000000e+00,0.000000000000000000e+00,0.000000000000000000e+00,0.000000000000000000e+00,4.000000000000000000e+00,1.919999999999999929e+00
1.049999999999999822e+00,1.000000000000000000e+00,-1.000000000000000000e+00,0.000000000000000000e+00,0.000000000000000000e+00,0.000000000000000000e+00,4.000000000000000000e+00,1.900000000000000355e+00
1.060000000000000497e+00,1.000000000000000000e+00,-1.000000000000000000e+00,0.000000000000000000e+00,0.000000000000000000e+00,0.000000000000000000e+00,4.000000000000000000e+00,1.879999999999999005e+00
1.070000000000000284e+00,1.000000000000000000e+00,-1.000000000000000000e+00,0.000000000000000000e+00,0.000000000000000000e+00,0.000000000000000000e+00,4.000000000000000000e+00,1.859999999999999432e+00
1.080000000000000071e+00,1.000000000000000000e+00,-1.000000000000000000e+00,0.000000000000000000e+00,0.000000000000000000e+00,0.000000000000000000e+00,4.000000000000000000e+00,1.839999999999999858e+00
1.089999999999999858e+00,1.000000000000000000e+00,-1.000000000000000000e+00,0.000000000000000000e+00,0.000000000000000000e+00,0.000000000000000000e+00,4.000000000000000000e+00,1.820000000000000284e+00
1.099999999999999645e+00,1.000000000000000000e+00,-1.000000000000000000e+00,0.000000000000000000e+00,0.000000000000000000e+00,0.000000000000000000e+00,4.000000000000000000e+00,1.800000000000000711e+00
1.110000000000000320e+00,1.000000000000000000e+00,-1.000000000000000000e+00,0.000000000000000000e+00,0.000000000000000000e+00,0.000000000000000000e+00,4.000000000000000000e+00,1.779999999999999361e+00
1.120000000000000107e+00,1.000000000000000000e+00,-1.000000000000000000e+00,0.000000000000000000e+00,0.000000000000000000e+00,0.000000000000000000e+00,4.000000000000000000e+00,1.759999999999999787e+00
1.129999999999999893e+00,1.000000000000000000e+00,-1.000000000000000000e+00,0.000000000000000000e+00,0.000000000000000000e+00,0.000000000000000000e+00,4.000000000000000000e+00,1.740000000000000213e+00
1.139999999999999680e+00,1.000000000000000000e+00,-1.000000000000000000e+00,0.000000000000000000e+00,0.000000000000000000e+00,0.000000000000000000e+00,4.000000000000000000e+00,1.720000000000000639e+00
1.150000000000000355e+00,1.000000000000000000e+00,-1.000000000000000000e+00,0.000000000000000000e+00,0.000000000000000000e+00,0.000000000000000000e+00,4.000000000000000000e+00,1.699999999999999289e+00
1.160000000000000142e+00,1.000000000000000000e+00,-1.000000000000000000e+00,0.000000000000000000e+00,0.000000000000000000e+00,0.000000000000000000e+00,4.000000000000000000e+00,1.679999999999999716e+00
1.169999999999999929e+00,1.000000000000000000e+00,-1.000000000000000000e+00,0.000000000000000000e+00,0.000000000000000000e+00,0.000000000000000000e+00,4.000000000000000000e+00,1.660000000000000142e+00
1.179999999999999716e+00,1.000000000000000000e+00,-1.000000000000000000e+00,0.000000000000000000e+00,0.000000000000000000e+00,0.000000000000000000e+00,4.000000000000000000e+00,1.640000000000000568e+00
1.190000000000000391e+00,1.000000000000000000e+00,-1.000000000000000000e+00,0.000000000000000000e+00,0.000000000000000000e+00,0.000000000000000000e+00,4.000000000000000000e+00,1.619999999999999218e+00
1.200000000000000178e+00,1.000000000000000000e+00,-1.000000000000000000e+00,0.000000000000000000e+00,0.000000000000000000e+00,0.000000000000000000e+00,4.000000000000000000e+00,1.599999999999999645e+00
1.209999999999999964e+00,1.000000000000000000e+00,-1.000000000000000000e+00,0.000000000000000000e+00,0.000000000000000000e+00,0.000000000000000000e+00,4.000000000000000000e+00,1.580000000000000071e+00
1.219999999999999751e+00,1.000000000000000000e+00,-1.000000000000000000e+00,0.000000000000000000e+00,0.000000000000000000e+00,0.000000000000000000e+00,4.000000000000000000e+00,1.560000000000000497e+00
1.230000000000000426e+00,1.000000000000000000e+00,-1.000000000000000000e+00,0.000000000000000000e+00,0.000000000000000000e+00,0.000000000000000000e+00,4.000000000000000000e+00,1.539999999999999147e+00
1.240000000000000213e+00,1.000000000000000000e+00,-1.000000000000000000e+00,0.000000000000000000e+00,0.000000000000000000e+00,0.000000000000000000e+00,4.000000000000000000e+00,1.519999999999999574e+00
1.250000000000000000e+00,1.000000000000000000e+00,-1.000000000000000000e+00,0.000000000000000000e+00,0.000000000000000000e+00,0.000000000000000000e+00,4.000000000000000000e+00,1.500000000000000000e+00
1.259999999999999787e+00,1.000000000000000000e+00,-1.000000000000000000e+00,0.000000000000000000e+00,0.000000000000000000e+00,0.000000000000000000e+00,4.000000000000000000e+00,1.480000000000000426e+00
1.270000000000000462e+00,1.000000000000000000e+00,-1.000000000000000000e+00,0.000000000000000000e+00,0.000000000000000000e+00,0.000000000000000000e+00,4.000000000000000000e+00,1.459999999999999076e+00
1.280000000000000249e+00,1.000000000000000000e+00,-1.000000000000000000e+00,0.000000000000000000e+00,0.000000000000000000e+00,0.000000000000000000e+00,4.000000000000000000e+00,1.439999999999999503e+00
1.290000000000000036e+00,1.000000000000000000e+00,-1.000000000000000000e+00,0.000000000000000000e+00,0.000000000000000000e+00,0.000000000000000000e+00,4.000000000000000000e+00,1.419999999999999929e+00
1.299999999999999822e+00,1.000000000000000000e+00,-1.000000000000000000e+00,0.000000000000000000e+00,0.000000000000000000e+00,0.000000000000000000e+00,4.000000000000000000e+00,1.400000000000000355e+00
1.310000000000000497e+00,1.000000000000000000e+00,-1.000000000000000000e+00,0.000000000000000000e+00,0.000000000000000000e+00,0.000000000000000000e+00,4.000000000000000000e+00,1.379999999999999005e+00
1.320000000000000284e+00,1.000000000000000000e+00,-1.000000000000000000e+00,0.000000000000000000e+00,0.000000000000000000e+00,0.000000000000000000e+00,4.000000000000000000e+00,1.359999999999999432e+00
1.330000000000000071e+00,1.000000000000000000e+00,-1.000000000000000000e+00,0.000000000000000000e+00,0.000000000000000000e+00,0.000000000000000000e+00,4.000000000000000000e+00,1.339999999999999858e+00
1.339999999999999858e+00,1.000000000000000000e+00,-1.000000000000000000e+00,0.000000000000000000e+00,0.000000000000000000e+00,0.000000000000000000e+00,4.000000000000000000e+00,1.320000000000000284e+00
1.350000000000000533e+00,1.000000000000000000e+00,-1.000000000000000000e+00,0.000000000000000000e+00,0.000000000000000000e+00,0.000000000000000000e+00,4.000000000000000000e+00,1.299999999999998934e+00
1.360000000000000320e+00,1.000000000000000000e+00,-1.000000000000000000e+00,0.000000000000000000e+00,0.000000000000000000e+00,0.000000000000000000e+00,4.000000000000000000e+00,1.279999999999999361e+00
1.370000000000000107e+00,1.000000000000000000e+00,-1.000000000000000000e+00,0.000000000000000000e+00,0.000000000000000000e+00,0.000000000000000000e+00,4.000000000000000000e+00,1.259999999999999787e+00
1.379999999999999893e+00,1.000000000000000000e+00,-1.000000000000000000e+00,0.000000000000000000e+00,0.000000000000000000e+00,0.000000000000000000e+00,4.000000000000000000e+00,1.240000000000000213e+00
1.389999999999999680e+00,1.000000000000000000e+00,-1.000000000000000000e+00,0.000000000000000000e+00,0.000000000000000000e+00,0.000000000000000000e+00,4.000000000000000000e+00,1.220000000000000639e+00
1.400000000000000355e+00,1.000000000000000000e+00,-1.000000000000000000e+00,0.000000000000000000e+00,0.000000000000000000e+00,0.000000000000000000e+00,4.000000000000000000e+00,1.199999999999999289e+00
1.410000000000000142e+00,1.000000000000000000e+00,-1.000000000000000000e+00,0.000000000000000000e+00,0.000000000000000000e+00,0.000000000000000000e+00,4.000000000000000000e+00,1.179999999999999716e+00
1.419999999999999929e+00,1.000000000000000000e+00,-1.000000000000000000e+00,0.000000000000000000e+00,0.000000000000000000e+00,0.000000000000000000e+00,4.000000000000000000e+00,1.160000000000000142e+00
1.429999999999999716e+00,1.000000000000000000e+00,-1.000000000000000000e+00,0.000000000000000000e+00,0.000000000000000000e+00,0.000000000000000000e+00,4.000000000000000000e+00,1.140000000000000568e+00
1.440000000000000391e+00,1.000000000000000000e+00,-1.000000000000000000e+00,0.000000000000000000e+00,0.000000000000000000e+00,0.000000000000000000e+00,4.000000000000000000e+00,1.119999999999999218e+00
1.450000000000000178e+00,1.000000000000000000e+00,-1.000000000000000000e+00,0.000000000000000000e+00,0.000000000000000000e+00,0.000000000000000000e+00,4.000000000000000000e+00,1.099999999999999645e+00
1.459999999999999964e+00,1.000000000000000000e+00,-1.000000000000000000e+00,0.000000000000000000e+00,0.000000000000000000e+00,0.000000000000000000e+00,4.000000000000000000e+00,1.080000000000000071e+00
1.469999999999999751e+00,1.000000000000000000e+00,-1.000000000000000000e+00,0.000000000000000000e+00,0.000000000000000000e+00,0.000000000000000000e+00,4.000000000000000000e+00,1.060000000000000497e+00
1.480000000000000426e+00,1.000000000000000000e+00,-1.000000000000000000e+00,0.000000000000000000e+00,0.000000000000000000e+00,0.000000000000000000e+00,4.000000000000000000e+00,1.039999999999999147e+00
1.490000000000000213e+00,1.000000000000000000e+00,-1.000000000000000000e+00,0.000000000000000000e+00,0.000000000000000000e+00,0.000000000000000000e+00,4.000000000000000000e+00,1.019999999999999574e+00
1.500000000000000000e+00,1.000000000000000000e+00,-1.000000000000000000e+00,0.000000000000000000e+00,0.000000000000000000e+00,0.000000000000000000e+00,4.000000000000000000e+00,1.000000000000000000e+00
1.509999999999999787e+00,1.000000000000000000e+00,-1.000000000000000000e+00,0.000000000000000000e+00,0.000000000000000000e+00,0.000000000000000000e+00,4.000000000000000000e+00,9.800000000000004263e-01
1.520000000000000462e+00,1.000000000000000000e+00,-1.000000000000000000e+00,0.000000000000000000e+00,0.000000000000000000e+00,0.000000000000000000e+00,4.000000000000000000e+00,9.599999999999990763e-01
1.530000000000000249e+00,1.000000000000000000e+00,-1.000000000000000000e+00,0.000000000000000000e+00,0.000000000000000000e+00,0.000000000000000000e+00,4.000000000000000000e+00,9.399999999999995026e-01
1.540000000000000036e+00,1.000000000000000000e+00,-1.000000000000000000e+00,0.000000000000000000e+00,0.000000000000000000e+00,0.000000000000000000e+00,4.000000000000000000e+00,9.199999999999999289e-01
1.549999999999999822e+00,1.000000000000000000e+00,-1.000000000000000000e+00,0.000000000000000000e+00,0.000000000000000000e+00,0.000000000000000000e+00,4.000000000000000000e+00,9.000000000000003553e-01
1.560000000000000497e+00,1.000000000000000000e+00,-1.000000000000000000e+00,0.000000000000000000e+00,0.000000000000000000e+00,0.000000000000000000e+00,4.000000000000000000e+00,8.799999999999990052e-01
1.570000000000000284e+00,1.000000000000000000e+00,-1.000000000000000000e+00,0.000000000000000000e+00,0.000000000000000000e+00,0.000000000000000000e+00,4.000000000000000000e+00,8.599999999999994316e-01
1.580000000000000071e+00,1.000000000000000000e+00,-1.000000000000000000e+00,0.000000000000000000e+00,0.000000000000000000e+00,0.000000000000000000e+00,4.000000000000000000e+00,8.399999999999998579e-01
1.589999999999999858e+00,1.000000000000000000e+00,-1.000000000000000000e+00,0.000000000000000000e+00,0.000000000000000000e+00,0.000000000000000000e+00,4.000000000000000000e+00,8.200000000000002842e-01
1.600000000000000533e+00,1.000000000000000000e+00,-1.000000000000000000e+00,0.000000000000000000e+00,0.000000000000000000e+00,0.000000000000000000e+00,4.000000000000000000e+00,7.999999999999989342e-01
1.610000000000000320e+00,1.000000000000000000e+00,-1.000000000000000000e+00,0.000000000000000000e+00,0.000000000000000000e+00,0.000000000000000000e+00,4.000000000000000000e+00,7.799999999999993605e-01
1.620000000000000107e+00,1.000000000000000000e+00,-1.000000000000000000e+00,0.000000000000000000e+00,0.000000000000000000e+00,0.000000000000000000e+00,4.000000000000000000e+00,7.599999999999997868e-01
1.629999999999999893e+00,1.000000000000000000e+00,-1.000000000000000000e+00,0.000000000000000000e+00,0.000000000000000000e+00,0.000000000000000000e+00,4.000000000000000000e+00,7.400000000000002132e-01
1.639999999999999680e+00,1.000000000000000000e+00,-1.000000000000000000e+00,0.000000000000000000e+00,0.000000000000000000e+00,0.000000000000000000e+00,4.000000000000000000e+00,7.200000000000006395e-01
1.650000000000000355e+00,1.000000000000000000e+00,-1.000000000000000000e+00,0.000000000000000000e+00,0.000000000000000000e+00,0.000000000000000000e+00,4.000000000000000000e+00,6.999999999999992895e-01
1.660000000000000142e+00,1.000000000000000000e+00,-1.000000000000000000e+00,0.000000000000000000e+00,0.000000000000000000e+00,0.000000000000000000e+00,4.000000000000000000e+00,6.799999999999997158e-01
1.669999999999999929e+00,1.000000000000000000e+00,-1.000000000000000000e+00,0.000000000000000000e+00,0.000000000000000000e+00,0.000000000000000000e+00,4.000000000000000000e+00,6.600000000000001421e-01
1.679999999999999716e+00,1.000000000000000000e+00,-1.000000000000000000e+00,0.000000000000000000e+00,0.000000000000000000e+00,0.000000000000000000e+00,4.000000000000000000e+00,6.400000000000005684e-01
1.690000000000000391e+00,1.000000000000000000e+00,-1.000000000000000000e+00,0.000000000000000000e+00,0.000000000000000000e+00,0.000000000000000000e+00,4.000000000000000000e+00,6.199999999999992184e-01
1.700000000000000178e+00,1.000000000000000000e+00,-1.000000000000000000e+00,0.000000000000000000e+00,0.000000000000000000e+00,0.000000000000000000e+00,4.000000000000000000e+00,5.999999999999996447e-01
1.709999999999999964e+00,1.000000000000000000e+00,-1.000000000000000000e+00,0.000000000000000000e+00,0.000000000000000000e+00,0.000000000000000000e+00,4.000000000000000000e+00,5.800000000000000711e-01
1.719999999999999751e+00,1.000000000000000000e+00,-1.000000000000000000e+00,0.000000000000000000e+00,0.000000000000000000e+00,0.000000000000000000e+00,4.000000000000000000e+00,5.600000000000004974e-01
1.730000000000000426e+00,1.000000000000000000e+00,-1.000000000000000000e+00,0.000000000000000000e+00,0.000000000000000000e+00,0.000000000000000000e+00,4.000000000000000000e+00,5.399999999999991473e-01
1.740000000000000213e+00,1.000000000000000000e+00,-1.000000000000000000e+00,0.000000000000000000e+00,0.000000000000000000e+00,0.000000000000000000e+00,4.000000000000000000e+00,5.199999999999995737e-01
1.750000000000000000e+00,1.000000000000000000e+00,-1.000000000000000000e+00,0.000000000000000000e+00,0.000000000000000000e+00,0.000000000000000000e+00,4.000000000000000000e+00,5.000000000000000000e-01
1.759999999999999787e+00,1.000000000000000000e+00,-1.000000000000000000e+00,0.000000000000000000e+00,0.000000000000000000e+00,0.000000000000000000e+00,4.000000000000000000e+00,4.800000000000004263e-01
1.770000000000000462e+00,1.000000000000000000e+00,-1.000000000000000000e+00,0.000000000000000000e+00,0.000000000000000000e+00,0.000000000000000000e+00,4.000000000000000000e+00,4.599999999999990763e-01
1.780000000000000249e+00,1.000000000000000000e+00,-1.000000000000000000e+00,0.000000000000000000e+00,0.000000000000000000e+00,0.000000000000000000e+00,4.000000000000000000e+00,4.399999999999995026e-01
1.790000000000000036e+00,1.000000000000000000e+00,-1.000000000000000000e+00,0.000000000000000000e+00,0.000000000000000000e+00,0.000000000000000000e+00,4.000000000000000000e+00,4.199999999999999289e-01
1.799999999999999822e+00,1.000000000000000000e+00,-1.000000000000000000e+00,0.000000000000000000e+00,0.000000000000000000e+00,0.000000000000000000e+00,4.000000000000000000e+00,4.000000000000003553e-01
1.810000000000000497e+00,1.000000000000000000e+00,-1.000000000000000000e+00,0.000000000000000000e+00,0.000000000000000000e+00,0.000000000000000000e+00,4.000000000000000000e+00,3.799999999999990052e-01
1.820000000000000284e+00,1.000000000000000000e+00,-1.000000000000000000e+00,0.000000000000000000e+00,0.000000000000000000e+00,0.000000000000000000e+00,4.000000000000000000e+00,3.599999999999994316e-01
1.830000000000000071e+00,1.000000000000000000e+00,-1.000000000000000000e+00,0.000000000000000000e+00,0.000000000000000000e+00,0.000000000000000000e+00,4.000000000000000000e+00,3.399999999999998579e-01
1.839999999999999858e+00,1.000000000000000000e+00,-1.000000000000000000e+00,0.000000000000000000e+00,0.000000000000000000e+00,0.000000000000000000e+00,4.000000000000000000e+00,3.200000000000002842e-01
1.850000000000000533e+00,1.000000000000000000e+00,-1.000000000000000000e+00,0.000000000000000000e+00,0.000000000000000000e+00,0.000000000000000000e+00,4.000000000000000000e+00,2.999999999999989342e-01
1.860000000000000320e+00,1.000000000000000000e+00,-1.000000000000000000e+00,0.000000000000000000e+00,0.000000000000000000e+00,0.000000000000000000e+00,4.000000000000000000e+00,2.799999999999993605e-01
1.870000000000000107e+00,1.000000000000000000e+00,-1.000000000000000000e+00,0.000000000000000000e+00,0.000000000000000000e+00,0.000000000000000000e+00,4.000000000000000000e+00,2.599999999999997868e-01
1.879999999999999893e+00,1.000000000000000000e+00,-1.000000000000000000e+00,0.000000000000000000e+00,0.000000000000000000e+00,0.000000000000000000e+00,4.000000000000000000e+00,2.400000000000002132e-01
1.889999999999999680e+00,1.000000000000000000e+00,-1.000000000000000000e+00,0.000000000000000000e+00,0.000000000000000000e+00,0.000000000000000000e+00,4.000000000000000000e+00,2.200000000000006395e-01
1.900000000000000355e+00,1.000000000000000000e+00,-1.000000000000000000e+00,0.000000000000000000e+00,0.000000000000000000e+00,0.000000000000000000e+00,4.000000000000000000e+00,1.999999999999992895e-01
1.910000000000000142e+00,1.000000000000000000e+00,-1.000000000000000000e+00,0.000000000000000000e+00,0.000000000000000000e+00,0.000000000000000000e+00,4.000000000000000000e+00,1.799999999999997158e-01
1.919999999999999929e+00,1.000000000000000000e+00,-1.000000000000000000e+00,0.000000000000000000e+00,0.000000000000000000e+00,0.000000000000000000e+00,4.000000000000000000e+00,1.600000000000001421e-01
1.929999999999999716e+00,1.000000000000000000e+00,-1.000000000000000000e+00,0.000000000000000000e+00,0.000000000000000000e+00,0.000000000000000000e+00,4.000000000000000000e+00,1.400000000000005684e-01
1.940000000000000391e+00,1.000000000000000000e+00,-1.000000000000000000e+00,0.000000000000000000e+00,0.000000000000000000e+00,0.000000000000000000e+00,4.000000000000000000e+00,1.199999999999992184e-01
1.950000000000000178e+00,1.000000000000000000e+00,-1.000000000000000000e+00,0.000000000000000000e+00,0.000000000000000000e+00,0.000000000000000000e+00,4.000000000000000000e+00,9.999999999999964473e-02
1.959999999999999964e+00,1.000000000000000000e+00,-1.000000000000000000e+00,0.000000000000000000e+00,0.000000000000000000e+00,0.000000000000000000e+00,4.000000000000000000e+00,8.000000000000007105e-02
1.969999999999999751e+00,1.000000000000000000e+00,-1.000000000000000000e+00,0.000000000000000000e+00,0.000000000000000000e+00,0.000000000000000000e+00,4.000000000000000000e+00,6.000000000000049738e-02
1.980000000000000426e+00,1.000000000000000000e+00,-1.000000000000000000e+00,0.000000000000000000e+00,0.000000000000000000e+00,0.000000000000000000e+00,4.000000000000000000e+00,3.999999999999914735e-02
1.990000000000000213e+00,1.000000000000000000e+00,-1.000000000000000000e+00,0.000000000000000000e+00,0.000000000000000000e+00,0.000000000000000000e+00,4.000000000000000000e+00,1.999999999999957367e-02
2.000000000000000000e+00,nan,nan,nan,0.000000000000000000e+00,0.000000000000000000e+00,nan,0.000000000000000000e+00
2.009999999999999787e+00,0.000000000000000000e+00,0.000000000000000000e+00,0.000000000000000000e+00,0.000000000000000000e+00,0.000000000000000000e+00,0.000000000000000000e+00,1.999999999999957367e-02
2.020000000000000462e+00,0.000000000000000000e+00,0.000000000000000000e+00,0.000000000000000000e+00,0.000000000000000000e+00,0.000000000000000000e+00,0.000000000000000000e+00,4.000000000000092371e-02
2.030000000000000249e+00,0.000000000000000000e+00,0.000000000000000000e+00,0.000000000000000000e+00,0.000000000000000000e+00,0.000000000000000000e+00,0.000000000000000000e+00,6.000000000000049738e-02
2.040000000000000036e+00,0.000000000000000000e+00,0.000000000000000000e+00,0.000000000000000000e+00,0.000000000000000000e+00,0.000000000000000000e+00,0.000000000000000000e+00,8.000000000000007105e-02
2.049999999999999822e+00,0.000000000000000000e+00,0.000000000000000000e+00,0.000000000000000000e+00,0.000000000000000000e+00,0.000000000000000000e+00,0.000000000000000000e+00,9.999999999999964473e-02
2.060000000000000497e+00,0.000000000000000000e+00,0.000000000000000000e+00,0.000000000000000000e+00,0.000000000000000000e+00,0.000000000000000000e+00,0.000000000000000000e+00,1.200000000000009948e-01
2.070000000000000284e+00,0.000000000000000000e+00,0.000000000000000000e+00,0.000000000000000000e+00,0.000000000000000000e+00,0.000000000000000000e+00,0.000000000000000000e+00,1.400000000000005684e-01
2.080000000000000071e+00,0.000000000000000000e+00,0.000000000000000000e+00,0.000000000000000000e+00,0.000000000000000000e+00,0.000000000000000000e+00,0.000000000000000000e+00,1.600000000000001421e-01
2.089999999999999858e+00,0.000000000000000000e+00,0.000000000000000000e+00,0.000000000000000000e+00,0.000000000000000000e+00,0.000000000000000000e+00,0.000000000000000000e+00,1.799999999999997158e-01
2.100000000000000533e+00,0.000000000000000000e+00,0.000000000000000000e+00,0.000000000000000000e+00,0.000000000000000000e+00,0.000000000000000000e+00,0.000000000000000000e+00,2.000000000000010658e-01
2.110000000000000320e+00,0.000000000000000000e+00,0.000000000000000000e+00,0.000000000000000000e+00,0.000000000000000000e+00,0.000000000000000000e+00,0.000000000000000000e+00,2.200000000000006395e-01
2.120000000000000107e+00,0.000000000000000000e+00,0.000000000000000000e+00,0.000000000000000000e+00,0.000000000000000000e+00,0.000000000000000000e+00,0.000000000000000000e+00,2.400000000000002132e-01
2.129999999999999893e+00,0.000000000000000000e+00,0.000000000000000000e+00,0.000000000000000000e+00,0.000000000000000000e+00,0.000000000000000000e+00,0.000000000000000000e+00,2.599999999999997868e-01
2.139999999999999680e+00,0.000000000000000000e+00,0.000000000000000000e+00,0.000000000000000000e+00,0.000000000000000000e+00,0.000000000000000000e+00,0.000000000000000000e+00,2.799999999999993605e-01
2.150000000000000355e+00,0.000000000000000000e+00,0.000000000000000000e+00,0.000000000000000000e+00,0.000000000000000000e+00,0.000000000000000000e+00,0.000000000000000000e+00,3.000000000000007105e-01
2.160000000000000142e+00,0.000000000000000000e+00,0.000000000000000000e+00,0.000000000000000000e+00,0.000000000000000000e+00,0.000000000000000000e+00,0.000000000000000000e+00,3.200000000000002842e-01
2.169999999999999929e+00,0.000000000000000000e+00,0.000000000000000000e+00,0.000000000000000000e+00,0.000000000000000000e+00,0.000000000000000000e+00,0.000000000000000000e+00,3.399999999999998579e-01
2.179999999999999716e+00,0.000000000000000000e+00,0.000000000000000000e+00,0.000000000000000000e+00,0.000000000000000000e+00,0.000000000000000000e+00,0.000000000000000000e+00,3.599999999999994316e-01
2.190000000000000391e+00,0.000000000000000000e+00,0.000000000000000000e+00,0.000000000000000000e+00,0.000000000000000000e+00,0.000000000000000000e+00,0.000000000000000000e+00,3.800000000000007816e-01
2.200000000000000178e+00,0.000000000000000000e+00,0.000000000000000000e+00,0.000000000000000000e+00,0.000000000000000000e+00,0.000000000000000000e+00,0.000000000000000000e+00,4.000000000000003553e-01
2.209999999999999964e+00,0.000000000000000000e+00,0.000000000000000000e+00,0.000000000000000000e+00,0.000000000000000000e+00,0.000000000000000000e+00,0.000000000000000000e+00,4.199999999999999289e-01
2.219999999999999751e+00,0.000000000000000000e+00,0.000000000000000000e+00,0.000000000000000000e+00,0.000000000000000000e+00,0.000000000000000000e+00,0.000000000000000000e+00,4.399999999999995026e-01
2.230000000000000426e+00,0.000000000000000000e+00,0.000000000000000000e+00,0.000000000000000000e+00,0.000000000000000000e+00,0.000000000000000000e+00,0.000000000000000000e+00,4.600000000000008527e-01
2.240000000000000213e+00,0.000000000000000000e+00,0.000000000000000000e+00,0.000000000000000000e+00,0.000000000000000000e+00,0.000000000000000000e+00,0.000000000000000000e+00,4.800000000000004263e-01
2.250000000000000000e+00,0.000000000000000000e+00,0.000000000000000000e+00,0.000000000000000000e+00,0.000000000000000000e+00,0.000000000000000000e+00,0.000000000000000000e+00,5.000000000000000000e-01
2.259999999999999787e+00,0.000000000000000000e+00,0.000000000000000000e+00,0.000000000000000000e+00,0.000000000000000000e+00,0.000000000000000000e+00,0.000000000000000000e+00,5.199999999999995737e-01
2.270000000000000462e+00,0.000000000000000000e+00,0.000000000000000000e+00,0.000000000000000000e+00,0.000000000000000000e+00,0.000000000000000000e+00,0.000000000000000000e+00,5.400000000000009237e-01
2.280000000000000249e+00,0.000000000000000000e+00,0.000000000000000000e+00,0.000000000000000000e+00,0.000000000000000000e+00,0.000000000000000000e+00,0.000000000000000000e+00,5.600000000000004974e-01
2.290000000000000036e+00,0.000000000000000000e+00,0.000000000000000000e+00,0.000000000000000000e+00,0.000000000000000000e+00,0.000000000000000000e+00,0.000000000000000000e+00,5.800000000000000711e-01
2.299999999999999822e+00,0.000000000000000000e+00,0.000000000000000000e+00,0.000000000000000000e+00,0.000000000000000000e+00,0.000000000000000000e+00,0.000000000000000000e+00,5.999999999999996447e-01
2.310000000000000497e+00,0.000000000000000000e+00,0.000000000000000000e+00,0.000000000000000000e+00,0.000000000000000000e+00,0.000000000000000000e+00,0.000000000000000000e+00,6.200000000000009948e-01
2.320000000000000284e+00,0.000000000000000000e+00,0.000000000000000000e+00,0.000000000000000000e+00,0.000000000000000000e+00,0.000000000000000000e+00,0.000000000000000000e+00,6.400000000000005684e-01
2.330000000000000071e+00,0.000000000000000000e+00,0.000000000000000000e+00,0.000000000000000000e+00,0.000000000000000000e+00,0.000000000000000000e+00,0.000000000000000000e+00,6.600000000000001421e-01
2.339999999999999858e+00,0.000000000000000000e+00,0.000000000000000000e+00,0.000000000000000000e+00,0.000000000000000000e+00,0.000000000000000000e+00,0.000000000000000000e+00,6.799999999999997158e-01
2.350000000000000533e+00,0.000000000000000000e+00,0.000000000000000000e+00,0.000000000000000000e+00,0.000000000000000000e+00,0.000000000000000000e+00,0.000000000000000000e+00,7.000000000000010658e-01
2.360000000000000320e+00,0.000000000000000000e+00,0.000000000000000000e+00,0.000000000000000000e+00,0.000000000000000000e+00,0.000000000000000000e+00,0.000000000000000000e+00,7.200000000000006395e-01
2.370000000000000107e+00,0.000000000000000000e+00,0.000000000000000000e+00,0.000000000000000000e+00,0.000000000000000000e+00,0.000000000000000000e+00,0.000000000000000000e+00,7.400000000000002132e-01
2.379999999999999893e+00,0.000000000000000000e+00,0.000000000000000000e+00,0.000000000000000000e+00,0.000000000000000000e+00,0.000000000000000000e+00,0.000000000000000000e+00,7.599999999999997868e-01
2.389999999999999680e+00,0.000000000000000000e+00,0.000000000000000000e+00,0.000000000000000000e+00,0.000000000000000000e+00,0.000000000000000000e+00,0.000000000000000000e+00,7.799999999999993605e-01
2.400000000000000355e+00,0.000000000000000000e+00,0.000000000000000000e+00,0.000000000000000000e+00,0.000000000000000000e+00,0.000000000000000000e+00,0.000000000000000000e+00,8.000000000000007105e-01
2.410000000000000142e+00,0.000000000000000000e+00,0.000000000000000000e+00,0.000000000000000000e+00,0.000000000000000000e+00,0.000000000000000000e+00,0.000000000000000000e+00,8.200000000000002842e-01
2.419999999999999929e+00,0.000000000000000000e+00,0.000000000000000000e+00,0.000000000000000000e+00,0.000000000000000000e+00,0.000000000000000000e+00,0.000000000000000000e+00,8.399999999999998579e-01
2.429999999999999716e+00,0.000000000000000000e+00,0.000000000000000000e+00,0.000000000000000000e+00,0.000000000000000000e+00,0.000000000000000000e+00,0.000000000000000000e+00,8.599999999999994316e-01
2.440000000000000391e+00,0.000000000000000000e+00,0.000000000000000000e+00,0.000000000000000000e+00,0.000000000000000000e+00,0.000000000000000000e+00,0.000000000000000000e+00,8.800000000000007816e-01
2.450000000000000178e+00,0.000000000000000000e+00,0.000000000000000000e+00,0.000000000000000000e+00,0.000000000000000000e+00,0.000000000000000000e+00,0.000000000000000000e+00,9.000000000000003553e-01
2.459999999999999964e+00,0.000000000000000000e+00,0.000000000000000000e+00,0.000000000000000000e+00,0.000000000000000000e+00,0.000000000000000000e+00,0.000000000000000000e+00,9.199999999999999289e-01
2.469999999999999751e+00,0.000000000000000000e+00,0.000000000000000000e+00,0.000000000000000000e+00,0.000000000000000000e+00,0.000000000000000000e+00,0.000000000000000000e+00,9.399999999999995026e-01
2.480000000000000426e+00,0.000000000000000000e+00,0.000000000000000000e+00,0.000000000000000000e+00,0.000000000000000000e+00,0.000000000000000000e+00,0.000000000000000000e+00,9.600000000000008527e-01
2.490000000000000213e+00,0.000000000000000000e+00,0.000000000000000000e+00,0.000000000000000000e+00,0.000000000000000000e+00,0.000000000000000000e+00,0.000000000000000000e+00,9.800000000000004263e-01
2.500000000000000000e+00,0.000000000000000000e+00,0.000000000000000000e+00,0.000000000000000000e+00,0.000000000000000000e+00,0.000000000000000000e+00,0.000000000000000000e+00,1.000000000000000000e+00
2.509999999999999787e+00,0.000000000000000000e+00,0.000000000000000000e+00,0.000000000000000000e+00,0.000000000000000000e+00,0.000000000000000000e+00,0.000000000000000000e+00,1.019999999999999574e+00
2.520000000000000462e+00,0.000000000000000000e+00,0.000000000000000000e+00,0.000000000000000000e+00,0.000000000000000000e+00,0.000000000000000000e+00,0.000000000000000000e+00,1.040000000000000924e+00
2.530000000000000249e+00,0.000000000000000000e+00,0.000000000000000000e+00,0.000000000000000000e+00,0.000000000000000000e+00,0.000000000000000000e+00,0.000000000000000000e+00,1.060000000000000497e+00
2.540000000000000036e+00,0.000000000000000000e+00,0.000000000000000000e+00,0.000000000000000000e+00,0.000000000000000000e+00,0.000000000000000000e+00,0.000000000000000000e+00,1.080000000000000071e+00
2.549999999999999822e+00,0.000000000000000000e+00,0.000000000000000000e+00,0.000000000000000000e+00,0.000000000000000000e+00,0.000000000000000000e+00,0.000000000000000000e+00,1.099999999999999645e+00
2.560000000000000497e+00,0.000000000000000000e+00,0.000000000000000000e+00,0.000000000000000000e+00,0.000000000000000000e+00,0.000000000000000000e+00,0.000000000000000000e+00,1.120000000000000995e+00
2.570000000000000284e+00,0.000000000000000000e+00,0.000000000000000000e+00,0.000000000000000000e+00,0.000000000000000000e+00,0.000000000000000000e+00,0.000000000000000000e+00,1.140000000000000568e+00
2.580000000000000071e+00,0.000000000000000000e+00,0.000000000000000000e+00,0.000000000000000000e+00,0.000000000000000000e+00,0.000000000000000000e+00,0.000000000000000000e+00,1.160000000000000142e+00
2.589999999999999858e+00,0.000000000000000000e+00,0.000000000000000000e+00,0.000000000000000000e+00,0.000000000000000000e+00,0.000000000000000000e+00,0.000000000000000000e+00,1.179999999999999716e+00
2.600000000000000533e+00,0.000000000000000000e+00,0.000000000000000000e+00,0.000000000000000000e+00,0.000000000000000000e+00,0.000000000000000000e+00,0.000000000000000000e+00,1.200000000000001066e+00
2.610000000000000320e+00,0.000000000000000000e+00,0.000000000000000000e+00,0.000000000000000000e+00,0.000000000000000000e+00,0.000000000000000000e+00,0.000000000000000000e+00,1.220000000000000639e+00
2.620000000000000107e+00,0.000000000000000000e+00,0.000000000000000000e+00,0.000000000000000000e+00,0.000000000000000000e+00,0.000000000000000000e+00,0.000000000000000000e+00,1.240000000000000213e+00
2.629999999999999893e+00,0.000000000000000000e+00,0.000000000000000000e+00,0.000000000000000000e+00,0.000000000000000000e+00,0.000000000000000000e+00,0.000000000000000000e+00,1.259999999999999787e+00
2.639999999999999680e+00,0.000000000000000000e+00,0.000000000000000000e+00,0.000000000000000000e+00,0.000000000000000000e+00,0.000000000000000000e+00,0.000000000000000000e+00,1.279999999999999361e+00
2.650000000000000355e+00,0.000000000000000000e+00,0.000000000000000000e+00,0.000000000000000000e+00,0.000000000000000000e+00,0.000000000000000000e+00,0.000000000000000000e+00,1.300000000000000711e+00
2.660000000000000142e+00,0.000000000000000000e+00,0.000000000000000000e+00,0.000000000000000000e+00,0.000000000000000000e+00,0.000000000000000000e+00,0.000000000000000000e+00,1.320000000000000284e+00
2.669999999999999929e+00,0.000000000000000000e+00,0.000000000000000000e+00,0.000000000000000000e+00,0.000000000000000000e+00,0.000000000000000000e+00,0.000000000000000000e+00,1.339999999999999858e+00
2.679999999999999716e+00,0.000000000000000000e+00,0.000000000000000000e+00,0.000000000000000000e+00,0.000000000000000000e+00,0.000000000000000000e+00,0.000000000000000000e+00,1.359999999999999432e+00
2.690000000000000391e+00,0.000000000000000000e+00,0.000000000000000000e+00,0.000000000000000000e+00,0.000000000000000000e+00,0.000000000000000000e+00,0.000000000000000000e+00,1.380000000000000782e+00
2.700000000000000178e+00,0.000000000000000000e+00,0.000000000000000000e+00,0.000000000000000000e+00,0.000000000000000000e+00,0.000000000000000000e+00,0.000000000000000000e+00,1.400000000000000355e+00
2.709999999999999964e+00,0.000000000000000000e+00,0.000000000000000000e+00,0.000000000000000000e+00,0.000000000000000000e+00,0.000000000000000000e+00,0.000000000000000000e+00,1.419999999999999929e+00
2.719999999999999751e+00,0.000000000000000000e+00,0.000000000000000000e+00,0.000000000000000000e+00,0.000000000000000000e+00,0.000000000000000000e+00,0.000000000000000000e+00,1.439999999999999503e+00
2.730000000000000426e+00,0.000000000000000000e+00,0.000000000000000000e+00,0.000000000000000000e+00,0.000000000000000000e+00,0.000000000000000000e+00,0.000000000000000000e+00,1.460000000000000853e+00
2.740000000000000213e+00,0.000000000000000000e+00,0.000000000000000000e+00,0.000000000000000000e+00,0.000000000000000000e+00,0.000000000000000000e+00,0.000000000000000000e+00,1.480000000000000426e+00
2.750000000000000000e+00,0.000000000000000000e+00,0.000000000000000000e+00,0.000000000000000000e+00,0.000000000000000000e+00,0.000000000000000000e+00,0.000000000000000000e+00,1.500000000000000000e+00
2.759999999999999787e+00,0.000000000000000000e+00,0.000000000000000000e+00,0.000000000000000000e+00,0.000000000000000000e+00,0.000000000000000000e+00,0.000000000000000000e+00,1.519999999999999574e+00
2.770000000000000462e+00,0.000000000000000000e+00,0.000000000000000000e+00,0.000000000000000000e+00,0.000000000000000000e+00,0.000000000000000000e+00,0.000000000000000000e+00,1.540000000000000924e+00
2.780000000000000249e+00,0.000000000000000000e+00,0.000000000000000000e+00,0.000000000000000000e+00,0.000000000000000000e+00,0.000000000000000000e+00,0.000000000000000000e+00,1.560000000000000497e+00
2.790000000000000036e+00,0.000000000000000000e+00,0.000000000000000000e+00,0.000000000000000000e+00,0.000000000000000000e+00,0.000000000000000000e+00,0.000000000000000000e+00,1.580000000000000071e+00
2.799999999999999822e+00,0.000000000000000000e+00,0.000000000000000000e+00,0.000000000000000000e+00,0.000000000000000000e+00,0.000000000000000000e+00,0.000000000000000000e+00,1.599999999999999645e+00
2.810000000000000497e+00,0.000000000000000000e+00,0.000000000000000000e+00,0.000000000000000000e+00,0.000000000000000000e+00,0.000000000000000000e+00,0.000000000000000000e+00,1.620000000000000995e+00
2.820000000000000284e+00,0.000000000000000000e+00,0.000000000000000000e+00,0.000000000000000000e+00,0.000000000000000000e+00,0.000000000000000000e+00,0.000000000000000000e+00,1.640000000000000568e+00
2.830000000000000071e+00,0.000000000000000000e+00,0.000000000000000000e+00,0.000000000000000000e+00,0.000000000000000000e+00,0.000000000000000000e+00,0.000000000000000000e+00,1.660000000000000142e+00
2.839999999999999858e+00,0.000000000000000000e+00,0.000000000000000000e+00,0.000000000000000000e+00,0.000000000000000000e+00,0.000000000000000000e+00,0.000000000000000000e+00,1.679999999999999716e+00
2.850000000000000533e+00,0.000000000000000000e+00,0.000000000000000000e+00,0.000000000000000000e+00,0.000000000000000000e+00,0.000000000000000000e+00,0.000000000000000000e+00,1.700000000000001066e+00
2.860000000000000320e+00,0.000000000000000000e+00,0.000000000000000000e+00,0.000000000000000000e+00,0.000000000000000000e+00,0.000000000000000000e+00,0.000000000000000000e+00,1.720000000000000639e+00
2.870000000000000107e+00,0.000000000000000000e+00,0.000000000000000000e+00,0.000000000000000000e+00,0.000000000000000000e+00,0.000000000000000000e+00,0.000000000000000000e+00,1.740000000000000213e+00
2.879999999999999893e+00,0.000000000000000000e+00,0.000000000000000000e+00,0.000000000000000000e+00,0.000000000000000000e+00,0.000000000000000000e+00,0.000000000000000000e+00,1.759999999999999787e+00
2.889999999999999680e+00,0.000000000000000000e+00,0.000000000000000000e+00,0.000000000000000000e+00,0.000000000000000000e+00,0.000000000000000000e+00,0.000000000000000000e+00,1.779999999999999361e+00
2.900000000000000355e+00,0.000000000000000000e+00,0.000000000000000000e+00,0.000000000000000000e+00,0.000000000000000000e+00,0.000000000000000000e+00,0.000000000000000000e+00,1.800000000000000711e+00
2.910000000000000142e+00,0.000000000000000000e+00,0.000000000000000000e+00,0.000000000000000000e+00,0.000000000000000000e+00,0.000000000000000000e+00,0.000000000000000000e+00,1.820000000000000284e+00
2.919999999999999929e+00,0.000000000000000000e+00,0.000000000000000000e+00,0.000000000000000000e+00,0.000000000000000000e+00,0.000000000000000000e+00,0.000000000000000000e+00,1.839999999999999858e+00
2.929999999999999716e+00,0.000000000000000000e+00,0.000000000000000000e+00,0.000000000000000000e+00,0.000000000000000000e+00,0.000000000000000000e+00,0.000000000000000000e+00,1.859999999999999432e+00
2.940000000000000391e+00,0.000000000000000000e+00,0.000000000000000000e+00,0.000000000000000000e+00,0.000000000000000000e+00,0.000000000000000000e+00,0.000000000000000000e+00,1.880000000000000782e+00
2.950000000000000178e+00,0.000000000000000000e+00,0.000000000000000000e+00,0.000000000000000000e+00,0.000000000000000000e+00,0.000000000000000000e+00,0.000000000000000000e+00,1.900000000000000355e+00
2.959999999999999964e+00,0.000000000000000000e+00,0.000000000000000000e+00,0.000000000000000000e+00,0.000000000000000000e+00,0.000000000000000000e+00,0.000000000000000000e+00,1.919999999999999929e+00
2.969999999999999751e+00,0.000000000000000000e+00,0.000000000000000000e+00,0.000000000000000000e+00,0.000000000000000000e+00,0.000000000000000000e+00,0.000000000000000000e+00,1.939999999999999503e+00
2.980000000000000426e+00,0.000000000000000000e+00,0.000000000000000000e+00,0.000000000000000000e+00,0.000000000000000000e+00,0.000000000000000000e+00,0.000000000000000000e+00,1.960000000000000853e+00
2.990000000000000213e+00,0.000000000000000000e+00,0.000000000000000000e+00,0.000000000000000000e+00,0.000000000000000000e+00,0.000000000000000000e+00,0.000000000000000000e+00,1.980000000000000426e+00
3.000000000000000000e+00,0.000000000000000000e+00,0.000000000000000000e+00,0.000000000000000000e+00,0.000000000000000000e+00,0.000000000000000000e+00,0.000000000000000000e+00,2.000000000000000000e+00
