kind_code,target,delta,realization,W3_reconstructed,min_patch_overlap,c0,c1,c2,c3,c4,c5
0.000000000000000000e+00,1.000000000000000000e+00,2.000000000000000042e-02,0.000000000000000000e+00,9.971785508822222921e-01,3.298619834488580871e-01,-1.790354833532509016e+00,1.002774818397737452e-02,4.468513156580283807e-01,6.460797038332384279e-01,4.935792183159029567e-01,-1.147145353880151930e+00
0.000000000000000000e+00,1.000000000000000000e+00,2.000000000000000042e-02,1.000000000000000000e+00,9.972204119683298895e-01,3.256963769947237575e-01,1.591983201709289864e+00,-6.581857756393987291e-01,1.125099292311351334e-01,1.966154813886957300e-02,-9.043341759308947125e-01,-5.580818561631959440e-01
0.000000000000000000e+00,1.000000000000000000e+00,2.000000000000000042e-02,2.000000000000000000e+00,9.971262528532176539e-01,3.274360037363278075e-01,5.945310955123722652e-01,7.457786381354064575e-01,-5.866447346702250432e-01,1.092362867739406163e+00,1.196742725812146302e-01,1.389336565514403432e+00
0.000000000000000000e+00,1.000000000000000000e+00,2.000000000000000042e-02,3.000000000000000000e+00,9.972323887120020380e-01,3.288335341115591337e-01,-4.625997670901791370e-01,-5.453449886165260274e-01,3.718695391764119118e-01,-4.393669766143195043e-01,-4.854637097016922809e-02,6.635870603131779344e-01
0.000000000000000000e+00,1.000000000000000000e+00,2.000000000000000042e-02,4.000000000000000000e+00,9.971782119615985041e-01,3.291964349996407968e-01,-1.594898786537672919e-01,1.623882993736867064e+00,-6.015764950429804969e-01,-8.822057911264264973e-01,-2.581567672415865933e-02,4.972179263972140717e-01
0.000000000000000000e+00,1.000000000000000000e+00,2.000000000000000042e-02,5.000000000000000000e+00,9.971479697582358304e-01,3.257742095050317754e-01,1.739791891185398232e+00,-9.326830481889060165e-01,5.905432373446899419e-01,1.229775307004543849e+00,-1.125980576746504480e-01,1.432036009774705354e+00
0.000000000000000000e+00,1.000000000000000000e+00,2.000000000000000042e-02,6.000000000000000000e+00,9.970352968591187359e-01,3.270136907532950055e-01,9.397404048290749490e-01,9.643360828509788263e-01,-7.272671318393999496e-01,-1.801482885803361578e+00,1.441135620517738580e+00,-8.157804036655957880e-01
0.000000000000000000e+00,1.000000000000000000e+00,2.000000000000000042e-02,7.000000000000000000e+00,9.971896699871385383e-01,3.301329560392575746e-01,-2.053566386081040127e-02,-1.322886343561698597e-01,-1.458595768928151681e+00,-1.174923862746599657e+00,2.134553070533344032e-01,8.118270729642043104e-01
0.000000000000000000e+00,1.000000000000000000e+00,2.000000000000000042e-02,8.000000000000000000e+00,9.972026819922916729e-01,3.295599501192120195e-01,-2.503304589984318262e+00,1.221710819283339022e+00,1.396572798633366919e+00,5.670688545176366668e-01,3.332623264153240089e-02,1.735772988038298825e-01
0.000000000000000000e+00,1.000000000000000000e+00,2.000000000000000042e-02,9.000000000000000000e+00,9.972640341784905216e-01,3.303681980846655541e-01,-2.764952523133794138e+00,-3.874905219639296350e-01,-4.817620445643369664e-01,-1.046407109199127383e+00,-6.186121750726003565e-01,-1.464017181110687238e+00
0.000000000000000000e+00,1.000000000000000000e+00,2.000000000000000042e-02,1.000000000000000000e+01,9.972862919979610385e-01,3.270463755500053749e-01,5.375239060632646115e-01,4.997791181662404880e-01,-3.045656724266599946e-01,1.822147130494817524e-01,-8.808106878420065566e-01,7.665256799555901779e-01
0.000000000000000000e+00,1.000000000000000000e+00,2.000000000000000042e-02,1.100000000000000000e+01,9.971488355395630165e-01,3.286579696125639938e-01,-1.037256389403454770e+00,-6.003246791028559182e-01,1.060908569749516417e+00,-3.746566608098165774e-01,6.838602314688556616e-01,-1.867179370416744755e+00
0.000000000000000000e+00,1.000000000000000000e+00,2.000000000000000042e-02,1.200000000000000000e+01,9.972402884388168465e-01,3.280497878667560929e-01,-6.297367460660635574e-01,1.571199946798819136e+00,1.327540351918812034e+00,9.652029505099155582e-01,-7.901367802384162697e-01,2.317549557988875797e-01
0.000000000000000000e+00,1.000000000000000000e+00,2.000000000000000042e-02,1.300000000000000000e+01,9.973889130708734063e-01,3.302877859687343154e-01,-2.616483947089604523e-01,-7.228885280942890512e-01,-9.485724814230778179e-01,7.031237113702794028e-01,-9.449477272535000694e-01,-3.676867569527340202e-02
0.000000000000000000e+00,1.000000000000000000e+00,2.000000000000000042e-02,1.400000000000000000e+01,9.972298763072190431e-01,3.266269570427784430e-01,9.606391194345864637e-01,1.379456042660064830e+00,-3.021196438460918010e-01,-8.335164711670768334e-01,-8.973436947385605711e-01,-2.135360124723516828e-01
0.000000000000000000e+00,1.000000000000000000e+00,2.000000000000000042e-02,1.500000000000000000e+01,9.972187215891805678e-01,3.305082825508186550e-01,-1.950216501098164690e+00,-1.080175411509352257e+00,-7.575233508469720878e-01,-7.473292660964253598e-01,3.391534069384335437e-01,-2.075939016040813101e-01
0.000000000000000000e+00,1.000000000000000000e+00,2.000000000000000042e-02,1.600000000000000000e+01,9.972688360817638653e-01,3.284356037774666115e-01,-2.687686155031944746e-01,-2.021922764543892637e+00,1.149834506178436105e-01,1.410822830430652708e+00,-7.320429818400916444e-01,-2.894925571244499896e+00
0.000000000000000000e+00,1.000000000000000000e+00,2.000000000000000042e-02,1.700000000000000000e+01,9.972856251913171377e-01,3.302706479612239621e-01,-1.858566633874121132e+00,-3.035262827212010239e-01,-1.712969490845167864e-01,-7.467606945964102572e-01,-7.293154303385893655e-01,8.481837643414581462e-01
0.000000000000000000e+00,1.000000000000000000e+00,2.000000000000000042e-02,1.800000000000000000e+01,9.971069126599089172e-01,3.254982563628819880e-01,1.643792644545345016e+00,-1.775519389765268727e-02,1.813803084542612853e-01,-3.193452502067813392e-01,3.241569752334480525e-01,-1.040461293494793660e+00
0.000000000000000000e+00,1.000000000000000000e+00,2.000000000000000042e-02,1.900000000000000000e+01,9.972027780050360946e-01,3.301583388939476338e-01,-1.368579965522019437e+00,3.535397580631971515e-01,-3.913232431331823968e-01,-4.159446370069524446e-01,2.109772991485089066e-01,-1.431255613105036462e+00
0.000000000000000000e+00,1.000000000000000000e+00,2.000000000000000042e-02,2.000000000000000000e+01,9.973333571663338670e-01,3.263724842913662272e-01,1.021748434158964214e+00,-8.127376251276225982e-01,4.948278463077923628e-01,-1.771840393042611206e+00,-2.087466901087227988e+00,1.665051960665892283e-01
0.000000000000000000e+00,1.000000000000000000e+00,2.000000000000000042e-02,2.100000000000000000e+01,9.970893740218524925e-01,3.265081644046735065e-01,7.555936604715529636e-01,1.285318619853832001e+00,-2.081518985173605729e-01,-1.729751105341070143e-03,2.582886397758205610e-01,-2.557421938111534843e-01
0.000000000000000000e+00,1.000000000000000000e+00,2.000000000000000042e-02,2.200000000000000000e+01,9.970949399165338622e-01,3.278119868704559847e-01,-4.370306137264613477e-01,1.401341228676876050e+00,1.030522123601795403e+00,3.114478385253077186e-01,3.972496421061295635e-01,-3.556294084834170643e-01
0.000000000000000000e+00,1.000000000000000000e+00,2.000000000000000042e-02,2.300000000000000000e+01,9.972996433625211932e-01,3.308106815309335702e-01,-1.384395657968045867e+00,6.631797565777052261e-01,-1.676121874118973842e+00,4.638241785695020880e-01,-1.045224716311614843e+00,3.907557158767353545e-01
0.000000000000000000e+00,1.000000000000000000e+00,2.000000000000000042e-02,2.400000000000000000e+01,9.970647539234850365e-01,3.273825435225530267e-01,-2.536022411167509483e-01,-8.058845469785605453e-02,9.730554859009544755e-01,6.467829854754311159e-01,6.179790003797227538e-01,-1.351504675837049030e+00
0.000000000000000000e+00,1.000000000000000000e+00,2.000000000000000042e-02,2.500000000000000000e+01,9.970945097640473431e-01,3.285114179982390747e-01,-3.157591335109063424e-01,7.877091860364733300e-01,6.678646755173156535e-02,-1.636341388889581916e+00,6.632282546223038366e-01,-2.998017698796276997e-01
0.000000000000000000e+00,1.000000000000000000e+00,2.000000000000000042e-02,2.600000000000000000e+01,9.971058070194944722e-01,3.251835925689710027e-01,1.492775694787445762e+00,8.719108539573728889e-01,1.417161925724010230e+00,3.993995675802166634e-01,1.535102797853301060e-01,8.807242132008392677e-01
0.000000000000000000e+00,1.000000000000000000e+00,2.000000000000000042e-02,2.700000000000000000e+01,9.974180483357029114e-01,3.271500209274020854e-01,3.840206808996331489e-01,-1.594286422823741889e+00,2.499839830926228190e-01,-7.763896412146399362e-01,-2.019152099114700061e+00,6.139485811358085243e-01
0.000000000000000000e+00,1.000000000000000000e+00,2.000000000000000042e-02,2.800000000000000000e+01,9.972631968527709834e-01,3.280920914277750122e-01,-4.631518612546440816e-01,6.000702928064409747e-01,7.834585723170063298e-01,-1.432678188317816570e+00,-4.957719020849829517e-01,-5.387504155504478920e-01
0.000000000000000000e+00,1.000000000000000000e+00,2.000000000000000042e-02,2.900000000000000000e+01,9.973279947174593651e-01,3.302388120045086639e-01,4.671591554706018556e-02,3.067089782035834489e-01,-1.976228133632759398e+00,2.219192493969969135e-03,-8.540123982279667070e-01,-1.533311907516378358e+00
0.000000000000000000e+00,1.000000000000000000e+00,5.000000000000000278e-02,0.000000000000000000e+00,9.969872743388881187e-01,3.235497941665075872e-01,-2.074275109225774960e-01,-9.344895171555813729e-01,1.759852983961762041e+00,-9.522839441265047444e-01,5.934041853827282109e-01,-6.592985878088342133e-01
0.000000000000000000e+00,1.000000000000000000e+00,5.000000000000000278e-02,1.000000000000000000e+00,9.968511869662829428e-01,3.292863014773824148e-01,-4.465210063642504057e-01,-2.920413468094122389e-01,4.080444899090418520e-01,-6.687357426587768883e-01,8.624015597748183604e-01,2.530789890303516421e-01
0.000000000000000000e+00,1.000000000000000000e+00,5.000000000000000278e-02,2.000000000000000000e+00,9.965829016311597011e-01,3.313225260190785781e-01,-4.653372694017794964e-01,-2.131655565102138702e-02,-7.838951674003588055e-01,-1.012483029796357403e+00,2.250516746096708598e+00,-1.630471283954678940e-01
0.000000000000000000e+00,1.000000000000000000e+00,5.000000000000000278e-02,3.000000000000000000e+00,9.970632551998915849e-01,3.291587172619451218e-01,7.030552181078385254e-02,-1.006170339022261773e-01,-2.426070966348637670e-01,-1.498972061215750329e-01,7.712855995960758715e-02,3.687502349126697831e-02
0.000000000000000000e+00,1.000000000000000000e+00,5.000000000000000278e-02,4.000000000000000000e+00,9.971350253397666119e-01,3.234688523429924967e-01,1.889963047285561748e+00,6.016074134670682527e-01,-5.169078714360435534e-01,-2.239545206291089219e+00,-2.129511139923152829e-01,-8.678995440183262522e-01
0.000000000000000000e+00,1.000000000000000000e+00,5.000000000000000278e-02,5.000000000000000000e+00,9.968869056798542738e-01,3.257350585522388875e-01,1.842926944922454180e-01,-1.280893169818078769e+00,4.545878007573620483e-01,5.217647478215586831e-01,8.772278792419141435e-01,2.124038590083321854e+00
0.000000000000000000e+00,1.000000000000000000e+00,5.000000000000000278e-02,6.000000000000000000e+00,9.973308811390270145e-01,3.250537395923275286e-01,1.312963631999239045e+00,-7.428449412329961588e-01,-1.172964571154075042e+00,-6.383733361872228063e-01,-8.588607607293432533e-01,2.687422303654340427e-01
0.000000000000000000e+00,1.000000000000000000e+00,5.000000000000000278e-02,7.000000000000000000e+00,9.970125271358442065e-01,3.282990001785501821e-01,-6.264482497057002330e-01,1.837363051124190627e-01,1.044881001733469095e+00,5.492752110738219340e-02,5.022988934111437542e-01,7.957594018498204136e-01
0.000000000000000000e+00,1.000000000000000000e+00,5.000000000000000278e-02,8.000000000000000000e+00,9.972137981794187978e-01,3.215145760667231234e-01,1.417997108918847449e+00,5.088630461011977024e-01,1.254463711584781205e+00,7.054093034778254889e-01,-9.228850292322730020e-01,-1.231225314351374056e+00
0.000000000000000000e+00,1.000000000000000000e+00,5.000000000000000278e-02,9.000000000000000000e+00,9.972161921867491730e-01,3.237192410605989057e-01,1.420188251167197047e+00,-3.109098951270191091e-01,-7.563829549031402255e-01,-7.515609459208808518e-01,-4.567429279065656766e-01,-7.132984187944961807e-01
0.000000000000000000e+00,1.000000000000000000e+00,5.000000000000000278e-02,1.000000000000000000e+01,9.976893495846687054e-01,3.263412285925363920e-01,4.765313013058299352e-01,-1.783821665075606022e+00,1.087593771538443443e-01,1.240956991819124555e+00,-2.225158420071397636e+00,-4.804715542172571796e-03
0.000000000000000000e+00,1.000000000000000000e+00,5.000000000000000278e-02,1.100000000000000000e+01,9.970281146395415517e-01,3.233327489113171360e-01,-2.982301500179243559e-01,1.248806116798661048e+00,2.330133934728692235e+00,-5.178293719000015560e-01,1.933116863743315761e-01,8.631285665687352116e-02
0.000000000000000000e+00,1.000000000000000000e+00,5.000000000000000278e-02,1.200000000000000000e+01,9.969669945763344199e-01,3.220679042634129741e-01,-1.386916504664515437e-01,-5.680666885721121634e-02,1.549487882697313523e+00,2.505208175324426523e-01,2.386179126482155521e-01,-1.186330763027177021e-01
0.000000000000000000e+00,1.000000000000000000e+00,5.000000000000000278e-02,1.300000000000000000e+01,9.969267106067080109e-01,3.253809552229365298e-01,1.275895414355215363e-01,-1.928204790336129348e-01,5.887536490004547929e-01,3.998384653112273535e-01,5.401176529819152750e-01,-2.261839759006468054e+00
0.000000000000000000e+00,1.000000000000000000e+00,5.000000000000000278e-02,1.400000000000000000e+01,9.976086496388507641e-01,3.265030654097227925e-01,6.832611996347761618e-01,-7.444896503064166726e-01,-6.839539484961363325e-01,1.916060074562359883e-01,-1.622493057361850344e+00,-6.616689568678607580e-01
0.000000000000000000e+00,1.000000000000000000e+00,5.000000000000000278e-02,1.500000000000000000e+01,9.974520235233466092e-01,3.321088329164479380e-01,-2.503751708214234650e+00,5.853903446253310161e-01,1.008681352146640231e+00,4.243182629810381967e-01,-1.530461946358954606e+00,-6.877043651849955308e-02
0.000000000000000000e+00,1.000000000000000000e+00,5.000000000000000278e-02,1.600000000000000000e+01,9.970686827000431185e-01,3.306867990707499372e-01,-2.418205601664443483e-01,2.470913664768584095e+00,-6.586313456533365862e-01,-8.180360359541664073e-01,2.107375542810097369e-01,6.568916200798444183e-02
0.000000000000000000e+00,1.000000000000000000e+00,5.000000000000000278e-02,1.700000000000000000e+01,9.975789904289424914e-01,3.242566683020756124e-01,1.764239926273560299e-01,-2.982374215089232394e-01,4.938952027567481418e-01,1.447949147984064489e-01,-7.957217909698205416e-01,-9.203822252628556244e-01
0.000000000000000000e+00,1.000000000000000000e+00,5.000000000000000278e-02,1.800000000000000000e+01,9.968762656980199033e-01,3.279618531137167281e-01,1.900801628984732650e-01,1.898135315652072830e+00,-4.653306667066632873e-01,-5.944334962557108470e-01,4.791498930148892499e-01,3.698920846099942317e-01
0.000000000000000000e+00,1.000000000000000000e+00,5.000000000000000278e-02,1.900000000000000000e+01,9.963942571507166113e-01,3.236978281016678061e-01,4.067031373760172652e-01,8.288165707191549325e-01,7.407712165938427074e-01,-3.384465788329724112e-01,2.069447984598976387e+00,7.975211023074399996e-01
0.000000000000000000e+00,1.000000000000000000e+00,5.000000000000000278e-02,2.000000000000000000e+01,9.971656666633359478e-01,3.328119135708774157e-01,-7.208999322883815619e-01,-1.597483278828464970e+00,-6.753845483582595621e-01,5.062075513249567615e-01,4.907711848117015108e-01,3.709957119481780419e-01
0.000000000000000000e+00,1.000000000000000000e+00,5.000000000000000278e-02,2.100000000000000000e+01,9.972940093421867047e-01,3.249502121148279410e-01,1.151612466779558419e+00,-4.611122196200593271e-01,-8.641101135843602954e-01,-1.602693219040187911e+00,-6.203011841673040649e-01,3.426028580964108894e-01
0.000000000000000000e+00,1.000000000000000000e+00,5.000000000000000278e-02,2.200000000000000000e+01,9.974021006972995096e-01,3.281680941096141724e-01,-3.971681510772190893e-01,1.723038619714903907e+00,8.623300486351324068e-01,1.133935470836793247e+00,-1.091598174965911605e+00,8.381879592617160757e-01
0.000000000000000000e+00,1.000000000000000000e+00,5.000000000000000278e-02,2.300000000000000000e+01,9.966294543650165982e-01,3.248260097875411145e-01,-1.386196106682607287e-01,1.162430251108652834e+00,1.187968184414440520e+00,-1.234375821410831353e+00,1.315649286698316711e+00,8.752434657372100135e-01
0.000000000000000000e+00,1.000000000000000000e+00,5.000000000000000278e-02,2.400000000000000000e+01,9.968488226087962589e-01,3.249943673236003749e-01,1.173707856676232009e+00,-1.588896689297733644e+00,-8.370214735841814413e-01,-7.768789452063573631e-01,1.545201261246910374e+00,-1.738535453745730375e-01
0.000000000000000000e+00,1.000000000000000000e+00,5.000000000000000278e-02,2.500000000000000000e+01,9.968678027278548015e-01,3.271023029089337175e-01,-6.209408321011541387e-01,7.545393083008462565e-01,1.512636732386037242e+00,5.554452959351855457e-01,8.901920973806118909e-01,-5.017196108402761645e-01
0.000000000000000000e+00,1.000000000000000000e+00,5.000000000000000278e-02,2.600000000000000000e+01,9.979949971393532460e-01,3.303491230171445858e-01,-2.473268094880212986e-01,6.711256893576841853e-02,-5.521589422506973932e-01,-4.498513530623935580e-02,-3.928709753974960250e+00,-4.519005203119569325e-01
0.000000000000000000e+00,1.000000000000000000e+00,5.000000000000000278e-02,2.700000000000000000e+01,9.972596563904663203e-01,3.236380060113281942e-01,1.210840085224513807e+00,8.443007239594841895e-01,5.148704844631200039e-01,1.392406440921167610e+00,-1.127959468241881646e+00,1.890900035185222761e+00
0.000000000000000000e+00,1.000000000000000000e+00,5.000000000000000278e-02,2.800000000000000000e+01,9.972196656348477628e-01,3.284669473847124377e-01,-2.683431497536692065e-02,1.604236500647950425e+00,3.182746040048536201e-02,9.337200960360765301e-01,-3.872085429535169765e-01,8.535555479679853841e-01
0.000000000000000000e+00,1.000000000000000000e+00,5.000000000000000278e-02,2.900000000000000000e+01,9.971536631542243789e-01,3.287694457708067453e-01,-4.436029886665682209e-01,-6.403208763919643332e-01,3.601807070257714849e-01,-2.107680151743772434e+00,4.350124886577800831e-01,-1.447081875945915641e+00
0.000000000000000000e+00,1.000000000000000000e+00,8.000000000000000167e-02,0.000000000000000000e+00,9.977872443284606652e-01,3.255055555124254374e-01,4.666182603176881050e-01,8.537966283618745322e-01,-3.262155797599753937e-01,-8.517328369026635482e-01,-1.518143048551326091e+00,-1.061961256650132190e+00
0.000000000000000000e+00,1.000000000000000000e+00,8.000000000000000167e-02,1.000000000000000000e+00,9.978478714631234814e-01,3.229198473084979870e-01,6.434310341156713742e-01,1.304606114445800713e-01,3.824033140698362282e-02,4.425187304174529879e-01,-1.752080621158356832e+00,3.522184483006544076e-01
0.000000000000000000e+00,1.000000000000000000e+00,8.000000000000000167e-02,2.000000000000000000e+00,9.979363194556182259e-01,3.361922304442833687e-01,-6.518559474727434466e-01,1.327216740472044965e+00,-1.318205048286474668e+00,1.707496848992333671e-01,-2.001054537143410972e+00,3.891189344787082671e-02
0.000000000000000000e+00,1.000000000000000000e+00,8.000000000000000167e-02,3.000000000000000000e+00,9.974083776155077130e-01,3.338338236697102612e-01,-6.246291162180844792e-01,-1.060809955167727026e+00,-4.461794046817632586e-01,-1.030191736800832425e+00,-6.533484940299885690e-02,-1.413380997382801763e+00
0.000000000000000000e+00,1.000000000000000000e+00,8.000000000000000167e-02,4.000000000000000000e+00,9.974165058599341327e-01,3.301071744896739157e-01,-4.524163346367017224e-01,5.058150255468031320e-01,2.021463433985756439e-02,-3.157911095782901967e+00,-3.345610986256935537e-01,-5.300196745651082342e-01
0.000000000000000000e+00,1.000000000000000000e+00,8.000000000000000167e-02,5.000000000000000000e+00,9.972936463557441344e-01,3.264892884896342107e-01,7.961903539503182303e-01,3.451423728368415156e-01,-1.209975890415660338e+00,1.529560667142711994e+00,-5.818857305846820704e-01,-9.540361598641178276e-02
0.000000000000000000e+00,1.000000000000000000e+00,8.000000000000000167e-02,6.000000000000000000e+00,9.968645462070764296e-01,3.296391761544339438e-01,-8.199158550568913517e-02,-2.015756011036327067e+00,-1.638115915269194589e-01,3.029982941252201689e-01,6.863199324295221615e-01,6.304125196180376811e-01
0.000000000000000000e+00,1.000000000000000000e+00,8.000000000000000167e-02,7.000000000000000000e+00,9.971475111964770432e-01,3.298976022683662301e-01,-1.688092584694216303e-01,-1.512707304896028893e+00,-2.994778533820359814e-02,-6.211814016433799823e-01,3.105549870546810975e-01,3.543898742134612423e-01
0.000000000000000000e+00,1.000000000000000000e+00,8.000000000000000167e-02,8.000000000000000000e+00,9.967387876156525994e-01,3.185580775522958707e-01,1.011051984392568936e+00,-8.684860110735324046e-01,4.192388425837659249e-02,1.299048736272024329e-01,6.086813942326509963e-01,-2.817007429670834520e-02
0.000000000000000000e+00,1.000000000000000000e+00,8.000000000000000167e-02,9.000000000000000000e+00,9.966151626498287452e-01,3.164865100133924525e-01,5.093987019435619601e-01,4.335075429154754412e-01,1.808846981989663316e+00,4.622010801531417079e-01,6.377772852478921228e-01,-1.188616109248918917e+00
0.000000000000000000e+00,1.000000000000000000e+00,8.000000000000000167e-02,1.000000000000000000e+01,9.980044747353512546e-01,3.275178584628691825e-01,-2.163460393020023853e-01,-2.282594125260739293e-01,5.014195470343023597e-01,-3.814524437014459313e-01,-9.098219427286819982e-01,5.316093405820190299e-01
0.000000000000000000e+00,1.000000000000000000e+00,8.000000000000000167e-02,1.100000000000000000e+01,9.977505217850650698e-01,3.369198034374197293e-01,-3.247873403467682607e-01,5.554614247191074217e-01,-1.107303592413949600e+00,9.889755897220969816e-01,-9.142399429942202893e-01,5.522389681459073385e-01
0.000000000000000000e+00,1.000000000000000000e+00,8.000000000000000167e-02,1.200000000000000000e+01,9.972801316146383543e-01,3.315622051721321406e-01,-7.049357811891581171e-01,-4.335291448628451061e-01,4.880488551438665334e-01,-3.481675645575457723e-01,6.011159269303818775e-02,1.008217833923805262e+00
0.000000000000000000e+00,1.000000000000000000e+00,8.000000000000000167e-02,1.300000000000000000e+01,9.964716191586592275e-01,3.297106426644298427e-01,3.017855894965681407e-01,1.296591207309467642e-01,-1.167873176383527944e+00,-1.747858295171559051e-01,1.102414452870341455e+00,-1.369801826853960902e+00
0.000000000000000000e+00,1.000000000000000000e+00,8.000000000000000167e-02,1.400000000000000000e+01,9.971201467652039963e-01,3.270130423301786382e-01,1.849232264290667505e-01,-3.299099041805207966e-01,-2.016944412690014621e-01,3.724713952585306798e-01,5.840074504651916742e-02,-1.722446560946524485e+00
0.000000000000000000e+00,1.000000000000000000e+00,8.000000000000000167e-02,1.500000000000000000e+01,9.964567412467675300e-01,3.250100982683969963e-01,4.941301889860761354e-01,-1.720223822715844841e+00,-3.903664628672525172e-01,-9.862282220969408042e-02,1.511518191353796503e+00,6.890460202418529079e-01
0.000000000000000000e+00,1.000000000000000000e+00,8.000000000000000167e-02,1.600000000000000000e+01,9.973144431850715641e-01,3.176978995100886993e-01,1.391858844965877307e+00,-3.208464547821071045e-01,4.346449191309856297e-01,7.348124284803733142e-01,-9.056643270851169047e-01,3.368634730758793827e-01
0.000000000000000000e+00,1.000000000000000000e+00,8.000000000000000167e-02,1.700000000000000000e+01,9.971792877656306953e-01,3.368087864799452213e-01,-5.122787743324425103e-01,-6.151667860792765508e-01,-9.082661198448066520e-01,1.272334178082451084e+00,2.260540003482567339e-01,2.712478300170055312e-01
0.000000000000000000e+00,1.000000000000000000e+00,8.000000000000000167e-02,1.800000000000000000e+01,9.960213621761275782e-01,3.302901994742958869e-01,4.033564788681406887e-02,-5.649919601801524360e-02,-6.814734396290502705e-01,1.292913639982183449e+00,1.892097200390508549e+00,1.888622380996297423e+00
0.000000000000000000e+00,1.000000000000000000e+00,8.000000000000000167e-02,1.900000000000000000e+01,9.965961705167415419e-01,3.152690111278007024e-01,1.687364542869086659e+00,-1.565471677981120427e-02,1.451492336056136256e+00,-1.004337058338837241e-01,1.123375594755818607e+00,2.360598134453902597e-01
0.000000000000000000e+00,1.000000000000000000e+00,8.000000000000000167e-02,2.000000000000000000e+01,9.968796186102547585e-01,3.226575009066429134e-01,3.336701010604076721e-03,5.139463510938785396e-01,4.095709856360389978e-01,6.666956320952850401e-01,-2.381341449921474049e-02,3.670849906179016187e-02
0.000000000000000000e+00,1.000000000000000000e+00,8.000000000000000167e-02,2.100000000000000000e+01,9.975447379683292093e-01,3.306351134824820348e-01,-4.082831318896529282e-01,1.372305038233788022e+00,2.893898023647735740e-01,-1.851086976070110690e-01,-6.845762680310951698e-01,-5.565824995088615168e-01
0.000000000000000000e+00,1.000000000000000000e+00,8.000000000000000167e-02,2.200000000000000000e+01,9.963215603739147275e-01,3.193887298058700752e-01,7.187219435512748333e-01,-1.837747299612235707e-01,5.949401280783781498e-01,1.130176913200826805e+00,1.216952673244422689e+00,7.885371466482683778e-02
0.000000000000000000e+00,1.000000000000000000e+00,8.000000000000000167e-02,2.300000000000000000e+01,9.982550334332696007e-01,3.297613919244185565e-01,4.306280513284520273e-02,-2.752148480636562589e-01,-1.738034310984680197e-01,6.512367323730605673e-01,-1.276647335147291784e+00,-4.682532352981205737e-01
0.000000000000000000e+00,1.000000000000000000e+00,8.000000000000000167e-02,2.400000000000000000e+01,9.967002459651213009e-01,3.361857154406753256e-01,-8.764799120764066309e-01,-1.837062818515903528e-01,-1.533366722333232346e+00,-8.488444491767923594e-01,1.786409668864116895e+00,-1.194954860161667298e+00
0.000000000000000000e+00,1.000000000000000000e+00,8.000000000000000167e-02,2.500000000000000000e+01,9.971383854027148219e-01,3.153898077871855610e-01,2.334078616275493179e+00,2.861068221700423519e-01,1.850936977132931593e+00,-1.096617650245791165e+00,-7.837376759490922717e-01,-1.631706805420831408e-01
0.000000000000000000e+00,1.000000000000000000e+00,8.000000000000000167e-02,2.600000000000000000e+01,9.967144395844218518e-01,3.179776435939558055e-01,1.044427033925791060e+00,5.772180843584067134e-01,-1.131457180561721149e-01,-1.536887453843520934e-01,3.736425537401487085e-01,-1.909041348240403113e-01
0.000000000000000000e+00,1.000000000000000000e+00,8.000000000000000167e-02,2.700000000000000000e+01,9.974302677642402637e-01,3.166379933530085733e-01,1.087991969123728531e+00,-6.337828575589682378e-02,1.593525189837988965e+00,3.436000974604918601e-01,-1.288542305348605588e+00,4.141542077900802199e-01
0.000000000000000000e+00,1.000000000000000000e+00,8.000000000000000167e-02,2.800000000000000000e+01,9.972464439135708680e-01,3.170734850025472840e-01,8.360665496320539569e-01,5.448370274133969293e-02,1.546191758380114356e+00,1.144331444457599156e+00,-7.343372317968610563e-01,-4.597063480488143838e-01
0.000000000000000000e+00,1.000000000000000000e+00,8.000000000000000167e-02,2.900000000000000000e+01,9.973987744635512964e-01,3.235450325283628081e-01,7.952424312132737594e-01,-6.204391847913193203e-01,-7.046456641904307316e-01,1.191358446241865959e-01,-5.324294530314233054e-01,7.555359642679969623e-01
0.000000000000000000e+00,1.000000000000000000e+00,1.000000000000000056e-01,0.000000000000000000e+00,9.968898007375355252e-01,3.212409184941541485e-01,1.261518424200660515e+00,-2.002353864278437534e+00,-8.379844115052330622e-01,1.327951874552398548e-01,6.246686146633994019e-01,5.138453951607124814e-01
0.000000000000000000e+00,1.000000000000000000e+00,1.000000000000000056e-01,1.000000000000000000e+00,9.983541292005869705e-01,3.353991374651237312e-01,-1.391092137499976358e-02,-1.198749855164733535e+00,-8.799985357150007514e-01,-4.960966843245976365e-01,-1.013266806123564123e+00,-1.249238166531308203e-01
0.000000000000000000e+00,1.000000000000000000e+00,1.000000000000000056e-01,2.000000000000000000e+00,9.979424006241536249e-01,3.382826296602314819e-01,-4.766823631610743739e-01,-8.374762427516443397e-01,-1.367170147572280836e+00,4.244636025612959496e-01,-1.130936034233114507e+00,-1.575147128527799145e+00
0.000000000000000000e+00,1.000000000000000000e+00,1.000000000000000056e-01,3.000000000000000000e+00,9.983278463612206277e-01,3.217610985312086003e-01,-1.106338874670137057e-01,-1.045366224622668039e+00,1.841830376299972816e+00,-5.209686169934438782e-01,-2.763527034452671227e+00,-1.620231283417329360e+00
0.000000000000000000e+00,1.000000000000000000e+00,1.000000000000000056e-01,4.000000000000000000e+00,9.966863472501051868e-01,3.233018328205161107e-01,-1.105107346862171797e-01,2.480365837350882452e-01,1.062474717829800630e+00,1.184121792908586990e+00,4.423200740474720893e-01,2.134476106852543964e+00
0.000000000000000000e+00,1.000000000000000000e+00,1.000000000000000056e-01,5.000000000000000000e+00,9.976813214206273761e-01,3.322273048613230695e-01,-1.183058775067896695e+00,-2.170509612275205169e-01,8.041777178637274925e-01,-1.076533338116666849e+00,-9.277851290410886742e-01,1.633440743600638845e+00
0.000000000000000000e+00,1.000000000000000000e+00,1.000000000000000056e-01,6.000000000000000000e+00,9.977404675459020655e-01,3.298884251667389411e-01,-7.933264502206260893e-01,-2.158197261718224416e-02,1.113940302179199815e+00,1.587371066714198919e+00,-1.423622597392672384e+00,1.630500533760949278e+00
0.000000000000000000e+00,1.000000000000000000e+00,1.000000000000000056e-01,7.000000000000000000e+00,9.964866408594701408e-01,3.317512445694000278e-01,-1.024542995374353005e+00,4.239186378106449271e-01,7.137971360603686533e-01,-7.324193817788067218e-01,1.531982049304080773e+00,-1.643747335302099544e-01
0.000000000000000000e+00,1.000000000000000000e+00,1.000000000000000056e-01,8.000000000000000000e+00,9.971632305256983297e-01,3.197543547409612552e-01,1.493082705484258588e+00,-5.848463365095062094e-02,-1.852590310248935224e-01,1.416753261416978660e+00,-5.532271648431648092e-01,2.309182369088816245e+00
0.000000000000000000e+00,1.000000000000000000e+00,1.000000000000000056e-01,9.000000000000000000e+00,9.973583686095314205e-01,3.301907342076844665e-01,2.384797235575079333e-01,9.823509770938100294e-01,-9.711080537647545086e-01,-1.292256590217203183e+00,-2.746785212153565192e-01,-2.385008407093251390e-02
0.000000000000000000e+00,1.000000000000000000e+00,1.000000000000000056e-01,1.000000000000000000e+01,9.975873678027639135e-01,3.282283425204540195e-01,-1.030873149382406817e+00,-2.551330478624794229e-01,1.693425669214094764e+00,-3.366684510962985044e-01,-7.190641038270482177e-01,-1.152515740672338806e-01
0.000000000000000000e+00,1.000000000000000000e+00,1.000000000000000056e-01,1.100000000000000000e+01,9.963253708310864099e-01,3.235556038532296230e-01,1.190042705088209196e+00,-9.601312425717904997e-01,-1.502165381097350538e+00,8.852483822420509352e-02,1.815242215221682054e+00,4.913608865178506480e-01
0.000000000000000000e+00,1.000000000000000000e+00,1.000000000000000056e-01,1.200000000000000000e+01,9.976487761317154312e-01,3.338434216257123444e-01,-1.173792895138072945e+00,-1.181085748278350778e+00,5.728699063512970868e-01,7.951525603737151504e-02,-6.430021676547077458e-01,7.475849911527520097e-01
0.000000000000000000e+00,1.000000000000000000e+00,1.000000000000000056e-01,1.300000000000000000e+01,9.963519327449290586e-01,3.248519171407534545e-01,-1.167269318827132002e-01,-5.128418244536958603e-01,3.993537452890413841e-01,-7.218083500861620649e-01,6.398523801839399727e-01,3.254651469832927080e-01
0.000000000000000000e+00,1.000000000000000000e+00,1.000000000000000056e-01,1.400000000000000000e+01,9.976411792153216940e-01,3.336091512833789796e-01,-1.700083836589832698e-01,5.342787542234388454e-01,-5.756772799430626142e-01,2.064995312036816522e+00,-9.067447487695537989e-01,-1.622410940018664149e+00
0.000000000000000000e+00,1.000000000000000000e+00,1.000000000000000056e-01,1.500000000000000000e+01,9.974684110486250477e-01,3.201176633146528006e-01,1.025787532749579567e+00,-5.137820995055796258e-01,-5.120332545686723247e-01,4.253736663697681442e-01,-7.878873990158832274e-01,8.042765598587593434e-01
0.000000000000000000e+00,1.000000000000000000e+00,1.000000000000000056e-01,1.600000000000000000e+01,9.972144751621782044e-01,3.312548967624172613e-01,-1.975411418110250006e+00,-3.337969769048539925e-01,1.871199084834916704e+00,-1.243197557995341374e+00,3.803648885451725858e-01,1.288060724197447771e+00
0.000000000000000000e+00,1.000000000000000000e+00,1.000000000000000056e-01,1.700000000000000000e+01,9.977015135017629488e-01,3.360934476917283309e-01,-1.110607379544423789e+00,1.875968936636845497e+00,-3.568577743688132742e-01,-5.468511887594490473e-01,-1.135670543681462030e+00,-4.276998584698110673e-01
0.000000000000000000e+00,1.000000000000000000e+00,1.000000000000000056e-01,1.800000000000000000e+01,9.973954884658661202e-01,3.188705886763062436e-01,1.673940483522685208e+00,2.793970977618331908e-01,-8.225595193304865438e-01,-3.720366237860415204e-01,-1.123181422093244564e+00,-9.283707133764794728e-01
0.000000000000000000e+00,1.000000000000000000e+00,1.000000000000000056e-01,1.900000000000000000e+01,9.977519007425220687e-01,3.336709752544939067e-01,-9.357232138799043142e-01,-2.914070074160835411e+00,1.796892828327407987e-02,1.196434923136860062e+00,-1.134199140071598277e+00,2.161052515201961621e-01
0.000000000000000000e+00,1.000000000000000000e+00,1.000000000000000056e-01,2.000000000000000000e+01,9.975434554708410007e-01,3.272108964951609966e-01,-6.187384361541329314e-01,1.653701921562296118e-01,1.399673078798860493e+00,1.368366297339165261e+00,-8.127865318037464926e-01,6.761618016466190983e-01
0.000000000000000000e+00,1.000000000000000000e+00,1.000000000000000056e-01,2.100000000000000000e+01,9.980259940866065271e-01,3.298916406619878949e-01,4.994830817836192448e-03,-1.041828320091758187e+00,-2.657800117642323268e-01,-7.599349730557903859e-01,-7.928688277625386416e-01,-1.542313780182243077e+00
0.000000000000000000e+00,1.000000000000000000e+00,1.000000000000000056e-01,2.200000000000000000e+01,9.969765229817607599e-01,3.235933835313511420e-01,3.780545538022436758e-01,-2.966561157488553646e-01,-4.006714488847142319e-01,4.093107258402427506e-01,8.578552502320703488e-02,5.216877225088170089e-01
0.000000000000000000e+00,1.000000000000000000e+00,1.000000000000000056e-01,2.300000000000000000e+01,9.972497610622310660e-01,3.365101221295367373e-01,-3.879375253964089110e-01,6.444620312993103450e-01,-8.522384279886510150e-01,-2.464758316913609748e-01,4.536852112068334719e-02,-1.755804987666342409e+00
0.000000000000000000e+00,1.000000000000000000e+00,1.000000000000000056e-01,2.400000000000000000e+01,9.968802167872254927e-01,3.203059262403847307e-01,1.072056990307102442e+00,-8.697472086486864873e-01,-6.696184473510541357e-01,8.917669686769057469e-01,2.968940202588064015e-01,-1.524517477525959980e-02
0.000000000000000000e+00,1.000000000000000000e+00,1.000000000000000056e-01,2.500000000000000000e+01,9.978193998786317742e-01,3.337890267819867418e-01,-4.744725330443662070e-01,1.353186555948085346e+00,-3.210783690789291711e-01,-1.447789184295853682e+00,-1.036268860791249358e+00,2.636985421318285838e-01
0.000000000000000000e+00,1.000000000000000000e+00,1.000000000000000056e-01,2.600000000000000000e+01,9.980166664898324491e-01,3.262281492173846886e-01,-1.080702472314954699e-01,-9.280283227101193688e-01,5.266551761382247676e-01,2.872950252507928126e-01,-9.529858296268479689e-01,1.340674673041795106e+00
0.000000000000000000e+00,1.000000000000000000e+00,1.000000000000000056e-01,2.700000000000000000e+01,9.968040700770693929e-01,3.216726002091377934e-01,4.421022725318529134e-01,4.048309011565467408e-01,3.084576568719449852e-01,-2.422514487738761657e-01,3.709263939771012542e-01,-2.331256985515703928e+00
0.000000000000000000e+00,1.000000000000000000e+00,1.000000000000000056e-01,2.800000000000000000e+01,9.971095543190860999e-01,3.310428441919570641e-01,-1.092200455791928038e+00,-7.341022970122840219e-02,1.133104852637035087e+00,6.797154049082169969e-02,3.161163006743978876e-01,6.351513944852694715e-01
0.000000000000000000e+00,1.000000000000000000e+00,1.000000000000000056e-01,2.900000000000000000e+01,9.961820459514141302e-01,3.228441937651300164e-01,6.016526984588966842e-01,-7.774105867129148251e-02,-3.837203190560318777e-01,-1.767309861368600687e+00,1.579972432778108393e+00,4.160326169318392386e-01
0.000000000000000000e+00,1.000000000000000000e+00,1.199999999999999956e-01,0.000000000000000000e+00,9.969118271201203862e-01,3.399564443927960977e-01,-5.576571854019904961e-01,2.173275078293246676e-01,-1.094253559596861436e+00,1.641755147473178189e+00,5.083080351318445267e-01,1.054112633031439428e+00
0.000000000000000000e+00,1.000000000000000000e+00,1.199999999999999956e-01,1.000000000000000000e+00,9.969545954155805134e-01,3.115064954092793270e-01,1.669744507127311595e+00,-1.325243425443588086e+00,1.473913637352706418e+00,1.356797954055899202e+00,-8.107218147155244303e-02,-1.138657760608474234e+00
0.000000000000000000e+00,1.000000000000000000e+00,1.199999999999999956e-01,2.000000000000000000e+00,9.975439816423662398e-01,3.258202945671070938e-01,4.205272655445595475e-01,8.459443211987472955e-01,-2.899602607946437649e-01,2.058650767793716696e+00,-9.791290577069197143e-01,-7.999608949871496177e-01
0.000000000000000000e+00,1.000000000000000000e+00,1.199999999999999956e-01,3.000000000000000000e+00,9.970388072183701267e-01,3.127788092582116097e-01,2.563020487881552789e+00,8.087842316586922875e-01,2.047180488121732311e-01,-1.710527400639623608e+00,-5.141044785757857838e-01,-1.682283087644828923e+00
0.000000000000000000e+00,1.000000000000000000e+00,1.199999999999999956e-01,4.000000000000000000e+00,9.975154008566645691e-01,3.395067534431833178e-01,-1.890902411733531352e+00,-8.815015766292834121e-01,-1.500032618277588881e-01,-4.779385060543317465e-01,-1.223425074876771934e-01,5.844258301134788169e-01
0.000000000000000000e+00,1.000000000000000000e+00,1.199999999999999956e-01,5.000000000000000000e+00,9.966025122805358682e-01,3.122094121145399526e-01,1.085256769808087718e+00,-3.728220178902822979e-01,-1.886533797866507545e-01,-3.501158241182121822e-01,3.957763182127161383e-01,3.083567406020889523e-01
0.000000000000000000e+00,1.000000000000000000e+00,1.199999999999999956e-01,6.000000000000000000e+00,9.964754190637685749e-01,3.148337878352518993e-01,7.692359534950756750e-01,8.484568458851459161e-01,2.800093604214509355e-02,-6.980844896326889870e-01,3.677095743912790482e-01,-1.099911217192881376e-03
0.000000000000000000e+00,1.000000000000000000e+00,1.199999999999999956e-01,7.000000000000000000e+00,9.958162265903507393e-01,3.311067322316216810e-01,-3.178662239675421608e-01,-2.079907235522890641e-01,2.640643273737232066e-01,8.189090100025940844e-01,9.847549394279745405e-01,-3.858944891610198002e-03
0.000000000000000000e+00,1.000000000000000000e+00,1.199999999999999956e-01,8.000000000000000000e+00,9.973575520005900641e-01,3.238805033633226915e-01,9.964659759415017692e-01,-1.266634731076255793e+00,-1.428345677709695449e+00,2.344611809289418314e-01,-3.505255137853153791e-01,-1.048286544990001623e+00
0.000000000000000000e+00,1.000000000000000000e+00,1.199999999999999956e-01,9.000000000000000000e+00,9.966507406311524431e-01,3.336474741130318611e-01,-1.895588286434836123e-01,3.376975739874811810e-01,-2.345350351690980995e-01,-6.207256179520368455e-01,4.468934204109981656e-01,1.094433256448474445e+00
0.000000000000000000e+00,1.000000000000000000e+00,1.199999999999999956e-01,1.000000000000000000e+01,9.974999490119090817e-01,3.363865583956869298e-01,-1.832332460491912007e+00,-1.178870346947450409e+00,6.111427641790515564e-01,-2.561406362749220067e-01,-1.829446412726574434e-01,4.362194352309664014e-01
0.000000000000000000e+00,1.000000000000000000e+00,1.199999999999999956e-01,1.100000000000000000e+01,9.973718974381792224e-01,3.111501413804576566e-01,4.135502812310738463e-01,-3.296217473539831411e-01,5.427936770751131679e-01,-2.499473275815337209e-02,-2.861065922012713258e-01,4.578708656149211853e-01
0.000000000000000000e+00,1.000000000000000000e+00,1.199999999999999956e-01,1.200000000000000000e+01,9.967538195890258690e-01,3.356444423939022315e-01,-2.149672450981631844e+00,1.207388058687694388e+00,5.158857162350573011e-01,-1.515110724734502368e+00,1.762863615868000000e+00,-1.577337628384715418e-01
0.000000000000000000e+00,1.000000000000000000e+00,1.199999999999999956e-01,1.300000000000000000e+01,9.962896974883889145e-01,3.176922533659771730e-01,-2.969051619181269919e-01,3.701433879393371540e-01,2.522757600406117184e+00,2.177113797728123856e+00,8.534184367851070929e-01,-5.869288504271365919e-02
0.000000000000000000e+00,1.000000000000000000e+00,1.199999999999999956e-01,1.400000000000000000e+01,9.977230256298139643e-01,3.312036673578102608e-01,1.665167613350159170e-01,-4.954584315836726982e-02,-6.794799631546841745e-01,-2.275578109953324268e-01,-3.500771345422687975e-01,9.673500366208388490e-01
0.000000000000000000e+00,1.000000000000000000e+00,1.199999999999999956e-01,1.500000000000000000e+01,9.967595801484001594e-01,3.100076282099442082e-01,1.908717777415999794e+00,-8.750407481361238693e-01,4.964731510937627629e-02,2.670043757945940177e-01,2.699699190455520093e-01,-1.728714965621762079e-01
0.000000000000000000e+00,1.000000000000000000e+00,1.199999999999999956e-01,1.600000000000000000e+01,9.974193936715844977e-01,3.202914917815282148e-01,1.756610134155368041e-01,2.972142509745392847e+00,1.122270386238455986e+00,-7.923243986997281496e-01,-1.067490268353130878e+00,-4.660945463411338974e-01
0.000000000000000000e+00,1.000000000000000000e+00,1.199999999999999956e-01,1.700000000000000000e+01,9.969239445626679741e-01,3.371372656438035853e-01,-9.116460651579305630e-01,-1.599282353822157221e+00,-4.169894918437840325e-01,1.573781441639906742e+00,7.992134375479310604e-01,-7.944569802694074756e-01
0.000000000000000000e+00,1.000000000000000000e+00,1.199999999999999956e-01,1.800000000000000000e+01,9.959187539103746545e-01,3.343500406627250565e-01,-2.228315351883591033e-01,-1.208882190118723665e+00,-7.995703524917259220e-01,1.971318893586900156e+00,1.836810362797001606e+00,1.442242307060492612e+00
0.000000000000000000e+00,1.000000000000000000e+00,1.199999999999999956e-01,1.900000000000000000e+01,9.962136070278813094e-01,3.169618789317906193e-01,-2.301616555796692776e-01,6.996850107266268104e-01,1.645093787376344263e+00,-8.987541470686675193e-01,8.303434637757493020e-01,-4.815217054505716021e-01
0.000000000000000000e+00,1.000000000000000000e+00,1.199999999999999956e-01,2.000000000000000000e+01,9.975206794615865125e-01,3.164600149748447167e-01,-5.854153745833551997e-02,-1.505680715985793450e+00,1.382495103950285520e+00,-1.172275542958129080e+00,-2.046147141664459990e-01,-2.908834590020754618e-01
0.000000000000000000e+00,1.000000000000000000e+00,1.199999999999999956e-01,2.100000000000000000e+01,9.963200897307978865e-01,3.115012208597097709e-01,1.070472061796255092e+00,8.681748226270220581e-01,1.353537507765428582e+00,1.264122912826528333e+00,6.671732119008400019e-01,-6.327007548651227831e-01
0.000000000000000000e+00,1.000000000000000000e+00,1.199999999999999956e-01,2.200000000000000000e+01,9.982758913692999503e-01,3.219008540542019348e-01,3.323121080331745691e-01,7.133346484529623499e-01,4.058870130552747479e-01,-4.531658950785532047e-01,-1.976505823030200171e+00,1.161140158596645877e+00
0.000000000000000000e+00,1.000000000000000000e+00,1.199999999999999956e-01,2.300000000000000000e+01,9.964663663615310751e-01,3.128731434690963376e-01,1.202115160226129076e+00,8.272768137242244579e-01,5.641742423428168784e-01,-1.024782062062586485e+00,6.591220580481469415e-01,1.088484609685128168e+00
0.000000000000000000e+00,1.000000000000000000e+00,1.199999999999999956e-01,2.400000000000000000e+01,9.982645526619995380e-01,3.404378972841801687e-01,-2.303709285750523972e-01,-6.279901353783995388e-02,-1.498855334727634991e+00,1.556630191356702664e+00,-1.505159273719168578e+00,-2.095587702621828571e-02
0.000000000000000000e+00,1.000000000000000000e+00,1.199999999999999956e-01,2.500000000000000000e+01,9.969066903595511508e-01,3.415558740799681803e-01,-6.232794528001217582e-02,-4.031287251758278734e-01,-1.408853903467326862e+00,-5.076133074230729791e-01,3.958767288724959754e-01,4.422408297786349918e-01
0.000000000000000000e+00,1.000000000000000000e+00,1.199999999999999956e-01,2.600000000000000000e+01,9.968985413149014096e-01,3.219304686349548361e-01,4.557119411928781672e-01,-1.147996560247720010e+00,-3.199230067330305349e-01,-7.012652818087131701e-01,3.612918826076856327e-01,6.060132052957041271e-01
0.000000000000000000e+00,1.000000000000000000e+00,1.199999999999999956e-01,2.700000000000000000e+01,9.962790681560474981e-01,3.113935207360734037e-01,6.209578674286467814e-01,2.378769505759262548e-01,9.743465912552720098e-01,-8.114566769127229406e-01,7.066738885409237225e-01,-7.832852813460459140e-01
0.000000000000000000e+00,1.000000000000000000e+00,1.199999999999999956e-01,2.800000000000000000e+01,9.967317329629745704e-01,3.147382526789617163e-01,1.233224456970736460e+00,6.979441947419978698e-01,5.501494798871133796e-01,1.366406202689464333e+00,1.161349640546417983e-01,-1.499810429615908713e+00
0.000000000000000000e+00,1.000000000000000000e+00,1.199999999999999956e-01,2.900000000000000000e+01,9.952630439396686901e-01,3.170461774995743109e-01,5.975237007641041043e-01,3.972041789919786292e-01,1.671205200231952459e-01,-1.567845776000760805e-01,1.645828313822947475e+00,5.888933144353703658e-02
0.000000000000000000e+00,1.000000000000000000e+00,1.400000000000000133e-01,0.000000000000000000e+00,9.982303103246872311e-01,3.400791852485564593e-01,1.061214579690829274e-01,9.347930075844974596e-01,-2.102883870984275649e+00,-3.866112919515820034e-01,-1.207355630566411708e+00,-4.873840146764475412e-01
0.000000000000000000e+00,1.000000000000000000e+00,1.400000000000000133e-01,1.000000000000000000e+00,9.984537672066363667e-01,3.293628363079862953e-01,3.756512335921902146e-01,-1.252023099167916820e-01,-1.011236042400915247e+00,-4.166566706835777012e-01,-1.606073373469591559e+00,-9.570242799409902634e-01
0.000000000000000000e+00,1.000000000000000000e+00,1.400000000000000133e-01,2.000000000000000000e+00,9.973579628383129059e-01,3.366034945173006498e-01,-5.342670458790571564e-01,-3.626438511061061964e-01,-1.891983111803847983e-02,1.684596020378806847e+00,-1.399814970678051607e-01,-4.952395840026845297e-01
0.000000000000000000e+00,1.000000000000000000e+00,1.400000000000000133e-01,3.000000000000000000e+00,9.950718709851602561e-01,3.387935183519468763e-01,-2.346466447408505906e-01,3.204147625313882169e-02,-9.285112531510378853e-01,8.756460376644658039e-01,1.687936803639441097e+00,-5.922271186229115525e-01
0.000000000000000000e+00,1.000000000000000000e+00,1.400000000000000133e-01,4.000000000000000000e+00,9.948792882955154182e-01,3.279155895231674611e-01,8.618089293414751828e-02,4.932685689116482197e-01,-3.352029314420594264e-01,-9.997658737998093015e-01,1.192712707590111831e+00,-4.073197866974890280e-01
0.000000000000000000e+00,1.000000000000000000e+00,1.400000000000000133e-01,5.000000000000000000e+00,9.971353166163247073e-01,3.383310550571590469e-01,-1.388388480993771434e+00,1.231665344034706289e+00,1.545130388031070723e-01,-2.525458097719471828e-01,3.257649832039389293e-01,5.089217053517057776e-01
0.000000000000000000e+00,1.000000000000000000e+00,1.400000000000000133e-01,6.000000000000000000e+00,9.972386926618717062e-01,3.064075751586305962e-01,1.060900464216041339e-01,5.908325142678058084e-01,1.181338003272805581e+00,2.763959117939623344e-01,-3.720171008776314014e-01,-1.508418208108642800e-01
0.000000000000000000e+00,1.000000000000000000e+00,1.400000000000000133e-01,7.000000000000000000e+00,9.952981871544663850e-01,3.301840578451482600e-01,-3.029933808529677863e-02,-1.530659451332071486e+00,-1.745338210333318985e-01,1.419144767795496476e+00,1.466142224444760389e+00,2.472595518835648265e-01
0.000000000000000000e+00,1.000000000000000000e+00,1.400000000000000133e-01,8.000000000000000000e+00,9.967386418291327432e-01,3.363436928769653611e-01,-4.116444655915030837e-01,-5.308126007918163858e-02,-1.979435962884175393e-01,1.375150773505729118e+00,3.776007356498387035e-01,-1.155438896146009087e-01
0.000000000000000000e+00,1.000000000000000000e+00,1.400000000000000133e-01,9.000000000000000000e+00,9.960832362695941633e-01,3.069445346379160999e-01,7.757684210644129053e-01,1.183373363729864902e+00,2.004816213568492156e+00,-1.242924992241042803e+00,9.321145947517882613e-01,-1.157025545600009475e-01
0.000000000000000000e+00,1.000000000000000000e+00,1.400000000000000133e-01,1.000000000000000000e+01,9.949604525696935653e-01,3.123872427868644164e-01,7.818778692896288796e-01,5.518986060937516314e-01,7.058470557999375616e-01,5.465586157315418386e-02,2.028309000114612903e+00,5.761042189624375753e-01
0.000000000000000000e+00,1.000000000000000000e+00,1.400000000000000133e-01,1.100000000000000000e+01,9.971890090062440759e-01,3.165513337510288405e-01,1.484306001271991304e+00,3.026449956048524181e-01,-9.573933183961862436e-01,2.436936706119320895e-01,-5.407450639026050165e-01,-1.577759259971603045e+00
0.000000000000000000e+00,1.000000000000000000e+00,1.400000000000000133e-01,1.200000000000000000e+01,9.979059229830824496e-01,3.254021654705245847e-01,-2.710544107605341035e-01,2.458192582674345872e-01,1.070893723308695256e+00,1.843599565687430664e+00,-1.259137200960955161e+00,1.246854759917430222e+00
0.000000000000000000e+00,1.000000000000000000e+00,1.400000000000000133e-01,1.300000000000000000e+01,9.976028081669218173e-01,3.112998445174706696e-01,1.137985635047946698e+00,-2.014634314042600849e+00,1.322460661016247263e+00,4.294476735031187153e-02,-1.049118672003889641e+00,-1.136491179298659171e+00
0.000000000000000000e+00,1.000000000000000000e+00,1.400000000000000133e-01,1.400000000000000000e+01,9.956055939422939760e-01,3.165458699148568922e-01,1.892278773445193796e+00,-8.979964676853882111e-01,-7.977851878164143873e-01,1.416998339042857324e+00,3.016291028423705001e+00,8.065744691872466232e-01
0.000000000000000000e+00,1.000000000000000000e+00,1.400000000000000133e-01,1.500000000000000000e+01,9.969537816451503609e-01,3.088629740719417427e-01,-1.180353347796803468e-02,-1.876570283142278417e-01,8.338282506448180253e-01,6.213613001057364249e-01,-7.563214541510719646e-02,-4.321771516598220224e-03
0.000000000000000000e+00,1.000000000000000000e+00,1.400000000000000133e-01,1.600000000000000000e+01,9.964582232587941846e-01,3.143916419936428897e-01,8.735527474420022864e-01,-1.035410049873791927e+00,-2.557597092243280024e-01,-3.093394457955029112e-02,6.139741118417425536e-01,4.148784647963937311e-01
0.000000000000000000e+00,1.000000000000000000e+00,1.400000000000000133e-01,1.700000000000000000e+01,9.967520368310360812e-01,3.264207157447643337e-01,3.486130957542792896e-01,-8.262610372705618822e-01,-6.857084650296126904e-01,6.362015662024997908e-01,3.013913754624152896e-01,1.270356350666280998e-01
0.000000000000000000e+00,1.000000000000000000e+00,1.400000000000000133e-01,1.800000000000000000e+01,9.940281889592545994e-01,3.239585578157191392e-01,3.171691017883913888e-02,7.149667697325707838e-01,9.873393959365379946e-02,7.869892791442512081e-02,9.647882079255387655e-01,3.910672922801555207e-01
0.000000000000000000e+00,1.000000000000000000e+00,1.400000000000000133e-01,1.900000000000000000e+01,9.968331207575742425e-01,3.109786375417342708e-01,1.210095174935943430e+00,9.535621726045564461e-01,-2.461828666120300935e-01,-2.356506829970489159e-01,-1.834504558482676906e-01,8.940534520726013679e-02
0.000000000000000000e+00,1.000000000000000000e+00,1.400000000000000133e-01,2.000000000000000000e+01,9.970971776874788528e-01,3.393165249980442666e-01,-2.281636250189142512e+00,1.872382838378075232e-01,-2.921025675788992415e-01,-2.277500357631359496e+00,1.004155090908670056e+00,2.634275233404000938e-01
0.000000000000000000e+00,1.000000000000000000e+00,1.400000000000000133e-01,2.100000000000000000e+01,9.975428702757518362e-01,3.349091870135265103e-01,-9.618191675165329579e-01,-2.238519207692086344e+00,3.056169038112426795e-01,1.461172615632994054e+00,-3.317121351754880876e-01,-1.072665656779044241e+00
0.000000000000000000e+00,1.000000000000000000e+00,1.400000000000000133e-01,2.200000000000000000e+01,9.958729561333501401e-01,3.191189783251803247e-01,6.392152224549212391e-01,1.027297469945430919e+00,-4.852085912449864979e-01,-5.490192358867594935e-01,8.288995084406434177e-01,2.879862480551882431e-01
0.000000000000000000e+00,1.000000000000000000e+00,1.400000000000000133e-01,2.300000000000000000e+01,9.980305849198738422e-01,3.386333487746234772e-01,-1.591679444459799475e+00,1.164267573571386549e+00,-2.119296292230881118e-01,-8.423823976160420557e-01,-1.689787776063873093e+00,-1.490080612969420404e+00
0.000000000000000000e+00,1.000000000000000000e+00,1.400000000000000133e-01,2.400000000000000000e+01,9.973654502377342634e-01,3.049609809033160257e-01,9.196825290636674310e-01,-4.100056975006639015e-01,1.809452123772596011e+00,-3.787181061099651469e-01,-6.949769036865561800e-01,-2.184339349259953045e-01
0.000000000000000000e+00,1.000000000000000000e+00,1.400000000000000133e-01,2.500000000000000000e+01,9.971523715196546345e-01,3.138722737433329857e-01,-1.489558257053454071e-01,7.434052357608929018e-01,1.913198314208814033e+00,9.872071149491321584e-01,-4.110833396517763472e-01,-1.183544249900709389e+00
0.000000000000000000e+00,1.000000000000000000e+00,1.400000000000000133e-01,2.600000000000000000e+01,9.986842893119884934e-01,3.411888632013362899e-01,-3.461489624572621215e-01,-2.261293920612636454e-01,-1.136109798832085627e+00,-7.598685665053355187e-01,-1.675800350335552746e+00,-7.594024213385960898e-02
0.000000000000000000e+00,1.000000000000000000e+00,1.400000000000000133e-01,2.700000000000000000e+01,9.972128925244436726e-01,3.152165946922417250e-01,8.428452401734579658e-01,-8.728963337584876303e-01,7.024231604421794783e-02,-1.129752351849229397e+00,-1.213523081658843539e-01,-1.256156242180545446e+00
0.000000000000000000e+00,1.000000000000000000e+00,1.400000000000000133e-01,2.800000000000000000e+01,9.966377725798517551e-01,3.367609506295141664e-01,-7.976555452886077147e-01,1.152207607333837619e-02,9.674145445665040255e-02,4.492759203823060710e-01,7.522098317053863559e-01,-1.196203260504574928e+00
0.000000000000000000e+00,1.000000000000000000e+00,1.400000000000000133e-01,2.900000000000000000e+01,9.958199894218336956e-01,3.389907917376326907e-01,-2.735971642303133278e-01,4.941399947547570615e-01,-9.192160482694238244e-01,5.814280243558774819e-01,1.212988038662576207e+00,1.391186036549196814e+00
1.000000000000000000e+00,2.000000000000000000e+00,2.000000000000000042e-02,0.000000000000000000e+00,1.999747642416486615e+00,4.963500336162124382e-01,-3.888309027136799267e-01,-1.120489831850342011e+00,4.569736886798589880e-03,-4.398402739251036087e-01,9.099188770121580117e-01,5.654330719512485892e-01
1.000000000000000000e+00,2.000000000000000000e+00,2.000000000000000042e-02,1.000000000000000000e+00,1.999743175996366862e+00,4.981661512340733733e-01,1.461903151373082022e+00,1.742097835206978806e-01,-1.214836491488290759e+00,-1.050823356279525500e+00,9.608952457784243339e-01,4.947594047523671823e-01
1.000000000000000000e+00,2.000000000000000000e+00,2.000000000000000042e-02,2.000000000000000000e+00,1.999744823331388144e+00,4.977993446930683019e-01,1.467545504497419939e+00,1.183102037553213304e+00,1.784792540451786813e+00,1.059321208905936063e+00,1.363021430976450343e+00,8.577067032704852600e-01
1.000000000000000000e+00,2.000000000000000000e+00,2.000000000000000042e-02,3.000000000000000000e+00,1.999744331501655648e+00,4.990259553351297783e-01,1.147631527704991106e+00,-1.224311176023287873e+00,2.211469094172243965e-01,8.183459428847013051e-01,4.396757874986337855e-01,1.139837970790771760e+00
1.000000000000000000e+00,2.000000000000000000e+00,2.000000000000000042e-02,4.000000000000000000e+00,1.999747809140656640e+00,4.955367163711169587e-01,-3.800735203238990167e-01,-1.108956671335068700e+00,-4.744631182325952795e-02,-1.007737036533074226e+00,1.447937347027472343e+00,1.143355874793628990e+00
1.000000000000000000e+00,2.000000000000000000e+00,2.000000000000000042e-02,5.000000000000000000e+00,1.999750751999913589e+00,4.942875290834193303e-01,-1.027625105952681417e-01,7.272568249794351125e-01,2.448561701810250957e-01,-1.675010117123226262e-03,1.403394993055982587e+00,1.529389335662402205e+00
1.000000000000000000e+00,2.000000000000000000e+00,2.000000000000000042e-02,6.000000000000000000e+00,1.999744144949457736e+00,4.985180006618514792e-01,1.271056684266989034e+00,4.647108713749791287e-01,9.068421020312529557e-02,1.862456225035590274e-01,6.828623682527157346e-01,1.520068196719280396e+00
1.000000000000000000e+00,2.000000000000000000e+00,2.000000000000000042e-02,7.000000000000000000e+00,1.999744599836092096e+00,4.981502708288244596e-01,2.738177738655985238e-01,5.990609364088373967e-01,-2.439003912735112356e-01,7.360866512686418117e-01,3.123426058290018625e-01,2.874625040664181563e-01
1.000000000000000000e+00,2.000000000000000000e+00,2.000000000000000042e-02,8.000000000000000000e+00,1.999741777183777991e+00,4.998875175563180506e-01,-9.028393228052444819e-01,5.858215983031197366e-02,4.770458277367589650e-02,1.191740940193741549e+00,-3.634575211413468981e-02,-4.913672996984049662e-02
1.000000000000000000e+00,2.000000000000000000e+00,2.000000000000000042e-02,9.000000000000000000e+00,1.999742714551404177e+00,4.983418773019042125e-01,1.551976227172600531e+00,1.071004872933676522e+00,-4.759753422354842667e-01,9.809560452921796125e-01,8.721524914350891056e-01,-1.304233630389247667e-01
1.000000000000000000e+00,2.000000000000000000e+00,2.000000000000000042e-02,1.000000000000000000e+01,1.999746521698660073e+00,4.979307685146865392e-01,1.815250918117872758e-01,-2.265232628311855678e-01,8.433200971648711075e-01,1.760275912317725566e-01,2.901557618058629440e-01,-3.157300818929358321e-01
1.000000000000000000e+00,2.000000000000000000e+00,2.000000000000000042e-02,1.100000000000000000e+01,1.999745353412908599e+00,4.993213332955987460e-01,-1.489249549089116220e+00,-4.834227379409010705e-01,-1.640926213770819708e-01,4.547739992516808272e-01,4.183197739461229636e-01,-2.684585961216381378e+00
1.000000000000000000e+00,2.000000000000000000e+00,2.000000000000000042e-02,1.200000000000000000e+01,1.999744636627960315e+00,4.976005089024361228e-01,1.066231190960894359e+00,-1.605654343497744663e-01,1.575586913628117314e+00,-1.037914101988525628e+00,-1.109878089647068578e+00,3.095797240667647610e-01
1.000000000000000000e+00,2.000000000000000000e+00,2.000000000000000042e-02,1.300000000000000000e+01,1.999743578067523897e+00,4.983907182646269418e-01,-1.306765509231924804e+00,9.042200011507314228e-01,2.933693786718041263e-01,8.321443029951337556e-01,-7.593708611180806090e-01,9.866696514041011223e-01
1.000000000000000000e+00,2.000000000000000000e+00,2.000000000000000042e-02,1.400000000000000000e+01,1.999748133123201210e+00,4.958689208554732941e-01,5.776421083500467013e-01,1.591913148334612060e+00,-5.132384764139489297e-01,-2.851648815813540364e-02,1.502609798736091351e+00,-6.026816016703196999e-01
1.000000000000000000e+00,2.000000000000000000e+00,2.000000000000000042e-02,1.500000000000000000e+01,1.999746186949387550e+00,4.976397150235630229e-01,-8.785867517115912850e-01,4.349754552922877604e-01,2.741685032727915861e+00,7.117012234111871338e-01,1.238432437242057871e+00,-9.159348342687348987e-01
1.000000000000000000e+00,2.000000000000000000e+00,2.000000000000000042e-02,1.600000000000000000e+01,1.999743588577418407e+00,4.991462632075764905e-01,1.724735415563638741e+00,1.682180219407299671e+00,1.370865657438899987e+00,-5.169444904050986000e-01,5.315926968932894736e-01,4.696189257573352149e-01
1.000000000000000000e+00,2.000000000000000000e+00,2.000000000000000042e-02,1.700000000000000000e+01,1.999748646337232483e+00,4.977356214459439654e-01,-1.899190986386715685e-01,2.504886478086153279e+00,-1.003201347826105705e+00,-4.687851193227407509e-01,9.321001912157920177e-01,2.260109421543508468e+00
1.000000000000000000e+00,2.000000000000000000e+00,2.000000000000000042e-02,1.800000000000000000e+01,1.999746717522655981e+00,4.962313582898303932e-01,-8.602203707179189029e-01,-1.137558731408639529e-02,1.768711025379280377e-01,7.228707392960597167e-01,1.577030902088507158e+00,1.402696019059252341e+00
1.000000000000000000e+00,2.000000000000000000e+00,2.000000000000000042e-02,1.900000000000000000e+01,1.999745086214702594e+00,4.990868204780755657e-01,-1.220902110667726692e+00,7.185852212166329300e-01,-1.223983828165695759e-01,9.586034859619905202e-01,4.725064552062128165e-01,-2.042636970810710828e+00
1.000000000000000000e+00,2.000000000000000000e+00,2.000000000000000042e-02,2.000000000000000000e+01,1.999743084652440883e+00,4.988521974738653331e-01,1.393840597575012552e+00,6.801693437161961953e-01,-1.232276685475106159e+00,4.567401854715663068e-01,-5.539575885157134172e-01,-5.877919833060167853e-01
1.000000000000000000e+00,2.000000000000000000e+00,2.000000000000000042e-02,2.100000000000000000e+01,1.999745021635932263e+00,4.979010311909341513e-01,-9.152653024491912426e-01,-6.633340807097165559e-01,4.666575369261697914e-01,-4.435446790304241049e-01,7.762358131023049390e-01,-1.099999708726557390e+00
1.000000000000000000e+00,2.000000000000000000e+00,2.000000000000000042e-02,2.200000000000000000e+01,1.999744255619068101e+00,4.991809632013114451e-01,-1.137230871079263794e+00,-1.020020884094090086e+00,-1.214424379869356585e+00,5.171296643389042824e-01,-3.650211382370089908e-01,-8.149964069900798025e-01
1.000000000000000000e+00,2.000000000000000000e+00,2.000000000000000042e-02,2.300000000000000000e+01,1.999744215314865459e+00,4.997673669823576303e-01,1.137020481624066104e+00,1.531273000020938690e+00,-1.216060277069445084e+00,1.909179383204935743e+00,-1.271172176876715632e-01,9.461569162539140709e-01
1.000000000000000000e+00,2.000000000000000000e+00,2.000000000000000042e-02,2.400000000000000000e+01,1.999745845921012455e+00,4.971631780045280280e-01,5.801140806599627137e-02,7.658696378485473077e-02,-1.074467461848389149e+00,-2.577036903878341945e-01,-3.733233372163238251e-01,-1.490196527964420259e-01
1.000000000000000000e+00,2.000000000000000000e+00,2.000000000000000042e-02,2.500000000000000000e+01,1.999746365168915352e+00,4.968522307997528253e-01,2.155237743845666021e-01,-7.526521853495814485e-01,1.288611792947276458e+00,1.183173789742476334e+00,-9.591180501791453095e-01,-1.394806987285619693e+00
1.000000000000000000e+00,2.000000000000000000e+00,2.000000000000000042e-02,2.600000000000000000e+01,1.999747260507521940e+00,4.958349650024848065e-01,-1.591879513857244743e-01,-1.930238961852402124e-01,1.256928186318315710e-01,9.244227911770722672e-01,-9.176750208242376861e-01,1.270778767174959967e+00
1.000000000000000000e+00,2.000000000000000000e+00,2.000000000000000042e-02,2.700000000000000000e+01,1.999743925823892488e+00,4.979375350045520121e-01,1.427506733416317175e+00,1.230254496616407067e+00,5.479871626885209901e-01,-3.855985270903799500e-01,-1.058819650406120028e+00,-7.697904908191963713e-01
1.000000000000000000e+00,2.000000000000000000e+00,2.000000000000000042e-02,2.800000000000000000e+01,1.999749650632399289e+00,4.938256209432653199e-01,-1.018065307826932636e-01,1.274898909658100411e-02,9.738697457827725223e-01,1.653530027940258718e-01,-1.193539554869576635e+00,6.835218452204058215e-01
1.000000000000000000e+00,2.000000000000000000e+00,2.000000000000000042e-02,2.900000000000000000e+01,1.999743320709169714e+00,4.984745233383742202e-01,-9.016500657832473564e-01,-5.323698853536529274e-01,4.977984203171350042e-01,-1.248077459637431552e+00,-5.567060818912753506e-01,-4.568203204385927751e-01
1.000000000000000000e+00,2.000000000000000000e+00,5.000000000000000278e-02,0.000000000000000000e+00,1.999722758785990484e+00,4.923206959937858618e-01,7.769866351857708242e-01,-1.209002870262471330e+00,1.000369795635694503e+00,1.459268923226079373e+00,-1.325102999685776162e+00,-4.655969537366789202e-01
1.000000000000000000e+00,2.000000000000000000e+00,5.000000000000000278e-02,1.000000000000000000e+00,1.999718780088727499e+00,4.983675665264929999e-01,-3.026015037102170457e-01,1.079936822745171332e+00,-9.453624076466390358e-01,1.051169659210779761e+00,1.638908084078535277e-01,-3.759748487371266101e-01
1.000000000000000000e+00,2.000000000000000000e+00,5.000000000000000278e-02,2.000000000000000000e+00,1.999743831335265565e+00,4.866129485416084144e-01,2.678771010359051741e-01,1.053275781380853399e-01,6.024388745456858985e-01,-2.975438362865135411e-01,-1.097916743633358116e+00,6.387121303364172720e-01
1.000000000000000000e+00,2.000000000000000000e+00,5.000000000000000278e-02,3.000000000000000000e+00,1.999727654956566791e+00,4.978495487426458643e-01,-9.684957866311307839e-01,-1.785602857652172970e+00,3.975648293148825729e-01,-1.918284943573179691e+00,-5.306089230922357292e-01,-2.923944641999760563e+00
1.000000000000000000e+00,2.000000000000000000e+00,5.000000000000000278e-02,4.000000000000000000e+00,1.999713601232715243e+00,4.982441976915346071e-01,-1.499885661583332030e+00,-1.041897100277739074e+00,9.565221120503636376e-01,9.732487799440264764e-02,3.877033330409092593e-01,1.569713217613602829e+00
1.000000000000000000e+00,2.000000000000000000e+00,5.000000000000000278e-02,5.000000000000000000e+00,1.999744766718601685e+00,4.902936514771284449e-01,-2.627635762280038367e-01,-3.645234856916856336e-01,3.397488272788522501e-01,2.171073053134570940e-01,8.556401221978253702e-01,1.246054471005154207e+00
1.000000000000000000e+00,2.000000000000000000e+00,5.000000000000000278e-02,6.000000000000000000e+00,1.999726250219100443e+00,4.920214974401243557e-01,-1.305627535159595398e+00,1.404614745179196822e+00,-4.476425044174686119e-01,-4.376155430138889413e-01,-1.824586672745852400e+00,1.426423621455398028e+00
1.000000000000000000e+00,2.000000000000000000e+00,5.000000000000000278e-02,7.000000000000000000e+00,1.999708754348609618e+00,4.984550061157624889e-01,-1.606317774967868317e+00,1.455387412752807696e-01,6.093308964440669051e-01,1.993491763584887555e-01,-3.392503344337912119e-01,1.726363264499142902e+00
1.000000000000000000e+00,2.000000000000000000e+00,5.000000000000000278e-02,8.000000000000000000e+00,1.999719595986750864e+00,4.960395816594084795e-01,-1.253837944653946712e+00,1.184880012887443712e+00,-1.584723616419082326e+00,-4.503546620586557636e-01,8.369539747482652725e-01,1.118285054525128830e+00
1.000000000000000000e+00,2.000000000000000000e+00,5.000000000000000278e-02,9.000000000000000000e+00,1.999719144165942319e+00,4.908595754823947277e-01,-9.464218446022834019e-01,-5.048457443147179591e-01,-4.101805080318016161e-01,1.869425767358819268e+00,1.753082961520318062e+00,-2.814924584003598018e-01
1.000000000000000000e+00,2.000000000000000000e+00,5.000000000000000278e-02,1.000000000000000000e+01,1.999708455232858562e+00,4.976653382724933183e-01,-1.936273474492302249e+00,1.922698007950057464e-01,-6.554428664607830912e-01,-4.721760340588010418e-01,6.170529436900868969e-01,2.003124035043081896e+00
1.000000000000000000e+00,2.000000000000000000e+00,5.000000000000000278e-02,1.100000000000000000e+01,1.999728855341899036e+00,4.938493325415159174e-01,6.183756496394111624e-01,-1.603869046155511624e+00,7.899196637337674298e-01,9.489910245636880015e-01,-9.290132519666944866e-01,-8.479479302672819907e-01
1.000000000000000000e+00,2.000000000000000000e+00,5.000000000000000278e-02,1.200000000000000000e+01,1.999712098250677972e+00,4.968430517049011730e-01,4.466646996318632823e-01,-2.676568577429641604e-01,-3.476362601802046037e-01,-7.306757176832198164e-01,2.525065417708683979e-01,-4.441501835361348349e-01
1.000000000000000000e+00,2.000000000000000000e+00,5.000000000000000278e-02,1.300000000000000000e+01,1.999698670267128220e+00,4.972313133025065279e-01,-1.394268101619993594e+00,3.491142292364634442e-02,2.206138444153189077e-02,-6.265175284471807826e-01,4.794859357663161514e-01,-8.992416223805641540e-01
1.000000000000000000e+00,2.000000000000000000e+00,5.000000000000000278e-02,1.400000000000000000e+01,1.999744064823359757e+00,4.954703194410524092e-01,-1.983837653543567003e-01,-1.743536212909930772e+00,3.188048358134468740e-01,3.804509802442380684e-01,-6.013792159728608144e-01,2.135343417161492230e+00
1.000000000000000000e+00,2.000000000000000000e+00,5.000000000000000278e-02,1.500000000000000000e+01,1.999731936388528863e+00,4.958947790412515100e-01,-1.713742883440421139e-01,8.424104762181210404e-01,-1.667770738237595474e+00,-7.967332142327155919e-01,-5.078519377193941864e-01,-1.697903045969494151e+00
1.000000000000000000e+00,2.000000000000000000e+00,5.000000000000000278e-02,1.600000000000000000e+01,1.999727229532096251e+00,4.961248027195642729e-01,-5.377507610441238928e-01,-5.573146944261249403e-02,1.473786690635126906e+00,-1.103784481153922581e+00,-5.845126847208323984e-01,1.663551689099274755e+00
1.000000000000000000e+00,2.000000000000000000e+00,5.000000000000000278e-02,1.700000000000000000e+01,1.999695649429052091e+00,4.984799784520259069e-01,1.813718339341601649e+00,-8.644150188063756124e-01,-7.971553105448017096e-01,-7.806020545703765690e-01,3.357937823536070732e-01,7.276071719471771670e-02
1.000000000000000000e+00,2.000000000000000000e+00,5.000000000000000278e-02,1.800000000000000000e+01,1.999722224271561766e+00,4.976546931737585444e-01,5.761274515710993471e-01,-1.016196227029889210e+00,-5.323808952031204855e-01,1.672268708323060016e-01,-2.389671612769489195e-01,4.118900115552639463e-01
1.000000000000000000e+00,2.000000000000000000e+00,5.000000000000000278e-02,1.900000000000000000e+01,1.999691862112241258e+00,4.991847904661249058e-01,-1.967581770599838187e+00,-1.113532871603956087e+00,-4.994554330984337653e-01,2.236080678609535244e-01,-1.852430623922259600e-01,1.843391051453129870e-01
1.000000000000000000e+00,2.000000000000000000e+00,5.000000000000000278e-02,2.000000000000000000e+01,1.999712315559260434e+00,4.926665428670105595e-01,-1.045120180753821293e+00,6.671203084685417561e-02,6.404615344384919640e-01,-7.077465141283547645e-01,1.123580091025667027e+00,-9.167289801471943667e-02
1.000000000000000000e+00,2.000000000000000000e+00,5.000000000000000278e-02,2.100000000000000000e+01,1.999732235952627946e+00,4.970805719199092865e-01,5.247676512047807496e-01,-3.214808844811850363e+00,2.001426747813609686e-01,1.353733966986176762e+00,5.760954658112434901e-01,1.232842792738293447e+00
1.000000000000000000e+00,2.000000000000000000e+00,5.000000000000000278e-02,2.200000000000000000e+01,1.999716874911956266e+00,4.999649453835549040e-01,1.085880630008643211e+00,1.770972225577256198e+00,6.088687082038733989e-01,5.459678900714208805e-01,-6.153782816537597088e-03,-6.189595889479367063e-02
1.000000000000000000e+00,2.000000000000000000e+00,5.000000000000000278e-02,2.300000000000000000e+01,1.999712394229292700e+00,4.990460662026435790e-01,6.987037630738541782e-01,-2.661649669494235981e-01,9.218697120543457579e-01,1.299496208669578712e+00,1.289928854549898807e-01,-7.944942678145476833e-01
1.000000000000000000e+00,2.000000000000000000e+00,5.000000000000000278e-02,2.400000000000000000e+01,1.999715154607108802e+00,4.998665023389192164e-01,-1.563315730730628461e+00,-1.182939349171859611e+00,1.307626811402292866e+00,7.477683993256940553e-01,-3.248442227182796876e-02,-1.712520223658618335e+00
1.000000000000000000e+00,2.000000000000000000e+00,5.000000000000000278e-02,2.500000000000000000e+01,1.999726403017066723e+00,4.916407480020512089e-01,3.108106208193785469e-01,4.045521853400615986e-01,1.958136856079682742e-01,-4.675254385337703766e-01,-5.488000718440908532e-01,4.038497853336683874e-01
1.000000000000000000e+00,2.000000000000000000e+00,5.000000000000000278e-02,2.600000000000000000e+01,1.999728178132064826e+00,4.930355395268135044e-01,-5.467146503601676422e-01,1.346328639875654876e+00,-1.323714566106822588e+00,1.018644071743382007e+00,-1.031444328264413235e+00,-6.525871807960759163e-01
1.000000000000000000e+00,2.000000000000000000e+00,5.000000000000000278e-02,2.700000000000000000e+01,1.999738579364516600e+00,4.914103750027664641e-01,-4.282738017388110774e-01,-2.210522081881508782e+00,1.486531497691086834e+00,-9.518381183035844462e-01,-1.600939786898852413e+00,1.739994392353601649e+00
1.000000000000000000e+00,2.000000000000000000e+00,5.000000000000000278e-02,2.800000000000000000e+01,1.999720093345478400e+00,4.933663703697348524e-01,1.059832144293797046e-01,-6.665982667607809331e-01,-2.757621314532285317e-01,1.366459851164912198e+00,6.687494386990460171e-01,-1.524685044520476707e+00
1.000000000000000000e+00,2.000000000000000000e+00,5.000000000000000278e-02,2.900000000000000000e+01,1.999694103279541890e+00,4.939878687910986832e-01,-4.931923580528013717e-02,1.468986922067791467e-01,2.068304904067594929e+00,2.362860277317774482e+00,8.432063247365251257e-01,-8.915170219717839517e-01
1.000000000000000000e+00,2.000000000000000000e+00,8.000000000000000167e-02,0.000000000000000000e+00,1.999645777847296690e+00,4.927629998382634935e-01,-1.303959998160926670e+00,-2.877998335784515138e-01,2.799382125423049428e-01,-6.463070305102371904e-01,-8.280895144291900989e-01,1.208755002441774140e+00
1.000000000000000000e+00,2.000000000000000000e+00,8.000000000000000167e-02,1.000000000000000000e+00,1.999624814986219912e+00,4.961166601124163966e-01,1.134595146297634027e+00,7.368778464595421296e-02,-6.706530482137514071e-02,-1.780035936127895235e+00,4.255204721392518152e-01,6.016139089820731617e-02
1.000000000000000000e+00,2.000000000000000000e+00,8.000000000000000167e-02,2.000000000000000000e+00,1.999651733994543212e+00,4.901361585959316258e-01,-1.025279057493597712e+00,-6.900748162525928153e-01,-6.274342661825562661e-01,6.456245790308006161e-01,9.306039446897675926e-01,1.565098761228406188e-01
1.000000000000000000e+00,2.000000000000000000e+00,8.000000000000000167e-02,3.000000000000000000e+00,1.999633959077799839e+00,4.991505837227490083e-01,-1.199752590689032727e+00,1.062124806501404950e-01,-8.532152751321402384e-01,7.153017063669551145e-01,-8.781006383154185690e-02,9.067102581150744411e-01
1.000000000000000000e+00,2.000000000000000000e+00,8.000000000000000167e-02,4.000000000000000000e+00,1.999667353566139782e+00,4.902800189474275649e-01,-1.111574107356015695e+00,6.373608544084895522e-01,-1.325810016911979972e+00,-3.998844769955903211e-01,-1.085389123200921180e+00,-6.220254915999861023e-01
1.000000000000000000e+00,2.000000000000000000e+00,8.000000000000000167e-02,5.000000000000000000e+00,1.999653680637645259e+00,4.983179730306727118e-01,7.753989518602510955e-02,-3.651607953259365935e-01,-2.033749043323377581e+00,-1.364198196480369552e+00,-1.243360748063822158e-01,1.235227584061199924e+00
1.000000000000000000e+00,2.000000000000000000e+00,8.000000000000000167e-02,6.000000000000000000e+00,1.999694428085942777e+00,4.892341647653897785e-01,-2.230211587383150729e-01,1.998951595936586889e+00,-1.229504814452322403e+00,1.237490371321977589e+00,9.212889927377211352e-01,-8.033497603962944655e-01
1.000000000000000000e+00,2.000000000000000000e+00,8.000000000000000167e-02,7.000000000000000000e+00,1.999674680481623446e+00,4.860590039795957273e-01,5.687025893091517403e-01,4.725422644718189624e-01,-2.475370416270891383e+00,2.214227382421764201e+00,1.786650485272442967e+00,-4.945122278917615244e-01
1.000000000000000000e+00,2.000000000000000000e+00,8.000000000000000167e-02,8.000000000000000000e+00,1.999724131386437564e+00,4.818164558411130449e-01,3.641230849226479438e-01,-4.345986388706034043e-01,4.259566331057539068e-02,-5.018843732513275091e-01,1.110567496493709339e+00,9.749404177582576825e-01
1.000000000000000000e+00,2.000000000000000000e+00,8.000000000000000167e-02,9.000000000000000000e+00,1.999678203349728012e+00,4.863002229320448344e-01,1.131304298309765644e+00,-7.024226822406645088e-01,8.247274168298429631e-01,-9.797730684295945514e-01,-1.673293172032748410e+00,-7.499570392416006204e-01
1.000000000000000000e+00,2.000000000000000000e+00,8.000000000000000167e-02,1.000000000000000000e+01,1.999627648565981186e+00,4.980465867637632327e-01,-2.152391204178794482e+00,-3.200584039260752078e-01,1.802617565305062675e+00,-5.878725233428920838e-01,-3.459022084314523071e-01,1.126171000981451842e+00
1.000000000000000000e+00,2.000000000000000000e+00,8.000000000000000167e-02,1.100000000000000000e+01,1.999657330992814064e+00,4.945503968524054828e-01,-4.379585726465400897e-01,1.146764075723255116e+00,9.668119197441704671e-01,1.683060591099765357e+00,4.617225028842075751e-01,6.946360732482176337e-01
1.000000000000000000e+00,2.000000000000000000e+00,8.000000000000000167e-02,1.200000000000000000e+01,1.999689349248018777e+00,4.916742961911755305e-01,-1.278192322129343417e+00,-6.572124714693077241e-01,1.942533992926016140e+00,-3.191214351201523414e-01,-1.269536900798779122e+00,2.117034810661330368e+00
1.000000000000000000e+00,2.000000000000000000e+00,8.000000000000000167e-02,1.300000000000000000e+01,1.999653898833894772e+00,4.925719364344430806e-01,9.162278083798326422e-01,-5.646954201186646927e-01,1.033910295980802641e+00,-1.024063771691144487e+00,-7.017217990108045589e-01,1.960392451695155136e-01
1.000000000000000000e+00,2.000000000000000000e+00,8.000000000000000167e-02,1.400000000000000000e+01,1.999662506952620822e+00,4.915354951467275080e-01,-1.390681696663052191e+00,-2.889710632196233753e-02,-2.076226554784445621e+00,-6.811661297223736700e-02,1.168889494858145861e+00,2.540642238268317477e-01
1.000000000000000000e+00,2.000000000000000000e+00,8.000000000000000167e-02,1.500000000000000000e+01,1.999727723135255486e+00,4.786097721947727424e-01,-2.650870016870328083e-01,-1.582906636344258156e-01,3.235989568109473025e-01,4.767012274572332009e-01,1.045140238078114958e+00,6.170421328034089159e-01
1.000000000000000000e+00,2.000000000000000000e+00,8.000000000000000167e-02,1.600000000000000000e+01,1.999691517038582056e+00,4.970811330213378287e-01,-7.595406886891714615e-01,4.361793447695520021e-01,-1.623758052280231956e+00,1.213404203918554192e+00,3.443090883733393448e-01,-2.147297295329567923e+00
1.000000000000000000e+00,2.000000000000000000e+00,8.000000000000000167e-02,1.700000000000000000e+01,1.999645192387078163e+00,4.886041368742944369e-01,-1.238156299872538169e+00,-3.709214834188422905e-01,1.595129016354928930e-01,7.318187636101813887e-01,-1.229503710480228884e+00,3.921188665946117591e-01
1.000000000000000000e+00,2.000000000000000000e+00,8.000000000000000167e-02,1.800000000000000000e+01,1.999708456112220256e+00,4.834982605261832767e-01,-5.098169462604607016e-01,-6.194612999780877427e-01,9.728752703159241344e-01,5.550350493122851309e-02,1.155177115902273455e+00,2.555976532567865167e-01
1.000000000000000000e+00,2.000000000000000000e+00,8.000000000000000167e-02,1.900000000000000000e+01,1.999669200984301343e+00,4.995882072859696987e-01,-7.677883356607688725e-01,2.490353434226244209e-02,1.365629190326233644e+00,1.192283196178059446e-01,-3.412472297509134417e-02,-7.999545413261099913e-01
1.000000000000000000e+00,2.000000000000000000e+00,8.000000000000000167e-02,2.000000000000000000e+01,1.999674155316549573e+00,4.989861103141262633e-01,1.054034127786368735e+00,1.713806795870506106e+00,-7.184737234270470729e-01,-2.013994087719671866e-01,-1.128298262828145021e-01,-9.376692333254004197e-01
1.000000000000000000e+00,2.000000000000000000e+00,8.000000000000000167e-02,2.100000000000000000e+01,1.999713102651203389e+00,4.811725589611892673e-01,2.022514100945014548e-01,3.941501550837933632e-01,1.096864201503861214e+00,-8.552732466257408905e-01,1.226157766253687553e+00,9.947645221597490872e-01
1.000000000000000000e+00,2.000000000000000000e+00,8.000000000000000167e-02,2.200000000000000000e+01,1.999705149665120363e+00,4.839444534898790784e-01,-7.663455647570845963e-01,-2.520971020984933419e-01,7.402667514004581673e-01,-8.830438747808665167e-02,1.500494020348028146e+00,1.084942175475093862e+00
1.000000000000000000e+00,2.000000000000000000e+00,8.000000000000000167e-02,2.300000000000000000e+01,1.999702641692318483e+00,4.882775174594510825e-01,4.961911633271640087e-02,5.360253293463099755e-01,1.866509451681387377e+00,-6.571726903495651584e-01,-8.307498471254910477e-01,-1.565670419210616338e+00
1.000000000000000000e+00,2.000000000000000000e+00,8.000000000000000167e-02,2.400000000000000000e+01,1.999596242551912484e+00,4.877995926643297619e-01,-7.200899499956540939e-02,1.235206109453653500e+00,2.991553977490126748e-01,-2.188059947618867795e+00,-8.694938226201465170e-01,-1.795110735796520696e-01
1.000000000000000000e+00,2.000000000000000000e+00,8.000000000000000167e-02,2.500000000000000000e+01,1.999680132591169501e+00,4.863949029715817218e-01,-3.950366981563554480e-01,-9.196211493303789453e-02,3.893419767677918641e-01,3.024116235239396322e-02,-5.548118055797737203e-01,-2.886892869409549145e-01
1.000000000000000000e+00,2.000000000000000000e+00,8.000000000000000167e-02,2.600000000000000000e+01,1.999696616954450779e+00,4.912292317934147112e-01,-3.083318407720293530e-01,8.133732303722079893e-01,-8.023985897902270459e-01,3.630186646815223295e-01,4.368810959181769760e-01,-2.544264238860268756e-01
1.000000000000000000e+00,2.000000000000000000e+00,8.000000000000000167e-02,2.700000000000000000e+01,1.999682768762688800e+00,4.866987937605438130e-01,1.780382464312042778e-01,-1.136736065996306749e-01,7.446479522362278169e-01,-9.137662379119735334e-01,6.693480115840941824e-01,-8.519121753610948700e-01
1.000000000000000000e+00,2.000000000000000000e+00,8.000000000000000167e-02,2.800000000000000000e+01,1.999651381147369289e+00,4.922294432297876776e-01,-1.504401017352918979e+00,2.277849362194817873e-01,4.573267295968059809e-01,-1.919539745369728267e+00,1.185780363342808119e+00,-1.436044768834789931e+00
1.000000000000000000e+00,2.000000000000000000e+00,8.000000000000000167e-02,2.900000000000000000e+01,1.999691803815913937e+00,4.861513241473331415e-01,1.130293174357562824e+00,-8.244426951882245502e-01,-9.291465820499923423e-01,6.538627440387300149e-01,-1.794822355726501950e+00,1.341614360692792163e+00
1.000000000000000000e+00,2.000000000000000000e+00,1.000000000000000056e-01,0.000000000000000000e+00,1.999761491275898306e+00,4.648331657578375631e-01,2.362917888900540053e-01,-5.793597117587906409e-01,-1.261192331344785700e+00,3.764037929374571823e-01,-2.306096886652191813e+00,2.787453189357417260e-01
1.000000000000000000e+00,2.000000000000000000e+00,1.000000000000000056e-01,1.000000000000000000e+00,1.999664715944461602e+00,4.907947958796672339e-01,-5.524505096096725687e-01,-8.266006641865142335e-01,1.937160532939344870e+00,-8.296799993953858365e-01,-7.297388317782509404e-01,-1.321578428080665280e+00
1.000000000000000000e+00,2.000000000000000000e+00,1.000000000000000056e-01,2.000000000000000000e+00,1.999615435494308091e+00,4.961414672204392251e-01,-4.431159880387360306e-01,6.927680827659334906e-01,-3.705624084060877288e-01,4.725494614899337642e-01,-1.500775204534639251e-01,2.236562888551372474e-01
1.000000000000000000e+00,2.000000000000000000e+00,1.000000000000000056e-01,3.000000000000000000e+00,1.999573705743636021e+00,4.942365288932713541e-01,1.631302298367963033e+00,-1.204078752658710894e+00,5.421942233462569982e-01,1.600201574282278161e+00,-6.909569405732746139e-01,-8.463831873777448722e-01
1.000000000000000000e+00,2.000000000000000000e+00,1.000000000000000056e-01,4.000000000000000000e+00,1.999763785800371618e+00,4.606240757548339393e-01,9.265241325301003250e-02,7.276008513179264003e-01,-3.371420762032177332e-01,7.181321858642515377e-01,-1.880991256146395063e+00,-5.200971516263237782e-02
1.000000000000000000e+00,2.000000000000000000e+00,1.000000000000000056e-01,5.000000000000000000e+00,1.999704731335270491e+00,4.813798697797360138e-01,-4.073800349234138474e-01,-8.988003669098115767e-01,-1.105772988894470954e+00,-7.012890902695911866e-01,-1.295927800122176565e+00,-1.535325315110142697e+00
1.000000000000000000e+00,2.000000000000000000e+00,1.000000000000000056e-01,6.000000000000000000e+00,1.999624045352201174e+00,4.999535058512510899e-01,-1.256871519921989089e+00,7.401123686332961027e-01,-1.505389756812939073e+00,1.150539891794829517e+00,5.189336004645411782e-03,-1.869316885504695103e+00
1.000000000000000000e+00,2.000000000000000000e+00,1.000000000000000056e-01,7.000000000000000000e+00,1.999612416095898793e+00,4.982297863465292576e-01,-1.726301900332859685e+00,-2.173694633975207235e+00,-6.049474865075955554e-01,3.002977315589837604e-01,2.360557679660129082e-01,-1.636252789853682721e+00
1.000000000000000000e+00,2.000000000000000000e+00,1.000000000000000056e-01,8.000000000000000000e+00,1.999553764405791245e+00,4.952236309429547401e-01,-3.684303718269421046e-01,-3.829913862011798953e-01,-8.530523238528653351e-01,1.723994954814592973e+00,-2.690993302447927671e-01,1.559994056629993575e-01
1.000000000000000000e+00,2.000000000000000000e+00,1.000000000000000056e-01,9.000000000000000000e+00,1.999655758956091711e+00,4.968171915042045583e-01,2.125930319765481913e-01,7.124404391732152009e-01,-8.044119552191940636e-01,5.140288180204657387e-01,-1.136362277449551872e-01,5.318351934224806454e-01
1.000000000000000000e+00,2.000000000000000000e+00,1.000000000000000056e-01,1.000000000000000000e+01,1.999498618281844164e+00,4.975833373515777813e-01,1.910512943555724708e-01,-8.452463077576315431e-01,-6.539327189009659369e-01,-2.212547067345129737e+00,-1.410835510619921351e-01,-3.457853526954514645e-01
1.000000000000000000e+00,2.000000000000000000e+00,1.000000000000000056e-01,1.100000000000000000e+01,1.999505685491429041e+00,4.968184712706934514e-01,2.652932884614978004e+00,1.024948440236975511e+00,-8.008210043144174950e-01,-1.283625858843207457e+00,4.985802304631058446e-01,-1.434396344955503610e-01
1.000000000000000000e+00,2.000000000000000000e+00,1.000000000000000056e-01,1.200000000000000000e+01,1.999666311551849596e+00,4.946694707629861743e-01,-6.068721234776023321e-01,6.358522634159371467e-01,1.347050205120764010e+00,-2.154282480184609716e-01,3.633481506001686734e-01,1.337832005490796172e+00
1.000000000000000000e+00,2.000000000000000000e+00,1.000000000000000056e-01,1.300000000000000000e+01,1.999577638973346838e+00,4.922697050591348655e-01,1.670889243041319139e+00,1.069385894635594081e+00,9.167579278873354554e-01,-2.227487735293329774e+00,1.022748658855605397e+00,-5.120521172263987619e-01
1.000000000000000000e+00,2.000000000000000000e+00,1.000000000000000056e-01,1.400000000000000000e+01,1.999604948240082392e+00,4.920800715146109172e-01,1.498875635765694270e+00,1.497214451607300933e+00,1.680828214746095117e+00,-1.325900645850435877e+00,9.728879790222144663e-01,9.352149301246701074e-02
1.000000000000000000e+00,2.000000000000000000e+00,1.000000000000000056e-01,1.500000000000000000e+01,1.999627910213629844e+00,4.954506782142474308e-01,8.955265569022053951e-01,1.247264275429923908e+00,1.518190750749485396e+00,-1.226428465460214445e+00,-4.125087778929703020e-01,9.302268616474679286e-01
1.000000000000000000e+00,2.000000000000000000e+00,1.000000000000000056e-01,1.600000000000000000e+01,1.999661840694465065e+00,4.821442028669603586e-01,-1.838768580497903982e-01,-2.208574007645845771e+00,2.697253390066506329e-01,1.662809171551094423e+00,-1.344956960004310531e+00,1.313724274051112584e+00
1.000000000000000000e+00,2.000000000000000000e+00,1.000000000000000056e-01,1.700000000000000000e+01,1.999621112081207075e+00,4.974850534624223330e-01,3.232598892243747080e-01,6.001666593322403376e-01,-8.969877429828851945e-01,8.459419684712907728e-01,-1.093094329942140147e-01,4.531208254528228951e-01
1.000000000000000000e+00,2.000000000000000000e+00,1.000000000000000056e-01,1.800000000000000000e+01,1.999652221229758942e+00,4.989334166867272491e-01,-1.951945410240888135e-01,-6.900894831683875852e-01,-1.712125579003168419e+00,-2.985573067233032174e-01,-4.985364211316235805e-02,3.115887188168713906e-01
1.000000000000000000e+00,2.000000000000000000e+00,1.000000000000000056e-01,1.900000000000000000e+01,1.999562248743256276e+00,4.998233688621877002e-01,1.252398184422263583e+00,-6.681393843125907339e-02,7.451446861534855026e-02,1.084462167149763845e+00,1.544848374203076392e-02,1.122624553451442297e+00
1.000000000000000000e+00,2.000000000000000000e+00,1.000000000000000056e-01,2.000000000000000000e+01,1.999623868310555164e+00,4.882001759599776669e-01,1.218309399778355395e+00,-3.114478260038520685e-01,-1.738955441544933311e+00,1.574728230279454966e+00,1.346417738151177268e+00,-1.177731180523257759e+00
1.000000000000000000e+00,2.000000000000000000e+00,1.000000000000000056e-01,2.100000000000000000e+01,1.999578980132144190e+00,4.929473619868853240e-01,2.295015811440701992e+00,1.104217782490103161e+00,-2.094092051132221410e+00,-6.646951595891333886e-01,-1.136043775004150103e+00,1.078236074612950235e+00
1.000000000000000000e+00,2.000000000000000000e+00,1.000000000000000056e-01,2.200000000000000000e+01,1.999654928302330603e+00,4.779337332919476045e-01,4.999644685700673774e-01,2.708358604215976850e-01,5.872269723028339383e-02,8.215034424337041008e-01,-1.137037252218734418e+00,2.458255854590798983e-01
1.000000000000000000e+00,2.000000000000000000e+00,1.000000000000000056e-01,2.300000000000000000e+01,1.999533594616005994e+00,4.881929471681116794e-01,1.295765244380552739e+00,-6.476345706966572802e-02,-2.264635440293629731e-01,-3.923472439383099419e-01,9.309734482676023104e-01,-1.391027456606910850e-02
1.000000000000000000e+00,2.000000000000000000e+00,1.000000000000000056e-01,2.400000000000000000e+01,1.999703846143527475e+00,4.749977265199457621e-01,-2.188025869018820901e-01,7.623259348649591427e-02,-5.287663851369932555e-01,-1.162779217615741156e-01,-6.906758010481550691e-01,-9.667075472157254934e-02
1.000000000000000000e+00,2.000000000000000000e+00,1.000000000000000056e-01,2.500000000000000000e+01,1.999707095712026872e+00,4.762936767210357858e-01,-3.692363451490933701e-01,-1.283331331974658429e+00,1.388155790601663109e-01,6.802350618932934134e-01,-1.352356760550146975e+00,3.774096094492413456e-01
1.000000000000000000e+00,2.000000000000000000e+00,1.000000000000000056e-01,2.600000000000000000e+01,1.999648222775339157e+00,4.946811382070038787e-01,-2.529850740600903536e-01,-6.192766226763197768e-01,-3.909763235554055139e-01,-9.308900427900642649e-01,2.362457126817163466e-01,1.126839814740017820e+00
1.000000000000000000e+00,2.000000000000000000e+00,1.000000000000000056e-01,2.700000000000000000e+01,1.999608859838870600e+00,4.958475738480349615e-01,8.358597260396387618e-01,-1.173260682416933653e-01,5.471094281377268942e-01,-7.301872238202328225e-01,-2.808253971791613290e-01,1.157836095282663402e+00
1.000000000000000000e+00,2.000000000000000000e+00,1.000000000000000056e-01,2.800000000000000000e+01,1.999551196142323573e+00,4.868440318859229565e-01,-2.096059024874231902e+00,2.755379365554851134e-02,1.063077613778566910e-01,-5.895971130943707950e-01,-1.735299450062203430e+00,4.644425579031226659e-01
1.000000000000000000e+00,2.000000000000000000e+00,1.000000000000000056e-01,2.900000000000000000e+01,1.999685793743054329e+00,4.804019574553639038e-01,6.021566679225225371e-01,3.698860369002349713e-01,-2.242344764906377907e+00,-4.640655056004423518e-01,1.685736909193312982e+00,-6.423679482646094119e-01
1.000000000000000000e+00,2.000000000000000000e+00,1.199999999999999956e-01,0.000000000000000000e+00,1.999524868910540709e+00,4.814231069413231201e-01,-1.423774625362779878e+00,-9.368789300811833365e-02,2.300672967738807695e-01,1.537974968228226214e+00,-1.707354990540620898e+00,1.696515749351847346e-01
1.000000000000000000e+00,2.000000000000000000e+00,1.199999999999999956e-01,1.000000000000000000e+00,1.999572659200303137e+00,4.991238627322207577e-01,4.231649431081153656e-01,-4.378107775596636331e-01,7.923289225386036527e-01,-1.189926122740590397e+00,4.177902247335914948e-02,1.189135797918090764e+00
1.000000000000000000e+00,2.000000000000000000e+00,1.199999999999999956e-01,2.000000000000000000e+00,1.999486750376680222e+00,4.956900277748538253e-01,1.321851706684823657e+00,1.307447596796066591e+00,2.055942965116969168e-01,1.243355609566710651e+00,3.453549615135893536e-01,1.944147866885691522e-01
1.000000000000000000e+00,2.000000000000000000e+00,1.199999999999999956e-01,3.000000000000000000e+00,1.999578806193595071e+00,4.812079121967945960e-01,9.321057705572450836e-01,-5.950391117547079167e-01,2.487033327535437821e-01,4.486072806600246987e-01,-1.180940390038461851e+00,-9.061181035679188867e-01
1.000000000000000000e+00,2.000000000000000000e+00,1.199999999999999956e-01,4.000000000000000000e+00,1.999662151000341392e+00,4.817829726473574214e-01,5.743472014363657507e-01,-1.822342596462755759e+00,8.351721636768120183e-01,5.171937682626194244e-01,-1.146028987991686954e+00,7.985043880753224244e-01
1.000000000000000000e+00,2.000000000000000000e+00,1.199999999999999956e-01,5.000000000000000000e+00,1.999561394726352859e+00,4.996312394602034912e-01,-8.233597140118100732e-01,5.437151384558305267e-01,1.325036583186768757e+00,1.424170103079229310e+00,-2.625795594028728155e-02,1.344655014367838852e+00
1.000000000000000000e+00,2.000000000000000000e+00,1.199999999999999956e-01,6.000000000000000000e+00,1.999458932825271207e+00,4.999528361671911614e-01,1.386443918661934616e+00,-1.159002141443762623e-01,-9.673827398623017215e-01,-1.006412089105368723e+00,-3.696879429623031298e-03,-7.655852659039898978e-01
1.000000000000000000e+00,2.000000000000000000e+00,1.199999999999999956e-01,7.000000000000000000e+00,1.999645568217341074e+00,4.818174932333298965e-01,3.328830108316550573e-01,-9.098906574289489235e-01,-1.967875460314208791e+00,-5.523522882089279551e-02,-9.433771259418094468e-01,1.322553958681888832e-02
1.000000000000000000e+00,2.000000000000000000e+00,1.199999999999999956e-01,8.000000000000000000e+00,1.999523857628400236e+00,4.823200277468335240e-01,-1.144295757119918822e+00,-1.808299987919894103e-01,-1.439513413322801583e-01,-1.506268740631907521e+00,-1.364003326096673296e+00,-2.483156726556958738e-01
1.000000000000000000e+00,2.000000000000000000e+00,1.199999999999999956e-01,9.000000000000000000e+00,1.999521002658243285e+00,4.981516395674359665e-01,-1.002361776342187705e+00,-7.078689470315959742e-01,-1.357238953449064534e+00,-1.252257875673528531e+00,-1.314785760618767951e-01,-4.190033879565386310e-01
1.000000000000000000e+00,2.000000000000000000e+00,1.199999999999999956e-01,1.000000000000000000e+01,1.999475070643010000e+00,4.986296125087992803e-01,1.920665203656995557e+00,-9.394220789936371663e-01,-1.307188433158167351e-01,-1.247853287109913084e-01,1.439130535899988961e-01,1.758573004666883932e+00
1.000000000000000000e+00,2.000000000000000000e+00,1.199999999999999956e-01,1.100000000000000000e+01,1.999303731179433941e+00,4.987464629928576310e-01,-1.898472278714876227e+00,4.360151619888512076e-01,4.355169590585180467e-02,-2.802201896390852931e-01,1.047083329965494414e-01,-5.503267988844410263e-01
1.000000000000000000e+00,2.000000000000000000e+00,1.199999999999999956e-01,1.200000000000000000e+01,1.999509374599007572e+00,4.920504562141974625e-01,-5.277394976687710404e-01,4.795282568601470508e-01,4.889388985752881611e-01,-1.051658632113665615e+00,3.290659596508963558e-01,-1.215612730842866307e-01
1.000000000000000000e+00,2.000000000000000000e+00,1.199999999999999956e-01,1.300000000000000000e+01,1.999552539588405731e+00,4.969121724017145914e-01,1.157923122888848910e+00,-3.126137983084354421e-01,-8.858470004815078847e-01,1.652264512137434013e-02,2.316293283556578597e-01,1.642745099926449015e+00
1.000000000000000000e+00,2.000000000000000000e+00,1.199999999999999956e-01,1.400000000000000000e+01,1.999537762009083064e+00,4.953723910828033428e-01,-4.551626224661117215e-01,1.114444256465452421e+00,6.006376609986485704e-01,-1.324401169820679902e+00,-2.211189455700124373e-01,-1.717167744823703823e-01
1.000000000000000000e+00,2.000000000000000000e+00,1.199999999999999956e-01,1.500000000000000000e+01,1.999484587249751755e+00,4.960172879629915488e-01,-1.345947913020857589e+00,-4.993596848253569198e-01,1.041129642620835932e-01,-4.109864814538011779e-01,2.998862428671831837e-01,1.323021766063382509e+00
1.000000000000000000e+00,2.000000000000000000e+00,1.199999999999999956e-01,1.600000000000000000e+01,1.999611382257125980e+00,4.820215623306926545e-01,-7.543731840387227772e-01,-1.456782988111739174e-01,9.142082682701934138e-01,-3.647421803782446292e-01,-1.046615678817513606e+00,1.070221553968672135e+00
1.000000000000000000e+00,2.000000000000000000e+00,1.199999999999999956e-01,1.700000000000000000e+01,1.999594233214680106e+00,4.995203924939030649e-01,6.881163823437545790e-02,-2.790230867583892022e-02,-2.152931746609544894e-01,-6.206290368867334317e-01,1.004788948895334218e-02,8.782559816177025747e-01
1.000000000000000000e+00,2.000000000000000000e+00,1.199999999999999956e-01,1.800000000000000000e+01,1.999627243970206969e+00,4.972434809796427713e-01,-4.863870614219263366e-01,1.927085287675971648e+00,-4.503988872505150232e-01,-6.884543208083371280e-01,1.460374444249902537e-01,1.194122735545510849e-01
1.000000000000000000e+00,2.000000000000000000e+00,1.199999999999999956e-01,1.900000000000000000e+01,1.999319054825878128e+00,4.956559214516820799e-01,3.121458105575957376e+00,6.881100965671160807e-01,-5.535047118775134889e-01,-1.813235320998785316e-01,-6.049545908026651153e-01,-8.376458758738625221e-01
1.000000000000000000e+00,2.000000000000000000e+00,1.199999999999999956e-01,2.000000000000000000e+01,1.999606480240839090e+00,4.710828311979237126e-01,1.712299753147256964e-01,-5.200732755236590066e-01,-4.676749249348212678e-01,9.561269470761500910e-01,9.410486754990939895e-01,-3.969791060709197961e-01
1.000000000000000000e+00,2.000000000000000000e+00,1.199999999999999956e-01,2.100000000000000000e+01,1.999672658189477703e+00,4.907606115269547153e-01,-2.560235209834394454e-01,-1.081725126934873327e+00,-2.544476028892356245e-01,8.082491506592360819e-01,-4.369187284261227266e-01,1.746753482164044247e+00
1.000000000000000000e+00,2.000000000000000000e+00,1.199999999999999956e-01,2.200000000000000000e+01,1.999572205966983374e+00,4.975202847006853224e-01,9.157420225112139489e-01,-2.037139328574044672e+00,1.160665331769870967e+00,1.632300106119912275e+00,-2.062614611219327765e-01,-7.207883611042689154e-01
1.000000000000000000e+00,2.000000000000000000e+00,1.199999999999999956e-01,2.300000000000000000e+01,1.999420522185677118e+00,4.931391422037328387e-01,8.658527359750733954e-02,2.994776656889615030e-01,-1.486474330447942471e-01,1.420120051638897651e+00,2.194113024403834544e-01,8.811749182883207299e-01
1.000000000000000000e+00,2.000000000000000000e+00,1.199999999999999956e-01,2.400000000000000000e+01,1.999624704619583637e+00,4.970023830076205074e-01,-8.226375404321344398e-01,1.060698686904491872e+00,1.153512856735909198e+00,-5.428367950470903702e-01,2.177917669485461838e-01,1.885834667927041464e+00
1.000000000000000000e+00,2.000000000000000000e+00,1.199999999999999956e-01,2.500000000000000000e+01,1.999532508054447488e+00,4.826761108274222334e-01,1.762918573596247429e-01,-3.606452764993892668e-01,-9.169168144165702472e-01,-1.404442756289417060e+00,7.137127656702619838e-01,-9.098644289667067175e-01
1.000000000000000000e+00,2.000000000000000000e+00,1.199999999999999956e-01,2.600000000000000000e+01,1.999633886615177714e+00,4.836937803016415627e-01,6.457209185974132071e-01,-1.347531759449014377e-01,9.361791105649354128e-01,-1.370361367443111711e-01,-8.874639932467549563e-01,1.259673533887942565e+00
1.000000000000000000e+00,2.000000000000000000e+00,1.199999999999999956e-01,2.700000000000000000e+01,1.999534760581222592e+00,4.962836864343895815e-01,-2.713589413062481581e-01,1.258786259274677022e+00,-6.169589698284165813e-01,1.313670920785878105e+00,1.570916836925823068e-01,1.602935827416046288e-01
1.000000000000000000e+00,2.000000000000000000e+00,1.199999999999999956e-01,2.800000000000000000e+01,1.999600194552074717e+00,4.863186776945241929e-01,-1.315502889986515100e+00,-2.079822827122840057e+00,-1.198004125543503218e+00,2.043052448840931568e-01,1.346007721608454277e+00,-1.099974170315606514e+00
1.000000000000000000e+00,2.000000000000000000e+00,1.199999999999999956e-01,2.900000000000000000e+01,1.999553673199599979e+00,4.988632302735649948e-01,6.801699172321635789e-01,5.198353299504139269e-01,-1.178649402384897682e+00,7.192007744273146708e-01,-5.890192642093416975e-02,-5.817951079521728186e-01
1.000000000000000000e+00,2.000000000000000000e+00,1.400000000000000133e-01,0.000000000000000000e+00,1.999553899662112944e+00,4.920826935278344028e-01,4.059906698261210312e-01,-2.636173170439068403e-01,7.025715503453510147e-01,-5.587607688771597525e-01,-2.560238366209630079e-01,9.442870617273779743e-01
1.000000000000000000e+00,2.000000000000000000e+00,1.400000000000000133e-01,1.000000000000000000e+00,1.999561052259184235e+00,4.973293947828821837e-01,-3.233956576190874510e-01,9.725501659120165954e-01,5.931813229097236961e-01,4.711174726472941998e-01,7.644017523271177950e-02,3.671494890749760764e-01
1.000000000000000000e+00,2.000000000000000000e+00,1.400000000000000133e-01,2.000000000000000000e+00,1.999411433724262555e+00,4.975965835807774074e-01,5.894237843276661781e-01,2.987226847921055084e-01,3.842747889841226505e-01,1.307034745243319751e+00,9.857051435031667641e-02,6.713139040977371685e-01
1.000000000000000000e+00,2.000000000000000000e+00,1.400000000000000133e-01,3.000000000000000000e+00,1.999384421094583475e+00,4.970211711077718864e-01,-4.300820284168079821e-01,-2.815372292490167516e-01,1.464141434694782862e-01,-9.524528864431233144e-01,8.554608310763503476e-02,-2.898116510358906828e-01
1.000000000000000000e+00,2.000000000000000000e+00,1.400000000000000133e-01,4.000000000000000000e+00,1.999455376698716424e+00,4.898513274228238346e-01,-5.400097551804448059e-01,-3.438780721966017140e-01,7.991421047219270379e-01,6.637542929315477513e-01,3.443396996302711122e-01,-2.163492527898770168e-01
1.000000000000000000e+00,2.000000000000000000e+00,1.400000000000000133e-01,5.000000000000000000e+00,1.999513589206259656e+00,4.779646083402097623e-01,-1.134423023813976528e+00,4.870829144423793888e-01,-1.605577068397560980e+00,-1.598859335799356574e+00,-1.735763346017563435e+00,6.485466768254982695e-01
1.000000000000000000e+00,2.000000000000000000e+00,1.400000000000000133e-01,6.000000000000000000e+00,1.999525237367780983e+00,4.803826300938122684e-01,-1.028972733346322999e+00,1.261562958206446927e+00,9.173810851237937936e-01,3.583526452691645492e-01,-1.231757835321790173e+00,-5.773858814313632681e-01
1.000000000000000000e+00,2.000000000000000000e+00,1.400000000000000133e-01,7.000000000000000000e+00,1.999470914274768196e+00,4.993624074457362338e-01,-9.700580458713903287e-01,7.264762567892268930e-01,-1.682719666927862567e+00,1.648798016525317545e+00,-4.439331148868009419e-02,1.110523389511649972e+00
1.000000000000000000e+00,2.000000000000000000e+00,1.400000000000000133e-01,8.000000000000000000e+00,1.999527929053170894e+00,4.845069888907727051e-01,-1.213420290318216965e+00,1.849302724500417661e+00,8.234333511085791812e-01,-1.259600198028171913e+00,1.259681912020288674e+00,-1.290911800198361492e+00
1.000000000000000000e+00,2.000000000000000000e+00,1.400000000000000133e-01,9.000000000000000000e+00,1.999554700769569537e+00,4.794356343108676088e-01,-1.267919258829351969e+00,-1.209250599845625773e+00,2.345996151119132289e+00,-2.117410873392754633e-01,-1.792113503284875620e+00,-6.574035135409866948e-01
1.000000000000000000e+00,2.000000000000000000e+00,1.400000000000000133e-01,1.000000000000000000e+01,1.999424874737713465e+00,4.906823208437359196e-01,-1.112102275752255842e-01,-1.405982021102982760e+00,4.424337639284411372e-01,2.811395523241679850e+00,5.966021693627785449e-01,2.726172386975069806e+00
1.000000000000000000e+00,2.000000000000000000e+00,1.400000000000000133e-01,1.100000000000000000e+01,1.999415641678595756e+00,4.773841854994400058e-01,2.381088369435590213e+00,-1.807678858669815314e-01,2.401164540661137881e-01,-2.594083724234311217e-01,-2.621596521936171875e+00,-8.086490288500469692e-01
1.000000000000000000e+00,2.000000000000000000e+00,1.400000000000000133e-01,1.200000000000000000e+01,1.999466490201153857e+00,4.833503501320807194e-01,-1.106643708423196149e+00,1.287777380715191100e+00,-6.181797334436035796e-02,1.530409292611726535e+00,1.148983943546270536e+00,5.060401893187707056e-01
1.000000000000000000e+00,2.000000000000000000e+00,1.400000000000000133e-01,1.300000000000000000e+01,1.999497265677437907e+00,4.929027521029287762e-01,-9.576055129573414204e-01,9.063905349868105477e-01,-1.456426768984992348e+00,-1.210204513600258602e+00,4.658694252982104600e-01,1.186898770388073343e+00
1.000000000000000000e+00,2.000000000000000000e+00,1.400000000000000133e-01,1.400000000000000000e+01,1.999453511368921799e+00,4.978790360540154003e-01,-1.094362820855234508e+00,-8.812311499616948263e-01,-1.129046288311446045e+00,-1.323837160899036247e-01,-1.270924163562521803e-01,9.936212727869347949e-01
1.000000000000000000e+00,2.000000000000000000e+00,1.400000000000000133e-01,1.500000000000000000e+01,1.999606518715103087e+00,4.671104146408584512e-01,3.637832745916037558e-01,6.178927773398621426e-01,-4.262214491647702275e-01,8.631726681863752804e-01,-1.182334576906471924e+00,-4.233140730889607406e-01
1.000000000000000000e+00,2.000000000000000000e+00,1.400000000000000133e-01,1.600000000000000000e+01,1.999596450375185075e+00,4.910188575463322325e-01,-5.708563298047684142e-01,3.352267996138745265e-01,-5.835802935721824680e-02,1.612005873629008060e-02,-3.649963300631632879e-01,-1.484757845460688452e+00
1.000000000000000000e+00,2.000000000000000000e+00,1.400000000000000133e-01,1.700000000000000000e+01,1.999571011279100086e+00,4.880595935906036908e-01,6.101770639775239147e-01,-1.224350909154507505e+00,-2.002362827466135364e+00,-2.131451966834146949e-01,6.504372047899236176e-01,-2.166351264113361708e-01
1.000000000000000000e+00,2.000000000000000000e+00,1.400000000000000133e-01,1.800000000000000000e+01,1.999271874221842715e+00,4.941483919000078662e-01,1.215387985089005918e+00,-6.142844434324988834e-01,-2.686000274462933546e-01,-5.551011922530002529e-01,3.089657712014503566e-01,-3.308051428772774694e-01
1.000000000000000000e+00,2.000000000000000000e+00,1.400000000000000133e-01,1.900000000000000000e+01,1.999398936536173066e+00,4.882496686147928533e-01,1.137758879425286640e+00,-7.821805362692914043e-01,-5.924592755694929602e-01,-2.158671886802870921e-01,-6.578884811317411430e-01,6.776853717684527822e-01
1.000000000000000000e+00,2.000000000000000000e+00,1.400000000000000133e-01,2.000000000000000000e+01,1.999283787673349799e+00,4.947769845305797776e-01,1.514044534486205462e+00,2.697665639691785855e-01,5.018764941794203738e-01,-7.492094252076991756e-01,-3.487856172013455991e-01,8.031196950763873632e-01
1.000000000000000000e+00,2.000000000000000000e+00,1.400000000000000133e-01,2.100000000000000000e+01,1.999588450512079341e+00,4.851952102062190852e-01,6.022981822302785060e-02,-2.499510684377187264e+00,-1.429633290150544633e+00,8.744588036811868914e-01,7.000131174388484201e-01,-7.886381633053287654e-01
1.000000000000000000e+00,2.000000000000000000e+00,1.400000000000000133e-01,2.200000000000000000e+01,1.999573727369826415e+00,4.868547722004676337e-01,-2.971270050620972158e-01,4.996295660408623385e-01,-4.030811626766738764e-01,-2.110946905181595445e-01,-2.914675060439314014e-01,-5.015308626532271052e-01
1.000000000000000000e+00,2.000000000000000000e+00,1.400000000000000133e-01,2.300000000000000000e+01,1.999137740321331291e+00,4.920750492411462007e-01,-2.030182490375274096e+00,-1.805183994720110097e-01,1.322690675639442981e-01,3.388827389080167896e-01,6.171490911233771248e-01,-5.217685755814628346e-01
1.000000000000000000e+00,2.000000000000000000e+00,1.400000000000000133e-01,2.400000000000000000e+01,1.999651917898347842e+00,4.753768368600966299e-01,4.414757122924646282e-01,-9.814013877259631924e-01,5.215328580752144338e-01,1.400506644364010178e-01,-9.655105608313863108e-01,9.553040318463573710e-01
1.000000000000000000e+00,2.000000000000000000e+00,1.400000000000000133e-01,2.500000000000000000e+01,1.999562525568999272e+00,4.857139281979458989e-01,-6.431658758751650495e-01,1.441566639099801650e+00,1.495688191857375893e+00,9.426572801786886613e-01,8.082606996453537418e-01,7.375986140303176786e-01
1.000000000000000000e+00,2.000000000000000000e+00,1.400000000000000133e-01,2.600000000000000000e+01,1.999651959229207243e+00,4.772944989424109941e-01,-8.513749078573074058e-02,-1.597944966949532475e+00,-1.002587505416820512e+00,-4.999666993075920635e-02,7.226848406045618400e-01,3.179166639018023433e-01
1.000000000000000000e+00,2.000000000000000000e+00,1.400000000000000133e-01,2.700000000000000000e+01,1.999634133703009464e+00,4.929190564820476461e-01,-2.168778944177011947e-01,-1.269129787351880534e+00,9.439694821041348938e-01,1.107648197494295883e-01,-2.262328571666939736e-01,7.301104072459460026e-01
1.000000000000000000e+00,2.000000000000000000e+00,1.400000000000000133e-01,2.800000000000000000e+01,1.999597889531887329e+00,4.775787769464442389e-01,3.033039035855560339e-01,1.996253299588438113e+00,-1.383907829559629932e-01,1.208565100160984729e+00,-1.071656775104450121e+00,7.487256885499772308e-01
1.000000000000000000e+00,2.000000000000000000e+00,1.400000000000000133e-01,2.900000000000000000e+01,1.999590122279913063e+00,4.818112997687342691e-01,3.284230215620452253e-01,-3.968243772428481919e-01,3.995967239938826299e-01,-3.488956025795701410e-01,-4.701942606231125921e-01,-7.043245270951548065e-01
